audio,container,tag,trim,encoder,delay,padding,sample_rate
1000065/audio.mp3,mpeg,lame,1105,LAME3.99r,576,576,44100
1000359/audio.mp3,mpeg,lame,1105,Lavc57.33,576,0,44100
1000722/audio.mp3,mpeg,lame,1105,LAME3.99r,576,768,44100
1001172/audio.mp3,mpeg,lame,1105,LAME3.99r,576,576,44100
1001794/audio.mp3,mpeg,lame,1105,LAME3.99r,576,576,44100
1002446/audio.mp3,mpeg,lame,1105,LAME3.100,576,1692,44100
1002819/audio.mp3,mpeg,none,0,,0,0,48000
1003093/om.mp3,mpeg,lame,1105,LAME3.99r,576,1632,48000
1003217/nekodex - circles! (FAMoss) [audio!].mp3,mpeg,lame,1105,LAME3.99r,576,886,44100
1004416/audio.mp3,mpeg,lame,1105,LAME3.99r,576,1441,44100
100501/Fantastic future.mp3,mpeg,lame,1105,LAME3.99r,576,576,44100
1007938/audio.mp3,mpeg,none,0,,0,0,44100
1008060/A M D.mp3,mpeg,lame,1105,Lavc57.89,576,1681,44100
1008095/Knight Rider.mp3,mpeg,lame,1105,LAME3.99r,576,1358,44100
1008419/audio.mp3,mpeg,lame,1105,Lavc57.33,576,0,48000
1010164/audio.mp3,mpeg,lame,1105,Lavc57.33,576,0,48000
1010916/audio.mp3,mpeg,lame,1105,LAME3.99r,576,1504,44100
1011424/audio.mp3,mpeg,lame,1105,LAME3.99r,576,576,44100
1012337/19ZZ - Frums.mp3,mpeg,lame,1105,LAME3.99r,576,1601,44100
1012608/audio.mp3,mpeg,lame,1105,LAME3.100,576,1421,44100
1012634/audio.mp3,mpeg,none,0,,0,0,44100
1012649/audio.mp3,mpeg,lame,1105,Lavc57.24,576,0,44100
1013400/audio.mp3,mpeg,none,0,,0,0,44100
1014130/audio.mp3,mpeg,lame,1105,LAME3.100,576,1203,48000
1014141/audio.mp3,mpeg,none,0,,0,0,44100
1014868/audio.mp3,mpeg,lame,1105,LAME3.99r,576,708,44100
1015169/audio.mp3,mpeg,lame,1105,LAME3.99r,576,576,44100
1015663/audio.mp3,mpeg,lame,1105,LAME3.99r,576,576,44100
1017088/audio.mp3,mpeg,lame,1105,LAME3.99r,576,1164,44100
1017310/audio.ogg,ogg,,,,,,
1017769/audio.mp3,mpeg,lame,1105,Lavc58.34,576,832,44100
1018454/audio.mp3,mpeg,lame,1105,Lavc57.33,576,0,44100
1019836/audio.mp3,mpeg,lame,1105,LAME3.100,576,576,44100
1020196/audio.mp3,mpeg,lame,1105,Lavc57.33,576,0,44100
1020319/audio.mp3,mpeg,lame,1105,LAME3.99r,576,1516,44100
1020444/audio.mp3,mpeg,lame,1105,LAME3.99r,576,993,44100
1022130/audio.mp3,mpeg,lame,1105,LAME3.100,576,576,44100
1022162/audio.ogg,ogg,,,,,,
1023425/7-01 Pictured as Perfect and Plus.mp3,mpeg,lame,1105,LAME3.100,576,880,44100
1023688/audio.mp3,mpeg,none,0,,0,0,44100
1024053/audio.mp3,mpeg,lame,1105,LAME3.99r,576,576,44100
1024827/22.BRAVE+JEWEL(short+ver.).mp3,mpeg,lame,1105,LAME3.99r,576,576,44100
102519/unfinished.mp3,mpeg,lame,1105,SIT4.50.0,576,1980,44100
1025679/audio.mp3,mpeg,none,0,,0,0,44100
1026168/audio.mp3,mpeg,lame,1105,LAME3.100,576,576,44100
1026319/audio.mp3,mpeg,lame,1105,Lavc57.33,576,0,44100
1026602/audio.mp3,mpeg,lame,1105,LAME3.99r,576,1245,44100
1026824/audio.mp3,mpeg,lame,1105,LAME3.100,576,576,44100
1027900/audio.mp3,mpeg,lame,1105,LAME3.99r,576,1208,44100
1028708/audio.mp3,mpeg,none,0,,0,0,44100
1029946/audio.mp3,mpeg,lame,1105,Lavc58.48,576,832,44100
1030201/audio.mp3,mpeg,lame,1105,LAME3.99r,576,576,44100
1031862/audio.mp3,mpeg,lame,1105,LAME3.99r,576,1340,44100
1031877/newaudio.mp3,mpeg,lame,1105,LAME3.99r,576,1212,44100
1032911/audio.mp3,mpeg,lame,1105,LAME3.99r,576,1644,44100
1033403/audio.mp3,mpeg,lame,1105,Lavf56.4.,576,0,44100
1033765/audio.mp3,mpeg,lame,1105,Lavc57.33,576,0,44100
1034114/audio.mp3,mpeg,lame,1105,LAME3.98r,576,1728,44100
1034542/audio.mp3,mpeg,lame,1105,LAME3.100,576,1080,44100
1034608/audio.mp3,mpeg,lame,1105,LAME3.100,576,1018,44100
103550/short22.mp3,mpeg,none,0,,0,0,44100
1036157/audio.mp3,mpeg,lame,1105,LAME3.99r,576,1485,44100
1036613/audio.mp3,mpeg,lame,1105,LAME3.99r,576,1600,48000
1037578/audio.mp3,mpeg,lame,1105,Lavc56.38,576,0,44100
1037725/audio.mp3,mpeg,lame,1105,Lavc57.33,576,0,44100
1039475/audio.mp3,mpeg,lame,1105,LAME3.99r,576,1458,44100
1041146/audio.mp3,mpeg,lame,1105,Lavc57.33,576,0,44100
1041437/audio.mp3,mpeg,lame,1105,LAME3.99r,576,1461,48000
1042161/audio.mp3,mpeg,lame,1105,Lavf55.19,576,0,44100
1042862/Bianca's Theme1.mp3,mpeg,lame,1105,LAME3.100,576,873,44100
1043170/audio.mp3,mpeg,lame,1105,Lavc56.26,576,0,44100
1044193/audio.mp3,mpeg,lame,1105,LAME3.99r,576,576,44100
1044591/audio.mp3,mpeg,lame,1105,LAME3.99r,576,576,44100
1044881/cYsmix - Classic Pursuit.mp3,mpeg,lame,1105,Lavc58.18,576,576,44100
1045793/LEVATEiN.mp3,mpeg,lame,1105,LAME3.100,576,1551,44100
1046589/01 We Appreciate Power.ogg,ogg,,,,,,
1046607/audio.ogg,ogg,,,,,,
1048385/audio.mp3,mpeg,lame,1105,LAME3.99r,576,576,44100
1050651/audio.mp3,mpeg,lame,1105,LAME3.99r,576,576,48000
105186/Baauer - Harlem Shake.mp3,mpeg,lame,1105,LAME3.99r,576,678,44100
1054019/audio.mp3,mpeg,lame,1105,LAME3.99r,576,1500,44100
1055375/audio.mp3,mpeg,lame,1105,Lavc57.33,576,0,44100
1055424/audio.mp3,mpeg,lame,1105,Lavc57.33,576,0,44100
1055661/audio.mp3,mpeg,lame,1105,Lavc57.64,576,832,44100
1057773/audio.mp3,mpeg,none,0,,0,0,44100
1058797/audio.mp3,mpeg,lame,1105,LAME3.99r,576,869,48000
1058971/audio.mp3,mpeg,lame,1105,LAME3.100,576,576,44100
1061097/choyoya op.mp3,mpeg,lame,1105,LAME3.100,576,576,44100
1061110/audio.mp3,mpeg,lame,1105,Lavc56.38,576,0,44100
1061174/audio.ogg,ogg,,,,,,
1063740/audio.mp3,mpeg,lame,1105,Lavc57.33,576,0,44100
1063841/audio.mp3,mpeg,none,0,,0,0,44100
1064967/audio.mp3,mpeg,lame,1105,LAME3.100,576,1584,44100
1064993/audio.mp3,mpeg,lame,1105,LAME3.100,576,1149,44100
1065389/audio.mp3,mpeg,lame,1105,LAME3.99r,576,576,44100
1066161/audio.mp3,mpeg,lame,1105,LAME3.100,576,576,44100
1066763/audio.mp3,mpeg,lame,1105,LAME3.99r,576,576,48000
1067037/audio.mp3,mpeg,none,0,,0,0,44100
1067184/audio.mp3,mpeg,lame,1105,Lavc57.64,576,1681,44100
106740/Sayonara Trip.mp3,mpeg,none,0,,0,0,44100
1067499/audio.mp3,mpeg,lame,1105,Lavc57.33,576,0,44100
1068198/DJ Mashiro.mp3,mpeg,lame,1105,LAME3.100,576,1559,44100
1068754/track02.mp3,mpeg,lame,1105,Lavc58.18,576,792,44100
1069336/audio.mp3,mpeg,none,0,,0,0,44100
1069426/audio.mp3,mpeg,lame,1105,Lavc57.33,576,0,48000
107009/BW2BGM.mp3,mpeg,none,0,,0,0,44100
1070997/yoake no bell ga naru.mp3,mpeg,lame,1105,LAME3.100,576,1593,44100
1071024/audio.mp3,mpeg,none,0,,0,0,44100
1071184/Filament.mp3,mpeg,lame,1105,Lavc57.10,576,576,44100
1072415/audio.mp3,mpeg,none,0,,0,0,44100
1072682/audio.mp3,mpeg,lame,1105,LAME3.100,576,576,44100
1072946/audio.mp3,mpeg,lame,1105,LAME3.100,576,576,44100
1075509/audio.mp3,mpeg,lame,1105,LAME3.99r,576,1008,48000
1075954/audio.mp3,mpeg,none,0,,0,0,44100
1076218/rinne.mp3,mpeg,lame,1105,LAME3.99r,576,576,44100
107796/Gosick_-_Destine_Histoire_TV_Size.mp3,mpeg,none,0,,0,0,44100
1078388/audio.mp3,mpeg,lame,1105,Lavc58.54,576,1024,44100
1079652/audio.mp3,mpeg,lame,1105,LAME3.100,576,948,44100
1079712/audio.mp3,mpeg,lame,1105,Lavc57.33,576,0,44100
1080799/audio.mp3,mpeg,lame,1105,LAME3.99r,576,576,44100
1080804/audio.mp3,mpeg,lame,1105,Lavc58.18,576,576,48000
1081573/audio.mp3,mpeg,lame,1105,LAME3.99r,576,576,44100
1081840/audio.mp3,mpeg,lame,1105,Lavc58.18,576,576,44100
1082090/audio.mp3,mpeg,lame,1105,LAME3.99r,576,1629,44100
1083536/audio.mp3,mpeg,lame,1105,Lavc58.54,576,576,44100
1084075/audio.mp3,mpeg,lame,1105,LAME3.99r,576,948,44100
108577/Untitled.mp3,mpeg,none,0,,0,0,44100
1086164/audio.mp3,mpeg,lame,1105,Lavc57.33,576,0,44100
1086533/audio.mp3,mpeg,none,0,,0,0,44100
1086666/audio.mp3,mpeg,lame,1105,LAME3.99r,576,1068,44100
1087685/Cirno no Perfect Sansuu Kyoushitsu sawawa Shissou Remix.mp3,mpeg,lame,1105,Lavc58.18,576,1422,44100
1088021/audio.mp3,mpeg,lame,1105,Lavc58.18,576,960,48000
1088347/audio.mp3,mpeg,lame,1105,LAME3.100,576,828,44100
1088609/audio.mp3,mpeg,lame,1105,LAME3.99r,576,1467,44100
1088658/audio.ogg,ogg,,,,,,
1088978/audio.mp3,mpeg,none,0,,0,0,44100
1089835/The Future of Warefare.mp3,mpeg,lame,1105,LAME3.99r,576,576,44100
1092567/audio.mp3,mpeg,none,0,,0,0,44100
1092856/audio.mp3,mpeg,lame,1105,Lavc57.33,576,0,44100
1092919/audio.mp3,mpeg,lame,1105,Lavc57.33,576,0,44100
1094309/audio.mp3,mpeg,lame,1105,LAME3.100,576,1677,44100
109438/Kamui.mp3,mpeg,lame,1105,LAME3.98r,576,1728,44100
1095283/audio.mp3,mpeg,none,0,,0,0,48000
1095471/audio.mp3,mpeg,lame,1105,Lavc57.33,576,0,44100
1095523/audio.mp3,mpeg,lame,1105,LAME3.99r,576,1105,44100
1096683/audio.mp3,mpeg,lame,1105,Lavc57.33,576,0,44100
1098415/audio.mp3,mpeg,lame,1105,LAME3.99r,576,576,44100
1098578/audio.mp3,mpeg,lame,1105,Lavc57.33,576,0,44100
1098586/audio.mp3,mpeg,lame,1105,Lavc58.36,576,1440,44100
1098803/audio.mp3,mpeg,lame,1105,Lavc58.54,576,1664,44100
1099440/audio.mp3,mpeg,lame,1105,LAME3.100,576,1304,44100
1099840/audio.mp3,mpeg,lame,1105,Lavc57.48,576,0,44100
1100732/audio.mp3,mpeg,lame,1105,LAME3.99r,576,576,44100
1100913/audio.mp3,mpeg,lame,1105,LAME3.100,576,651,44100
1101509/audio.mp3,mpeg,lame,1105,LAME3.99r,576,1536,48000
1101599/audio.mp3,mpeg,lame,1105,LAME3.100,576,1534,44100
1102973/audio.mp3,mpeg,lame,1105,Lavc57.33,576,0,44100
1103239/audio.mp3,mpeg,none,0,,0,0,48000
1103372/audio.mp3,mpeg,lame,1105,LAME3.99r,576,576,44100
1103524/audio.mp3,mpeg,lame,1105,Lavc58.91,576,576,44100
1103580/audio.mp3,mpeg,lame,1105,Lavc56.26,576,0,44100
1103802/audio.mp3,mpeg,lame,1105,Lavc56.38,576,0,44100
1103826/audio.mp3,mpeg,lame,1105,Lavc57.33,576,0,44100
1104341/audio.mp3,mpeg,lame,1105,LAME3.100,576,576,44100
1105266/audio.mp3,mpeg,lame,1105,Lavc57.24,576,0,44100
1105283/audio.ogg,ogg,,,,,,
110637/Pendulum - The Island (MaxNRG drum'n'bass remix).mp3,mpeg,lame,1105,LAME3.98r,576,1728,44100
1106691/audio.mp3,mpeg,lame,1105,Lavc58.91,576,837,44100
1107384/audio.mp3,mpeg,lame,1105,LAME3.99r,576,576,44100
1108327/audio.mp3,mpeg,lame,1105,Lavc58.18,576,1572,44100
1108353/audio.mp3,mpeg,lame,1105,LAME3.99r,576,576,44100
1110188/Audio.mp3,mpeg,none,0,,0,0,44100
1110686/audio.mp3,mpeg,lame,1105,Lavf56.4.,576,0,44100
1111192/audio.mp3,mpeg,lame,1105,LAME3.100,576,576,44100
1111387/audio.mp3,mpeg,lame,1105,LAME3.99r,576,576,44100
1111754/audio.mp3,mpeg,lame,1105,LAME3.100,576,1044,44100
1112025/audio.mp3,mpeg,lame,1105,LAME3.100,576,1530,44100
1112418/audio.mp3,mpeg,lame,1105,LAME3.99r,576,1511,44100
1112559/audio.mp3,mpeg,lame,1105,LAME3.99r,576,1176,44100
1112619/audio.mp3,mpeg,lame,1105,Lavc58.34,576,1600,44100
1112714/audio.mp3,mpeg,lame,1105,LAME3.99r,576,0,44100
1112728/audio.mp3,mpeg,lame,1105,LAME3.99r,576,576,44100
1113145/audio.mp3,mpeg,lame,1105,LAME3.99r,576,1692,44100
1113841/audio.mp3,mpeg,lame,1105,Lavc57.89,576,1092,44100
1114402/audio.mp3,mpeg,lame,1105,LAME3.99r,576,576,44100
1114900/audio.mp3,mpeg,none,0,,0,0,44100
1114940/audio.mp3,mpeg,lame,1105,Lavc57.33,576,0,44100
1114964/audio.mp3,mpeg,lame,1105,LAME3.100,576,576,44100
1115875/audio.mp3,mpeg,lame,1105,LAME3.99r,576,576,48000
1116952/audio.mp3,mpeg,lame,1105,Lavc57.33,576,0,48000
1117248/audio.mp3,mpeg,lame,1105,Lavc58.9.,576,1088,44100
1118461/Tsundere.mp3,mpeg,lame,1105,LAME3.100,576,1482,44100
1118731/audio.mp3,mpeg,lame,1105,LAME3.100,576,620,44100
1120648/audio.mp3,mpeg,lame,1105,Lavf56.4.,576,0,44100
1120790/audio.mp3,mpeg,lame,1105,Lavc57.33,576,0,44100
1123154/audio.mp3,mpeg,lame,1105,LAME3.100,576,576,44100
1123559/audio.mp3,mpeg,lame,1105,LAME3.100,576,1424,48000
1124745/Audio.mp3,mpeg,none,0,,0,0,44100
1125388/audio.mp3,mpeg,lame,1105,LAME3.100,576,576,44100
1125774/audio.mp3,mpeg,lame,1105,LAME3.99r,576,677,44100
1125991/Noisia - Running Blind.mp3,mpeg,lame,1105,Lavc57.33,576,0,44100
1126358/audio.mp3,mpeg,lame,1105,Lavc57.33,576,0,48000
112675/Kimi ga Yume wo Tsuretekita.mp3,mpeg,lame,1105,LAME3.99r,576,576,44100
1126766/audio.ogg,ogg,,,,,,
1127488/LeaF - Armageddon.mp3,mpeg,lame,1105,Lavc58.54,576,576,48000
1127597/audio.mp3,mpeg,lame,1105,Lavc57.64,576,960,44100
1127956/audio.mp3,mpeg,lame,1105,LAME3.100,576,1105,44100
1128003/audio.mp3,mpeg,lame,1105,LAME3.100,576,1440,44100
1128596/audio.mp3,mpeg,lame,1105,LAME3.100,576,1125,44100
1128753/audio.mp3,mpeg,lame,1105,LAME3.99r,576,1384,44100
1128780/Polaris.mp3,mpeg,lame,1105,LAME3.99r,576,576,44100
1128872/audio.mp3,mpeg,lame,1105,LAME3.99r,576,576,44100
1129916/audio.mp3,mpeg,lame,1105,LAME3.99r,576,576,44100
1130778/audio.ogg,ogg,,,,,,
1130937/audio.mp3,mpeg,none,0,,0,0,44100
1131426/audio.mp3,mpeg,lame,1105,LAME3.99r,576,576,44100
1131640/audio.mp3,mpeg,lame,1105,Lavc57.33,576,0,44100
113175/ED6325.mp3,mpeg,lame,1105,LAME3.99r,576,1290,44100
113273/Gohan wa Okazu(Full ver.).mp3,mpeg,none,0,,0,0,44100
1134132/audio.mp3,mpeg,lame,1105,Lavc58.54,576,1152,44100
1135268/audio.mp3,mpeg,none,0,,0,0,44100
1137400/audio.mp3,mpeg,lame,1105,LAME3.100,576,576,48000
1138636/audio.mp3,mpeg,lame,1105,LAME3.99r,576,576,44100
1139247/audio.mp3,mpeg,lame,1105,Lavc57.33,576,0,44100
1139370/audio.mp3,mpeg,lame,1105,LAME3.100,576,1370,44100
1139736/Koi wa Chaos no Shimobenari (TV Size).mp3,mpeg,lame,1105,Lavc58.54,576,1208,44100
1140163/audio.mp3,mpeg,lame,1105,Lavc57.33,576,0,48000
1141872/audio.mp3,mpeg,lame,1105,LAME3.100,576,576,44100
1142201/audio.mp3,mpeg,lame,1105,LAME3.99r,576,576,44100
1142756/audio.mp3,mpeg,lame,1105,LAME3.100,576,1596,44100
1142802/audio.mp3,mpeg,lame,1105,LAME3.99r,576,576,44100
1143052/audio.mp3,mpeg,lame,1105,LAME3.99r,576,1644,44100
1143243/audio.mp3,mpeg,lame,1105,LAME3.100,576,576,48000
1143855/audio.mp3,mpeg,lame,1105,LAME3.100,576,1330,48000
1145160/audio.mp3,mpeg,lame,1105,LAME3.99r,576,845,44100
1145173/audio.mp3,mpeg,lame,1105,LAME3.99r,576,576,44100
1145368/audio.mp3,mpeg,lame,1105,Lavc57.33,576,0,44100
1146189/Trysail - Honto da yo.mp3,mpeg,none,0,,0,0,44100
1147085/audio.mp3,mpeg,none,0,,0,0,44100
1147471/audio.mp3,mpeg,none,0,,0,0,44100
1147783/audio.mp3,mpeg,lame,1105,LAME3.99r,576,1233,44100
1148070/audio.mp3,mpeg,lame,1105,Lavc56.21,576,0,44100
1149112/audio.mp3,mpeg,lame,1105,LAME3.99r,576,576,44100
1149492/audio.mp3,mpeg,none,0,,0,0,44100
1151089/add8e6.mp3,mpeg,lame,1105,Lavf,576,576,44100
1151505/audio.mp3,mpeg,none,0,,0,0,44100
1151946/audio.mp3,mpeg,lame,1105,LAME3.99r,576,1673,44100
1152613/audio.mp3,mpeg,lame,1105,LAME3.100,576,1003,44100
1152802/audio.mp3,mpeg,lame,1105,LAME3.99r,576,576,44100
1153801/audio.mp3,mpeg,none,0,,0,0,44100
1154007/LeaF - ATHAZA.mp3,mpeg,lame,1105,LAME3.99a,576,569,44100
1154288/audio.mp3,mpeg,lame,1105,Lavc57.33,576,0,44100
1154702/Singularity.mp3,mpeg,lame,1105,LAME3.99r,576,576,44100
1154776/audio.mp3,mpeg,lame,1105,Lavc57.33,576,0,48000
1156204/audio.mp3,mpeg,lame,1105,LAME3.99r,576,696,44100
1156843/5150.mp3,mpeg,lame,1105,LAME3.99r,576,576,44100
115715/future gazer.mp3,mpeg,none,0,,0,0,44100
1157239/audio.ogg,ogg,,,,,,
1157897/audio.mp3,mpeg,lame,1105,Lavc57.33,576,0,44100
1159083/audio.mp3,mpeg,lame,1105,LAME3.100,576,576,44100
1159152/Zekk - MEJIRUSHI.mp3,mpeg,lame,1105,Lavc57.33,576,0,44100
1159165/audio.mp3,mpeg,xing,0,,0,0,48000
1159269/audio.mp3,mpeg,lame,1105,Lavc57.33,576,0,44100
1159367/audio.mp3,mpeg,none,0,,0,0,44100
1159906/audio.mp3,mpeg,none,0,,0,0,44100
1161078/audio.mp3,mpeg,lame,1105,LAME3.99r,576,576,44100
1161093/audio.mp3,mpeg,lame,1105,LAME3.100,576,698,44100
1161543/audio.mp3,mpeg,lame,1105,Lavc58.51,576,1356,44100
1165894/audio.mp3,mpeg,lame,1105,LAME3.98r,576,1728,44100
1166091/audio.mp3,mpeg,lame,1105,Lavc57.33,576,0,44100
1166478/audio.mp3,mpeg,lame,1105,Lavc57.10,576,960,48000
1167660/audio.mp3,mpeg,lame,1105,LAME3.100,576,576,48000
1167872/audio.mp3,mpeg,lame,1105,Lavc58.91,576,0,44100
1168331/sari buah apel masa depan.mp3,mpeg,none,0,,0,0,44100
1169658/audio.mp3,mpeg,lame,1105,LAME3.100,576,576,44100
1171748/audio.mp3,mpeg,lame,1105,LAME3.100,576,691,44100
1172130/audio.mp3,mpeg,none,0,,0,0,44100
1172500/audio.mp3,mpeg,none,0,,0,0,44100
1173144/Feline Groove - (Cranky Remix).mp3,mpeg,lame,1105,Lavc58.54,576,792,44100
1174746/audio.mp3,mpeg,lame,1105,Lavc56.38,576,0,44100
1175057/audio.mp3,mpeg,lame,1105,LAME3.100,576,1105,44100
117757/glow.mp3,mpeg,none,0,,0,0,48000
117791/BALDR SKY ZERO Short verson.mp3,mpeg,xing,0,,0,0,44100
1178490/audio.mp3,mpeg,lame,1105,LAME3.99r,576,578,44100
1178589/Otome.mp3,mpeg,lame,1105,LAME3.100,576,576,44100
1178598/audio.mp3,mpeg,lame,1105,LAME3.100,576,1721,44100
1179815/Tempestissimo.mp3,mpeg,lame,1105,LAME3.99r,576,1230,44100
1181237/audio.mp3,mpeg,none,0,,0,0,44100
1181796/audio.ogg,ogg,,,,,,
1182015/Equilibrium.mp3,mpeg,lame,1105,LAME3.99r,576,1392,44100
1184620/audio.mp3,mpeg,lame,1105,LAME3.100,576,680,44100
1184861/audio.mp3,mpeg,lame,1105,LAME3.100,576,1202,44100
1185393/audio.mp3,mpeg,lame,1105,LAME3.100,576,600,44100
1185688/audio.mp3,mpeg,lame,1105,Lavc56.38,576,0,44100
1186788/audio.mp3,mpeg,lame,1105,LAME3.100,576,1296,44100
1187093/audio.mp3,mpeg,lame,1105,LAME3.100,576,1105,44100
1188253/USAO - Extra Mode (DJ Myosuke Remix).mp3,mpeg,lame,1105,Lavc57.33,576,0,44100
1189075/audio.mp3,mpeg,lame,1105,Lavc57.33,576,0,44100
1192653/Suzuki Konomi - Realize (TV Size).mp3,mpeg,none,0,,0,0,44100
1193914/SSS.mp3,mpeg,lame,1105,Lavc57.64,576,852,44100
1196084/audio.mp3,mpeg,lame,1105,LAME3.100,576,1202,44100
1196399/audio.mp3,mpeg,lame,1105,Lavc60.3.,576,1171,44100
1197726/audio.mp3,mpeg,none,0,,0,0,44100
1199649/audio.mp3,mpeg,lame,1105,LAME3.100,576,727,44100
1202006/kizuna ai mtell remix sky high.mp3,mpeg,lame,1105,LAME3.99r,576,1267,44100
1202872/audio.mp3,mpeg,none,0,,0,0,44100
120289/Prismatic Lollipops.mp3,mpeg,lame,1105,LAME3.98r,576,1681,44100
1202890/audio.ogg,ogg,,,,,,
1202913/haacha.mp3,mpeg,lame,1105,LAME3.100,576,1105,44100
1204322/audio.mp3,mpeg,lame,1105,LAME3.100,576,576,44100
1204419/the peggies - Centimeter (TV Size).mp3,mpeg,lame,1105,LAME3.100,576,576,48000
1204733/audio.mp3,mpeg,lame,1105,LAME3.100,576,1392,48000
1204942/audio.mp3,mpeg,none,0,,0,0,48000
1205236/audio.mp3,mpeg,lame,1105,LAME3.99r,576,1196,44100
1206143/audio.mp3,mpeg,lame,1105,LAME3.100,576,659,44100
1207300/KBJ.mp3,mpeg,lame,1105,LAME3.99r,576,849,44100
1207984/audio.mp3,mpeg,lame,1105,LAME3.100,576,576,48000
120838/Ryu - We're so Happy.mp3,mpeg,none,0,,0,0,44100
1209035/audio.mp3,mpeg,lame,1105,Lavc58.18,576,576,48000
1210416/audio.mp3,mpeg,lame,1105,Lavc58.91,576,896,44100
1212132/audio.mp3,mpeg,lame,1105,Lavc57.33,576,0,44100
1212192/audio.mp3,mpeg,xing,0,Lavf,0,0,44100
1212405/audio.mp3,mpeg,lame,1105,Lavc58.54,576,1474,44100
1213119/audio.mp3,mpeg,lame,1105,LAME3.100,576,791,44100
1213465/audio.mp3,mpeg,lame,1105,LAME3.100,576,883,48000
1213593/audio.mp3,mpeg,lame,1105,LAME3.100,576,922,44100
1215108/audio.mp3,mpeg,lame,1105,LAME3.99r,576,1681,48000
121542/ARCADIA.mp3,mpeg,none,0,,0,0,44100
1215941/audio.mp3,mpeg,lame,1105,Lavc57.33,576,0,44100
1217129/audio.mp3,mpeg,none,0,,0,0,44100
1217180/audio.mp3,mpeg,lame,1105,LAME3.100,576,576,44100
1217337/audio.mp3,mpeg,lame,1105,LAME3.100,576,576,44100
1217471/audio.mp3,mpeg,lame,1105,LAME3.99r,576,607,44100
1217567/audio.mp3,mpeg,lame,1105,Lavc57.64,576,704,44100
1217695/09 - Betwixt & Between - hydra (long edit).ogg,ogg,,,,,,
1219293/audio.mp3,mpeg,lame,1105,LAME3.100,576,1105,44100
1220099/audio.mp3,mpeg,lame,1105,LAME3.100,576,576,44100
1220489/audio.mp3,mpeg,none,0,,0,0,44100
1221602/audio.mp3,mpeg,lame,1105,LAME3.99r,576,1034,44100
1221676/audio.mp3,mpeg,lame,1105,LAME3.100,576,1464,44100
1222992/audio.mp3,mpeg,lame,1105,LAME3.99r,576,1472,48000
1223191/audio.mp3,mpeg,lame,1105,LAME3.99r,576,778,44100
1223763/audio.mp3,mpeg,lame,1105,LAME3.99r,576,1397,44100
1224013/audio.mp3,mpeg,lame,1105,LAME3.98r,576,576,44100
1224402/audio.mp3,mpeg,lame,1105,Lavc57.33,576,0,44100
1225280/audio.mp3,mpeg,lame,1105,LAME3.100,576,1098,44100
1225500/audio.mp3,mpeg,lame,1105,LAME3.100,576,1105,44100
1226426/audio.mp3,mpeg,none,0,,0,0,44100
1226466/audio.mp3,mpeg,lame,1105,Lavc58.54,576,960,48000
1226676/audio.mp3,mpeg,lame,1105,LAME3.99r,576,832,48000
1227003/audio.mp3,mpeg,lame,1105,LAME3.99r,576,1055,44100
1227902/audio.ogg,ogg,,,,,,
1228135/audio.mp3,mpeg,lame,1105,LAME3.100,576,1359,44100
1229030/audio.mp3,mpeg,lame,1105,LAME3.99r,576,1184,44100
1229122/audio.mp3,mpeg,lame,1105,LAME3.100,576,1656,44100
1229571/audio.mp3,mpeg,lame,1105,LAME3.100,576,576,44100
1229748/audio.mp3,mpeg,lame,1105,LAME3.99r,576,576,48000
1230306/audio.mp3,mpeg,lame,1105,LAME3.100,576,1105,44100
1230494/audio.ogg,ogg,,,,,,
1231682/audio.mp3,mpeg,lame,1105,LAME3.99r,576,576,44100
1231905/audio.mp3,mpeg,lame,1105,LAME3.100,576,1296,48000
1232531/audio.mp3,mpeg,lame,1105,LAME3.99r,576,576,44100
123431/[SDVX] Max Burning!! - EXH [__].mp3,mpeg,none,0,,0,0,44100
123456/Crack Traxxxx.mp3,mpeg,none,0,,0,0,44100
1235288/audio.mp3,mpeg,lame,1105,Lavc58.9.,576,1600,44100
1235533/audio.mp3,mpeg,lame,1105,Lavc57.33,576,0,44100
1236247/audio.mp3,mpeg,lame,1105,LAME3.99r,576,1605,44100
1238009/audio.mp3,mpeg,lame,1105,LAME3.100,576,1246,48000
1238702/audio.ogg,ogg,,,,,,
1239258/audio.mp3,mpeg,lame,1105,Lavc58.18,576,1536,44100
1240240/audio.mp3,mpeg,lame,1105,Lavc57.33,576,0,44100
1242120/audio.mp3,mpeg,lame,1105,Lavc56.38,576,0,44100
1242594/audio.mp3,mpeg,lame,1105,LAME3.99r,576,784,44100
1242820/audio.mp3,mpeg,lame,1105,LAME3.99r,576,1619,44100
1242834/audio.mp3,mpeg,lame,1105,LAME3.99r,576,576,48000
1243497/audio.mp3,mpeg,none,0,,0,0,44100
1244884/audio.mp3,mpeg,lame,1105,LAME3.99r,576,1206,44100
1245026/audio.ogg,ogg,,,,,,
1245882/audio.mp3,mpeg,lame,1105,LAME3.99r,576,832,44100
1246436/audio.ogg,ogg,,,,,,
1246715/audio.mp3,mpeg,lame,1105,LAME3.99r,576,576,48000
1246880/audio.mp3,mpeg,lame,1105,Lavc57.48,576,0,44100
1247210/audio.mp3,mpeg,lame,1105,Lavc58.54,576,1474,44100
1247458/audio.mp3,mpeg,lame,1105,LAME3.100,576,576,44100
1247554/audio.mp3,mpeg,lame,1105,LAME3.100,576,648,44100
1247923/audio.ogg,ogg,,,,,,
1248040/audio.mp3,mpeg,none,0,,0,0,44100
1248173/audio.mp3,mpeg,lame,1105,Lavc57.33,576,0,44100
124867/SOUND HOLIC feat. Nana Takahashi - Ha lle lu jah[EXH].mp3,mpeg,none,0,,0,0,44100
1248704/audio.mp3,mpeg,none,0,,0,0,44100
1250819/audio.mp3,mpeg,lame,1105,LAME3.99r,576,576,44100
1251408/audio.mp3,mpeg,none,0,,0,0,44100
1252357/audio.ogg,ogg,,,,,,
1252656/audio.mp3,mpeg,lame,1105,LAME3.100,576,1704,44100
1252978/audio.mp3,mpeg,lame,1105,LAME3.99r,576,1231,44100
1253230/audio.mp3,mpeg,lame,1105,Lavc57.33,576,0,44100
1253419/audio.ogg,ogg,,,,,,
1253557/audio.mp3,mpeg,lame,1105,LAME3.100,576,623,44100
1254196/audio.mp3,mpeg,lame,1105,Lavc57.33,576,0,48000
125464/Ninja Ryukenden  116.mp3,mpeg,none,0,,0,0,44100
1255057/audio.mp3,mpeg,lame,1105,LAME3.100,576,929,44100
1255066/Onegai! Kon Kon Oinarisama.mp3,mpeg,lame,1105,LAME3.100,576,576,48000
1255164/audio.mp3,mpeg,lame,1105,LAME3.100,576,1201,44100
1255174/audio.mp3,mpeg,lame,1105,LAME3.100,576,1287,44100
1256147/audio.ogg,ogg,,,,,,
1257422/audio.mp3,mpeg,lame,1105,LAME3.98r,576,1304,44100
1258120/audio.mp3,mpeg,lame,1105,LAME3.100,576,1440,44100
1258382/audio.mp3,mpeg,lame,1105,Lavc58.35,576,1408,44100
125856/TRIGGER HAPPY.mp3,mpeg,xing,0,,0,0,44100
1258829/audio.mp3,mpeg,lame,1105,Lavc57.33,576,0,44100
1258921/The Flashbulb - You Take The World's Weight Away.ogg,ogg,,,,,,
1259129/audio.mp3,mpeg,lame,1105,LAME3.100,576,576,44100
1259322/audio.mp3,mpeg,none,0,,0,0,44100
1261488/Iguchi Yuka - over and over.mp3,mpeg,lame,1105,LAME3.99r,576,614,44100
1262042/audio.mp3,mpeg,lame,1105,Lavc57.33,576,0,44100
1262661/audio.mp3,mpeg,none,0,,0,0,44100
1262843/audio.mp3,mpeg,none,0,,0,0,44100
1263899/audio.mp3,mpeg,none,0,,0,0,44100
1264866/audio.mp3,mpeg,lame,1105,Lavc58.18,576,576,44100
1264931/audio.mp3,mpeg,lame,1105,LAME3.100,576,576,44100
126508/Ame Michi.mp3,mpeg,lame,1105,LAME3.99r,576,1576,44100
1265173/audio.mp3,mpeg,none,0,,0,0,44100
1265338/audio.mp3,mpeg,lame,1105,LAME3.100,576,1308,44100
1265570/audio.mp3,mpeg,lame,1105,LAME3.100,576,576,44100
1265691/audio.mp3,mpeg,lame,1105,LAME3.99r,576,1323,44100
1265840/07._.mp3,mpeg,lame,1105,LAME3.100,576,576,44100
1266552/audio.mp3,mpeg,lame,1105,Lavc57.33,576,0,44100
1266562/audio.mp3,mpeg,none,0,,0,0,44100
126752/Log Horizon ED - Your song  by Yun chi HD.mp3,mpeg,lame,1105,LAME3.99r,576,1049,44100
1267752/audio.mp3,mpeg,lame,1105,LAME3.99r,576,576,44100
1268240/audio.mp3,mpeg,lame,1105,LAME3.99r,576,576,44100
1268688/audio.mp3,mpeg,lame,1105,LAME3.100,576,576,44100
1270148/audio.mp3,mpeg,lame,1105,LAME3.99r,576,629,48000
1270255/audio.mp3,mpeg,lame,1105,Lavc57.33,576,0,44100
1270762/audio.mp3,mpeg,lame,1105,Lavc58.54,576,1472,44100
1271793/ONOMATO.mp3,mpeg,lame,1105,LAME3.100,576,1548,44100
1272676/audio.mp3,mpeg,lame,1105,LAME3.99r,576,1584,48000
1272922/audio.mp3,mpeg,lame,1105,LAME3.99r,576,576,44100
1273005/audio.mp3,mpeg,lame,1105,LAME3.99r,576,576,44100
127305/Intersect Thunderbolt.mp3,mpeg,lame,1105,LAME3.98r,576,2242,44100
1274616/audio.mp3,mpeg,lame,1105,LAME3.99r,576,576,44100
1274865/audio.mp3,mpeg,lame,1105,LAME3.100,576,725,44100
1274961/audio.mp3,mpeg,none,0,,0,0,44100
1275180/audio.mp3,mpeg,lame,1105,LAME3.100,576,1366,44100
1275653/audio.mp3,mpeg,lame,1105,Lavc57.10,576,708,44100
1275911/audio.mp3,mpeg,none,0,,0,0,44100
1276059/audio.mp3,mpeg,lame,1105,LAME3.100,576,775,44100
1276332/audio.mp3,mpeg,lame,1105,Lavc57.33,576,0,48000
1276702/audio.mp3,mpeg,lame,1105,LAME3.99r,576,1705,48000
1277503/audio.mp3,mpeg,lame,1105,Lavc57.33,576,0,44100
1277549/audio.mp3,mpeg,lame,1105,LAME3.99r,576,832,44100
127789/Univer Page.mp3,mpeg,lame,1105,LAME3.99r,576,1035,48000
1278216/full.mp3,mpeg,lame,1105,LAME3.99r,576,1105,44100
1278929/audio.mp3,mpeg,lame,1105,LAME3.100,576,718,44100
1279157/audio.mp3,mpeg,lame,1105,LAME3.100,576,1105,48000
1279587/audio.mp3,mpeg,none,0,,0,0,44100
1279947/audio.mp3,mpeg,lame,1105,LAME3.100,576,1074,44100
1280151/audio.mp3,mpeg,lame,1105,LAME3.99r,576,1552,44100
1280470/audio.mp3,mpeg,lame,1105,LAME3.100,576,780,44100
1282584/audio.mp3,mpeg,lame,1105,Lavc57.64,576,1216,44100
1283536/audio.mp3,mpeg,lame,1105,LAME3.100,576,1042,48000
1283599/audio.mp3,mpeg,lame,1105,Lavc57.33,576,0,44100
1284535/audio.mp3,mpeg,none,0,,0,0,44100
1285555/audio.mp3,mpeg,lame,1105,LAME3.100,576,766,44100
1285818/audio.mp3,mpeg,lame,1105,LAME3.100,576,576,44100
1286752/audio.mp3,mpeg,lame,1105,Lavc57.33,576,0,44100
1287682/audio.mp3,mpeg,lame,1105,LAME3.99r,576,576,44100
1287886/audio.mp3,mpeg,lame,1105,LAME3.100,576,1206,44100
1291626/audio.mp3,mpeg,lame,1105,LAME3.100,576,1394,44100
129383/ED.mp3,mpeg,none,0,,0,0,44100
1294997/audio.mp3,mpeg,lame,1105,LAME3.99r,576,768,44100
1295266/audio.mp3,mpeg,lame,1105,LAME3.100,576,576,44100
1295555/audio.mp3,mpeg,lame,1105,Lavf54.63,576,0,48000
1296986/audio.mp3,mpeg,lame,1105,LAME3.100,576,576,48000
1297440/audio.mp3,mpeg,lame,1105,Lavc58.91,576,1080,48000
1297543/audio.mp3,mpeg,lame,1105,Lavc57.33,576,0,44100
1300398/audio.mp3,mpeg,lame,1105,Lavc57.33,576,0,48000
1300920/audio.mp3,mpeg,lame,1105,LAME3.100,576,576,44100
1301036/audio.mp3,mpeg,lame,1105,LAME3.100,576,576,44100
1301119/ring.ogg,ogg,,,,,,
1301193/audio.mp3,mpeg,lame,1105,Lavc57.33,576,0,44100
1301440/audio.mp3,mpeg,lame,1105,LAME3.99r,576,912,48000
1301740/audio.mp3,mpeg,lame,1105,LAME3.99r,576,1500,44100
1301800/audio.mp3,mpeg,lame,1105,Lavc57.33,576,0,48000
1301878/audio.mp3,mpeg,lame,1105,LAME3.99r,576,576,44100
1302727/audio.mp3,mpeg,lame,1105,LAME3.99r,576,1512,44100
1302861/perditus.mp3,mpeg,lame,1105,LAME3.99r,576,576,44100
1303542/audio.mp3,mpeg,lame,1105,Lavc58.91,576,576,44100
1304620/audio.mp3,mpeg,lame,1105,Lavc57.33,576,0,44100
1304666/audio.mp3,mpeg,lame,1105,LAME3.100,576,1105,44100
1305067/audio.mp3,mpeg,none,0,,0,0,44100
1305249/audio.mp3,mpeg,lame,1105,LAME3.100,576,1138,44100
130556/RWBY - This will be the day.mp3,mpeg,lame,1105,LAME3.99r,576,1364,48000
1306461/audio.mp3,mpeg,lame,1105,LAME3.99r,576,576,48000
1308099/audio.mp3,mpeg,lame,1105,Lavc57.33,576,0,44100
1309565/audio.mp3,mpeg,lame,1105,Lavc57.33,576,0,44100
1310624/audio.mp3,mpeg,lame,1105,LAME3.100,576,1019,44100
1311103/audio.mp3,mpeg,lame,1105,Lavc57.33,576,0,44100
1311764/audio.mp3,mpeg,none,0,,0,0,44100
1312539/audio.mp3,mpeg,lame,1105,LAME3.100,576,713,48000
1313199/audio.mp3,mpeg,lame,1105,Lavc57.33,576,0,44100
1313433/audio.ogg,ogg,,,,,,
1313951/audio.mp3,mpeg,lame,1105,LAME3.99r,576,576,44100
1314013/audio.mp3,mpeg,lame,1105,LAME3.99r,576,1668,44100
1315726/audio.mp3,mpeg,lame,1105,LAME3.100,576,1105,48000
1317113/audio.mp3,mpeg,lame,1105,LAME3.99r,576,576,48000
1317226/audio.mp3,mpeg,lame,1105,Lavc57.33,576,0,44100
1319284/audio.mp3,mpeg,lame,1105,LAME3.99r,576,758,44100
1321003/audio.mp3,mpeg,lame,1105,LAME3.100,576,1198,48000
1322331/audio111.111111111111.mp3,mpeg,none,0,,0,0,48000
1323543/audio.mp3,mpeg,lame,1105,Lavf,576,1010,44100
1324035/audio.mp3,mpeg,lame,1105,LAME3.99r,576,816,44100
1324149/audio.mp3,mpeg,lame,1105,LAME3.100,576,1105,48000
1324742/audio.mp3,mpeg,lame,1105,LAME3.100,576,576,44100
1325043/audio.ogg,ogg,,,,,,
1325554/audio.mp3,mpeg,lame,1105,Lavc58.34,576,960,44100
1326119/audio.mp3,mpeg,lame,1105,LAME3.100,576,576,44100
1326928/audio.mp3,mpeg,lame,1105,LAME3.100,576,780,44100
1326970/audio.ogg,ogg,,,,,,
1327306/audio.mp3,mpeg,lame,1105,Lavc58.35,576,1681,44100
1328442/audio.mp3,mpeg,none,0,,0,0,44100
1329339/audio(edit).mp3,mpeg,lame,1105,LAME3.99r,576,576,44100
1329723/audio.mp3,mpeg,lame,1105,LAME3.99r,576,576,44100
1329899/audio.mp3,mpeg,lame,1105,Lavf55.45,576,0,44100
1330167/TENSHI.ogg,ogg,,,,,,
1330313/audio.mp3,mpeg,lame,1105,LAME3.99r,576,1472,44100
1332539/audio.mp3,mpeg,none,0,,0,0,44100
1334074/audio.mp3,mpeg,lame,1105,LAME3.100,576,799,48000
133438/Avicii   You Make Me (Audio).mp3,mpeg,none,0,,0,0,44100
1335568/audio.mp3,mpeg,lame,1105,Lavc59.26,576,1661,44100
1336118/audio.mp3,mpeg,lame,1105,Lavf54.63,576,0,48000
1336470/audio.mp3,mpeg,lame,1105,LAME3.100,576,576,44100
1336615/audio.mp3,mpeg,lame,1105,LAME3.99r,576,1389,44100
1337052/audio.mp3,mpeg,lame,1105,LAME3.100,576,1591,44100
1338046/audio.mp3,mpeg,lame,1105,LAME3.100,576,1105,44100
1339615/audio.mp3,mpeg,lame,1105,LAME3.99r,576,1001,44100
1341498/audio.mp3,mpeg,lame,1105,LAME3.100,576,576,48000
1341759/audio.mp3,mpeg,lame,1105,LAME3.100,576,1272,48000
1341998/audio.mp3,mpeg,lame,1105,LAME3.99r,576,1076,44100
1342805/audio.mp3,mpeg,none,0,,0,0,44100
1342855/audio.ogg,ogg,,,,,,
1343047/audio.mp3,mpeg,lame,1105,Lavf,576,0,48000
1343389/audio.mp3,mpeg,lame,1105,LAME3.99r,576,1176,44100
1343689/audio.mp3,mpeg,lame,1105,LAME3.100,576,1255,44100
1343736/audio.mp3,mpeg,none,0,,0,0,44100
1344319/audio.mp3,mpeg,lame,1105,LAME3.100,576,576,48000
1345161/audio.mp3,mpeg,lame,1105,Lavc58.54,576,576,44100
1346901/audio.mp3,mpeg,lame,1105,LAME3.100,576,1339,44100
1347379/audio.mp3,mpeg,lame,1105,Lavc56.28,576,0,44100
1347503/audio.mp3,mpeg,lame,1105,LAME3.99r,576,1687,44100
1347862/audio.mp3,mpeg,lame,1105,LAME3.100,576,1107,44100
1348181/audio.mp3,mpeg,lame,1105,LAME3.99r,576,1330,48000
134829/Seiryu - Water Horizon.mp3,mpeg,none,0,,0,0,48000
1348478/audio.mp3,mpeg,lame,1105,LAME3.99r,576,1020,48000
1348758/animevushal.mp3,mpeg,lame,1105,LAME3.99r,576,576,44100
1348852/audio.ogg,ogg,,,,,,
1349143/audio.ogg,ogg,,,,,,
1349658/Impulse.mp3,mpeg,lame,1105,LAME3.100,576,1105,44100
1350901/audio.mp3,mpeg,lame,1105,LAME3.99r,576,1171,48000
1353097/audio.ogg,ogg,,,,,,
1353528/audio.mp3,mpeg,none,0,,0,0,44100
1355025/audio.mp3,mpeg,lame,1105,LAME3.99r,576,1068,44100
1355970/12 little fragments of silence.mp3,mpeg,lame,1105,LAME3.99r,576,704,44100
1356026/audio.mp3,mpeg,lame,1105,Lavf56.4.,576,0,44100
1356104/audio.mp3,mpeg,lame,1105,LAME3.100,576,1560,44100
1356841/audio.mp3,mpeg,lame,1105,LAME3.100,576,1192,44100
1357570/audio.mp3,mpeg,lame,1105,LAME3.100,576,576,44100
1357994/audio.mp3,mpeg,lame,1105,Lavc58.54,576,576,44100
1358905/audio.mp3,mpeg,lame,1105,LAME3.100,576,576,44100
1359424/audio.mp3,mpeg,lame,1105,LAME3.99r,576,576,48000
1359603/audio.mp3,mpeg,lame,1105,Lavc58.91,576,1491,44100
1359629/audio.mp3,mpeg,none,0,,0,0,44100
1360248/audio.mp3,mpeg,lame,1105,Lavc57.33,576,0,44100
1360267/audio.mp3,mpeg,none,0,,0,0,44100
1360699/audio.mp3,mpeg,lame,1105,LAME3.100,576,1566,44100
1361516/audio.mp3,mpeg,lame,1105,LAME3.100,576,576,48000
1361666/audio.mp3,mpeg,lame,1105,Lavc58.91,576,825,44100
1362766/audio.mp3,mpeg,lame,1105,LAME3.100,576,1056,44100
1363029/audio.mp3,mpeg,lame,1105,LAME3.100,576,888,44100
1363241/audio.mp3,mpeg,lame,1105,LAME3.100,576,983,44100
1364735/audio.ogg,ogg,,,,,,
1366536/audio.mp3,mpeg,lame,1105,LAME3.100,576,1105,48000
1366994/audio.mp3,mpeg,lame,1105,Lavc58.54,576,948,44100
1368401/audio.mp3,mpeg,lame,1105,LAME3.100,576,1164,44100
1368711/audio.mp3,mpeg,lame,1105,Lavc58.52,576,576,44100
136881/Say A Vengeance.mp3,mpeg,none,0,,0,0,44100
1368942/audio.mp3,mpeg,lame,1105,LAME3.99r,576,890,44100
136986/bgm.mp3,mpeg,none,0,,0,0,44100
137037/137.HELIX.mp3,mpeg,none,0,,0,0,44100
1372098/audio.mp3,mpeg,lame,1105,LAME3.100,576,1548,44100
1374646/13_-_DJ_Genki_feat._Yukacco_-_MAGIC__LOVE.ogg,ogg,,,,,,
1374773/audio.mp3,mpeg,none,0,,0,0,44100
1374931/audio.mp3,mpeg,lame,1105,LAME3.99r,576,659,48000
1375335/audio.mp3,mpeg,lame,1105,LAME3.100,576,1205,48000
1375742/audio.mp3,mpeg,lame,1105,Lavc58.54,576,1080,48000
1375790/audio.mp3,mpeg,lame,1105,Lavc58.13,576,576,44100
137586/Grow Slowly.mp3,mpeg,none,0,,0,0,44100
1376799/audio.mp3,mpeg,none,0,,0,0,44100
1377403/audio.mp3,mpeg,lame,1105,LAME3.99r,576,576,48000
1377568/audio.mp3,mpeg,lame,1105,LAME3.100,576,878,44100
1377628/audio.mp3,mpeg,lame,1105,LAME3.100,576,1105,44100
1378148/audio.mp3,mpeg,lame,1105,LAME3.100,576,1417,44100
1378372/09 Aqua Regia.mp3,mpeg,lame,1105,LAME3.99r,576,576,44100
1378488/audio.mp3,mpeg,lame,1105,LAME3.100,576,1692,44100
1378602/audio.mp3,mpeg,none,0,,0,0,44100
1379558/audio.mp3,mpeg,lame,1105,LAME3.99r,576,576,48000
1379985/audio.mp3,mpeg,lame,1105,LAME3.100,576,1000,44100
1381405/audio.mp3,mpeg,lame,1105,LAME3.100,576,944,44100
1381489/Laszlo - Tribal.mp3,mpeg,lame,1105,LAME3.99r,576,580,44100
1382018/audio.mp3,mpeg,lame,1105,Lavc57.33,576,0,44100
1382721/audio.mp3,mpeg,lame,1105,Lavc57.33,576,0,44100
1385621/audio.mp3,mpeg,lame,1105,LAME3.99r,576,1284,44100
1386044/bepis.ogg,ogg,,,,,,
1386770/audio.mp3,mpeg,lame,1105,LAME3.100,576,1721,44100
1386859/audio.mp3,mpeg,lame,1105,Lavc57.33,576,0,44100
1388164/audio.mp3,mpeg,lame,1105,LAME3.99r,576,704,44100
139045/Vidro Moyou.mp3,mpeg,none,0,,0,0,44100
1391233/audio.mp3,mpeg,lame,1105,LAME3.100,576,1105,44100
1391279/audio.mp3,mpeg,lame,1105,LAME3.100,576,806,44100
1392416/audio.mp3,mpeg,lame,1105,LAME3.100,576,1152,48000
1392782/audio.mp3,mpeg,lame,1105,LAME3.100,576,576,44100
1393640/kiss2-192.mp3,mpeg,lame,1105,Lavc58.13,576,1182,44100
1395277/audio.mp3,mpeg,lame,1105,LAME3.100,576,814,48000
1397714/audio.mp3,mpeg,lame,1105,LAME3.100,576,777,44100
1397914/audio.mp3,mpeg,lame,1105,LAME3.100,576,1591,44100
1398110/audio.mp3,mpeg,lame,1105,LAME3.100,576,1347,44100
1399974/audio.mp3,mpeg,lame,1105,LAME3.99r,576,1162,44100
1400602/solvicious.ogg,ogg,,,,,,
140097/Camellia - Bangin' Burst [EXH].mp3,mpeg,none,0,,0,0,44100
1401642/audio.mp3,mpeg,lame,1105,LAME3.100,576,1104,48000
1402164/audio.mp3,mpeg,lame,1105,LAME3.100,576,576,44100
1402506/audio.mp3,mpeg,lame,1105,Lavc58.11,576,1152,44100
140257/Light Song.mp3,mpeg,none,0,,0,0,44100
1402604/audio.ogg,ogg,,,,,,
1403084/audio.mp3,mpeg,none,0,,0,0,44100
1404329/audio.ogg,ogg,,,,,,
1405229/audio.mp3,mpeg,lame,1105,Lavc57.33,576,0,44100
1406561/audio.mp3,mpeg,lame,1105,LAME3.99r,576,1358,44100
1406649/audio.mp3,mpeg,xing,0,Lavf,0,0,48000
1409447/audio.mp3,mpeg,lame,1105,LAME3.99r,576,677,44100
1410566/audio.mp3,mpeg,lame,1105,LAME3.100,576,576,44100
1411085/audio.mp3,mpeg,lame,1105,Lavc58.54,576,1056,44100
1411391/Platinum Garden.mp3,mpeg,lame,1105,LAME3.100,576,1404,44100
1412093/audio.mp3,mpeg,lame,1105,Lavf54.63,576,0,48000
1412241/audio.ogg,ogg,,,,,,
1412584/audio.ogg,ogg,,,,,,
1413062/audio.mp3,mpeg,lame,1105,Lavc57.33,576,0,44100
1413104/audio.mp3,mpeg,lame,1105,LAME3.100,576,576,48000
1414044/audio.mp3,mpeg,none,0,,0,0,44100
1414338/audio.mp3,mpeg,lame,1105,LAME3.99r,576,699,48000
1415321/audio.mp3,mpeg,lame,1105,LAME3.100,576,646,44100
1417233/audio.mp3,mpeg,lame,1105,LAME3.100,576,576,44100
1418151/audio.mp3,mpeg,lame,1105,LAME3.99r,576,1185,44100
1419506/audio.ogg,ogg,,,,,,
1420081/audio.mp3,mpeg,lame,1105,LAME3.100,576,1056,44100
1420398/audio.mp3,mpeg,lame,1105,Lavc58.18,576,1152,44100
1423058/audio.mp3,mpeg,lame,1105,Lavc57.33,576,0,44100
1423112/audio.mp3,mpeg,lame,1105,LAME3.99r,576,576,44100
1423264/audio.mp3,mpeg,lame,1105,LAME3.100,576,1211,48000
142382/Kyoukai no Kanata.mp3,mpeg,none,0,,0,0,44100
1423986/audio.mp3,mpeg,lame,1105,LAME3.100,576,576,48000
1424956/audio.mp3,mpeg,lame,1105,LAME3.99r,576,576,44100
1425185/audio.mp3,mpeg,none,0,,0,0,44100
1425200/audio.mp3,mpeg,lame,1105,LAME3.100,576,1440,44100
1425685/audio.mp3,mpeg,lame,1105,Lavc57.33,576,0,44100
142600/Shooting Star Lyrics   Owl City Short D.mp3,mpeg,none,0,,0,0,44100
1426088/audio.mp3,mpeg,lame,1105,LAME3.99r,576,576,44100
1426207/audio.mp3,mpeg,lame,1105,LAME3.99r,576,1368,44100
1426980/audio.mp3,mpeg,lame,1105,LAME3.100,576,1690,44100
1428082/audio.ogg,ogg,,,,,,
1428259/audio.mp3,mpeg,lame,1105,LAME3.100,576,792,44100
1428278/audio.mp3,mpeg,lame,1105,LAME3.100,576,901,44100
1428477/audio.ogg,ogg,,,,,,
1429483/audio.mp3,mpeg,lame,1105,LAME3.99r,576,1674,44100
1429690/audio.mp3,mpeg,lame,1105,LAME3.100,576,1383,44100
1429714/audio.mp3,mpeg,lame,1105,Lavc57.33,576,0,48000
1429914/audio.mp3,mpeg,none,0,,0,0,44100
1430064/audio.mp3,mpeg,lame,1105,LAME3.99r,576,576,48000
1430396/audio.mp3,mpeg,lame,1105,LAME3.100,576,1105,44100
143082/[Ending 2] Date A Live.mp3,mpeg,lame,1105,LAME3.98r,576,1998,44100
1432750/audio.mp3,mpeg,lame,1105,Lavf54.63,576,0,48000
1433856/audio.mp3,mpeg,lame,1105,LAME3.100,576,864,44100
1435937/audio.mp3,mpeg,lame,1105,LAME3.100,576,823,44100
1436983/audio.mp3,mpeg,lame,1105,LAME3.100,576,576,44100
1437119/audio.mp3,mpeg,lame,1105,LAME3.99r,576,1191,44100
1437794/audio.mp3,mpeg,lame,1105,LAME3.100,576,576,44100
1437868/audio.ogg,ogg,,,,,,
1439847/audio.mp3,mpeg,lame,1105,Lavc57.16,576,0,44100
1440359/audio.mp3,mpeg,none,0,,0,0,44100
1441409/audio.mp3,mpeg,none,0,,0,0,44100
1441695/audio.mp3,mpeg,none,0,,0,0,44100
1442901/audio.mp3,mpeg,lame,1105,LAME3.99r,576,576,44100
1443164/audio.mp3,mpeg,lame,1105,LAME3.99r,576,1673,44100
1444121/audio.mp3,mpeg,lame,1105,Lavc58.13,576,1491,44100
1446316/audio.mp3,mpeg,lame,1105,LAME3.100,576,902,44100
1446439/audio.ogg,ogg,,,,,,
144699/no-rin.mp3,mpeg,lame,1105,Lavf54.49,576,0,44100
1448292/audio.mp3,mpeg,lame,1105,Lavc57.33,576,0,44100
1449460/audio.ogg,ogg,,,,,,
144959/Identity Part 4.mp3,mpeg,none,0,,0,0,44100
1450617/audio.ogg,ogg,,,,,,
1453807/audio.mp3,mpeg,lame,1105,LAME3.100,576,816,44100
1454619/audio.mp3,mpeg,lame,1105,LAME3.99r,576,576,44100
145553/Acceleration.mp3,mpeg,lame,1105,LAME3.99r,576,576,44100
1455731/audio.mp3,mpeg,lame,1105,Lavc58.54,576,576,44100
1455812/audio.mp3,mpeg,lame,1105,LAME3.100,576,576,48000
1457877/audio.mp3,mpeg,lame,1105,LAME3.99r,576,1216,48000
1458344/audio.ogg,ogg,,,,,,
1459163/audio.mp3,mpeg,lame,1105,LAME3.100,576,1600,44100
1461264/audio.mp3,mpeg,lame,1105,Lavc57.33,576,0,44100
1461767/audio.ogg,ogg,,,,,,
1461937/Naughty Kitten.mp3,mpeg,lame,1105,Lavc58.54,576,704,44100
1465254/audio.mp3,mpeg,lame,1105,LAME3.99r,576,576,44100
1465690/audio.mp3,mpeg,lame,1105,LAME3.100,576,1105,44100
1466025/shiki_pureruby.mp3,mpeg,lame,1105,LAME3.100,576,576,44100
1466713/audio.mp3,mpeg,lame,1105,LAME3.99r,576,576,44100
1466792/audio.mp3,mpeg,lame,1105,Lavc57.33,576,0,44100
1467730/audio.mp3,mpeg,lame,1105,LAME3.99r,576,744,44100
1467805/audio.mp3,mpeg,lame,1105,LAME3.99r,576,1560,44100
1468597/audio.mp3,mpeg,lame,1105,LAME3.99r,576,576,44100
146875/Yuriyurarararayuruyuri Daijiken (TV Size).mp3,mpeg,none,0,,0,0,44100
1469397/audio.mp3,mpeg,lame,1105,LAME3.99r,576,576,48000
1469677/audio.mp3,mpeg,lame,1105,LAME3.100,576,1105,44100
1469980/audio.ogg,ogg,,,,,,
1470543/audio.mp3,mpeg,lame,1105,LAME3.99r,576,576,44100
147152/comaensou.mp3,mpeg,lame,1105,LAME3.99r,576,1297,44100
1471537/audio.mp3,mpeg,lame,1105,Lavc57.33,576,0,44100
1471618/audio.mp3,mpeg,lame,1105,LAME3.99r,576,576,44100
147232/KIMONO - PRINCESS.mp3,mpeg,lame,1105,LAME3.98r,576,1728,44100
1472399/Yume e no Ippo.mp3,mpeg,lame,1105,LAME3.100,576,1188,44100
147281/WonChu KissMe!.mp3,mpeg,none,0,,0,0,44100
1474157/audio.mp3,mpeg,lame,1105,LAME3.100,576,864,44100
1474843/audio.mp3,mpeg,none,0,,0,0,44100
1474891/audio.mp3,mpeg,lame,1105,LAME3.99r,576,1584,48000
1475460/toumei datta sekai.mp3,mpeg,lame,1105,LAME3.99r,576,1458,44100
1475830/audio.mp3,mpeg,none,0,,0,0,44100
1475969/audio.mp3,mpeg,none,0,,0,0,44100
1476222/audio.ogg,ogg,,,,,,
1477169/audio.mp3,mpeg,lame,1105,LAME3.99r,576,609,44100
1477789/audio.mp3,mpeg,lame,1105,LAME3.99r,576,1525,44100
1479205/audio.mp3,mpeg,lame,1105,LAME3.99r,576,1440,44100
1479296/audio.mp3,mpeg,lame,1105,LAME3.100,576,1208,44100
1479680/audio.mp3,mpeg,lame,1105,LAME3.100,576,1512,44100
1479741/audio.mp3,mpeg,lame,1105,Lavc57.33,576,0,44100
1480868/audio.mp3,mpeg,lame,1105,LAME3.99r,576,576,44100
1481796/audio.mp3,mpeg,lame,1105,LAME3.100,576,1403,44100
1482354/audio.ogg,ogg,,,,,,
1483944/audio.mp3,mpeg,lame,1105,LAME3.99r,576,589,44100
1485056/audio.mp3,mpeg,lame,1105,LAME3.100,576,816,44100
1485217/audio.mp3,mpeg,lame,1105,LAME3.100,576,1105,44100
1486395/goodmorning.mp3,mpeg,lame,1105,LAME3.100,576,1656,44100
148702/KiraiNoWaKeLychee.mp3,mpeg,none,0,,0,0,44100
1487045/audio.mp3,mpeg,lame,1105,LAME3.100,576,1105,44100
148760/Born To Be.mp3,mpeg,lame,1105,LAME3.99r,576,1490,44100
1488069/audio.mp3,mpeg,lame,1105,LAME3.99r,576,576,44100
1488593/audio.mp3,mpeg,lame,1105,Lavf54.63,576,0,48000
1488726/audio.mp3,mpeg,lame,1105,LAME3.100,576,1463,44100
1488740/audio.mp3,mpeg,lame,1105,LAME3.100,576,576,44100
1488829/audio.mp3,mpeg,none,0,,0,0,48000
1489335/audio.mp3,mpeg,none,0,,0,0,44100
"148979/[Angel Beats!] My Soul, My Beats! - In Real Life (French Fandub).mp3",mpeg,xing,0,,0,0,44100
1489889/audio.mp3,mpeg,none,0,,0,0,44100
1490200/audio.mp3,mpeg,lame,1105,Lavc57.33,576,0,44100
1490712/audio.mp3,mpeg,lame,1105,LAME3.100,576,1068,44100
1490725/audio.mp3,mpeg,lame,1105,Lavc57.33,576,0,44100
1492017/audio.mp3,mpeg,lame,1105,LAME3.100,576,832,44100
1492528/audio.mp3,mpeg,lame,1105,Lavc57.33,576,0,48000
1492606/audio.mp3,mpeg,lame,1105,LAME3.100,576,792,44100
1493843/sagashite.ogg,ogg,,,,,,
1494300/audio.mp3,mpeg,lame,1105,LAME3.100,576,960,44100
1495387/audio.mp3,mpeg,lame,1105,Lavc57.33,576,0,44100
1495457/audio.mp3,mpeg,lame,1105,LAME3.100,576,1392,48000
1497081/audio.mp3,mpeg,lame,1105,LAME3.100,576,832,44100
1498834/audio.mp3,mpeg,lame,1105,LAME3.100,576,1370,44100
1499627/audio.mp3,mpeg,lame,1105,LAME3.100,576,1105,44100
1500194/audio.mp3,mpeg,lame,1105,LAME3.99r,576,576,44100
1500477/audio.ogg,ogg,,,,,,
1501294/audio.mp3,mpeg,lame,1105,LAME3.100,576,1214,44100
1502322/audio.mp3,mpeg,lame,1105,LAME3.97,576,1260,44100
1502690/audio.mp3,mpeg,none,0,,0,0,48000
1503565/audio.ogg,ogg,,,,,,
1503789/audio.mp3,mpeg,lame,1105,LAME3.99r,576,1465,44100
1505323/audio.mp3,mpeg,lame,1105,Lavc58.36,576,1437,44100
1505336/audio.mp3,mpeg,lame,1105,Lavc58.54,576,1655,44100
1505724/audio.mp3,mpeg,lame,1105,LAME3.99r,576,1314,44100
1505746/audio.mp3,mpeg,lame,1105,LAME3.100,576,1105,44100
1506339/audio.mp3,mpeg,lame,1105,Lavc58.35,576,1463,44100
1506341/audio.mp3,mpeg,lame,1105,LAME3.100,576,616,44100
1506614/audio.mp3,mpeg,lame,1105,Lavc57.33,576,0,44100
1507653/RESONANCE.ogg,ogg,,,,,,
1508399/audio.ogg,ogg,,,,,,
1508761/audio.mp3,mpeg,lame,1105,LAME3.100,576,1105,44100
150928/F4R.mp3,mpeg,lame,1105,LAME3.98r,576,1728,44100
1510469/gai runs at 300.mp3,mpeg,none,0,,0,0,44100
1510886/audio.mp3,mpeg,xing,0,Lavf,0,0,44100
1510988/audio.mp3,mpeg,lame,1105,LAME3.100,576,1165,48000
1511008/audio.ogg,ogg,,,,,,
1513881/audio.mp3,mpeg,none,0,,0,0,44100
1515875/audio.mp3,mpeg,lame,1105,LAME3.100,576,1459,44100
151649/NegaRen - Goin' Under.mp3,mpeg,lame,1105,LAME3.99r,576,576,44100
1517582/audio.mp3,mpeg,lame,1105,LAME3.100,576,576,44100
1518728/audio.ogg,ogg,,,,,,
1518740/zombie.ogg,ogg,,,,,,
1520686/audio.ogg,ogg,,,,,,
1523131/audio.ogg,ogg,,,,,,
1524587/audio.mp3,mpeg,lame,1105,LAME3.99r,576,778,44100
1526058/Camellia vs. Akira Complex - Railgun Roulette (Cut Ver.).mp3,mpeg,lame,1105,LAME3.100,576,1470,44100
1527687/audio.mp3,mpeg,lame,1105,LAME3.100,576,612,48000
1528284/audio.ogg,ogg,,,,,,
1529523/audio.ogg,ogg,,,,,,
1531489/audio.mp3,mpeg,lame,1105,Lavc57.33,576,0,48000
153199/[O2Jam] SHK -   (Couple Breaking).mp3,mpeg,xing,0,,0,0,44100
153239/Mp3.mp3,mpeg,lame,1105,LAME3.98r,576,1728,44100
153316/Dear You.mp3,mpeg,none,0,,0,0,44100
1534597/audio.mp3,mpeg,lame,1105,Lavc57.33,576,0,44100
1535317/audio.mp3,mpeg,lame,1105,LAME3.100,576,1105,44100
1536207/audio.mp3,mpeg,lame,1105,Lavc58.35,576,960,44100
1537104/audio.mp3,mpeg,lame,1105,LAME3.99r,576,576,44100
1537107/audio.mp3,mpeg,lame,1105,LAME3.100,576,576,44100
1537394/audio.mp3,mpeg,lame,1105,Lavc58.54,576,576,44100
153853/Trident  Blue Field (short ver.).mp3,mpeg,xing,0,,0,0,44100
1538859/audio.mp3,mpeg,lame,1105,Lavc58.91,576,883,48000
1538905/audio.mp3,mpeg,lame,1105,Lavc58.18,576,1536,44100
1539091/audio.mp3,mpeg,lame,1105,LAME3.99r,576,576,44100
1539403/Y.Y.Y.Keikaku!!!! (Game Size).ogg,ogg,,,,,,
1539440/audio.ogg,ogg,,,,,,
1540358/18. Touhou Hisouten.ogg,ogg,,,,,,
1541196/audio.mp3,mpeg,lame,1105,Lavc57.33,576,0,48000
154156/Sakura Reflection (P-Light Slayer Remix) [EXH].mp3,mpeg,none,0,,0,0,44100
1542298/audio.mp3,mpeg,lame,1105,LAME3.98r,576,0,44100
1542320/audio.mp3,mpeg,lame,1105,LAME3.100,576,1080,44100
1542486/audio.mp3,mpeg,lame,1105,LAME3.100,576,1043,44100
1544167/tenshikourin.ogg,ogg,,,,,,
1544508/audio.mp3,mpeg,lame,1105,LAME3.100,576,1105,44100
1545283/audio.mp3,mpeg,lame,1105,LAME3.100,576,1116,48000
1545844/audio.mp3,mpeg,lame,1105,Lavc59.18,576,844,44100
1546704/audio.mp3,mpeg,lame,1105,LAME3.100,576,801,44100
1547267/audio.mp3,mpeg,lame,1105,LAME3.100,576,1453,44100
1547639/audio.mp3,mpeg,none,0,,0,0,48000
1547705/audio.mp3,mpeg,lame,1105,LAME3.99r,576,576,44100
1548045/audio.mp3,mpeg,lame,1105,LAME3.100,576,1464,44100
1549858/audio.ogg,ogg,,,,,,
1551253/audio.mp3,mpeg,lame,1105,LAME3.100,576,1163,48000
1551290/audio.ogg,ogg,,,,,,
1551323/audio.mp3,mpeg,lame,1105,LAME3.100,576,1656,44100
155315/Strike The Blood ~ Opening 1 ~ High Quality.mp3,mpeg,lame,1105,Lavf54.63,576,0,48000
1553339/audio.mp3,mpeg,lame,1105,LAME3.100,576,637,44100
1555101/PPBQ.ogg,ogg,,,,,,
1555120/audio.mp3,mpeg,lame,1105,LAME3.100,576,576,44100
1555968/audio.mp3,mpeg,none,0,,0,0,44100
1556170/audio.mp3,mpeg,lame,1105,LAME3.100,576,1105,48000
155621/Sota Fujimori - DANCE ALL NIGHT.mp3,mpeg,none,0,,0,0,44100
155749/1337.mp3,mpeg,none,0,,0,0,44100
1557713/audio.mp3,mpeg,lame,1105,Lavc57.33,576,0,44100
1557811/audio.mp3,mpeg,lame,1105,LAME3.100,576,1516,44100
1557840/audio.mp3,mpeg,lame,1105,Lavc58.13,576,840,44100
1557981/audio.ogg,ogg,,,,,,
1558101/audio.mp3,mpeg,lame,1105,LAME3.100,576,576,44100
1558455/audio.mp3,mpeg,lame,1105,Lavc57.10,576,1401,44100
1558593/audio.mp3,mpeg,lame,1105,Lavc57.33,576,0,44100
1558772/audio.mp3,mpeg,lame,1105,LAME3.100,576,1064,48000
1561114/audio.ogg,ogg,,,,,,
1561448/Receptor feat. K.I.R.A. - Lullaby.mp3,mpeg,none,0,,0,0,44100
1561522/audio.mp3,mpeg,lame,1105,Lavc58.76,576,939,48000
1561624/audio.mp3,mpeg,lame,1105,LAME3.100,576,588,44100
1562996/audio.mp3,mpeg,lame,1105,LAME3.100,576,1138,44100
1563407/audio.mp3,mpeg,lame,1105,LAME3.100,576,1697,48000
1563440/audio.mp3,mpeg,lame,1105,LAME3.100,576,576,48000
1563534/audio.mp3,mpeg,lame,1105,LAME3.100,576,1105,44100
1563853/Valsqotch.mp3,mpeg,lame,1105,LAME3.99r,576,1041,44100
1564644/audio.mp3,mpeg,lame,1105,LAME3.100,576,1030,44100
1564775/audio.mp3,mpeg,lame,1105,LAME3.100,576,576,44100
1564921/audio.mp3,mpeg,none,0,,0,0,44100
1565421/audio.mp3,mpeg,lame,1105,Lavc58.54,576,1001,44100
1565587/audio.ogg,ogg,,,,,,
1565681/L9.ogg,ogg,,,,,,
1566347/audioRB.mp3,mpeg,lame,1105,LAME3.100,576,736,48000
1566829/audio.ogg,ogg,,,,,,
1567447/audio.mp3,mpeg,lame,1105,Lavc57.33,576,0,44100
1568199/audio.mp3,mpeg,lame,1105,LAME3.100,576,1644,44100
1568720/audio.mp3,mpeg,lame,1105,LAME3.100,576,781,48000
1569288/audio.mp3,mpeg,none,0,,0,0,44100
1569343/audio.mp3,mpeg,lame,1105,LAME3.100,576,1395,44100
156937/HNI Op.mp3,mpeg,lame,1105,Lavf55.19,576,0,44100
1570640/audio.mp3,mpeg,lame,1105,Lavc57.33,576,0,44100
1570983/inevitable.mp3,mpeg,lame,1105,LAME3.99r,576,576,44100
1570994/masquerade.mp3,mpeg,lame,1105,LAME3.99r,576,576,44100
1572674/audio.ogg,ogg,,,,,,
1574211/audio.mp3,mpeg,lame,1105,LAME3.100,576,1364,44100
1574249/audio.ogg,ogg,,,,,,
1575975/audio.ogg,ogg,,,,,,
1577144/audio.mp3,mpeg,lame,1105,LAME3.100,576,1488,48000
1577393/audio.mp3,mpeg,lame,1105,LAME3.100,576,861,44100
1577922/audio.mp3,mpeg,lame,1105,LAME3.100,576,1040,48000
1578459/audio.mp3,mpeg,lame,1105,LAME3.100,576,1105,44100
1578629/audio.mp3,mpeg,lame,1105,LAME3.100,576,616,48000
1578719/audio.ogg,ogg,,,,,,
157896/Meg & Dia - Monster (DotEXE Dubstep Remix).mp3,mpeg,none,0,,0,0,44100
1579889/audio.mp3,mpeg,lame,1105,LAME3.100,576,1105,44100
1580868/audio.mp3,mpeg,lame,1105,LAME3.99r,576,1293,44100
1581028/audio.mp3,mpeg,lame,1105,Lavc57.33,576,0,44100
1582703/audio.mp3,mpeg,none,0,,0,0,44100
1584031/04 - drop pop candy.mp3,mpeg,none,0,,0,0,44100
1584414/audio.ogg,ogg,,,,,,
1585962/audio.mp3,mpeg,lame,1105,LAME3.100,576,758,44100
1586882/Ichido dake no Koi nara.mp3,mpeg,lame,1105,Lavc58.54,576,696,48000
1587252/audio.mp3,mpeg,lame,1105,Lavc58.99,576,1073,48000
1588699/audio.mp3,mpeg,lame,1105,LAME3.100,576,1077,44100
1589537/audio.mp3,mpeg,none,0,,0,0,44100
1590114/audio.ogg,ogg,,,,,,
1590176/audio.mp3,mpeg,none,0,,0,0,44100
1590177/audio.mp3,mpeg,none,0,,0,0,44100
1590373/audio.ogg,ogg,,,,,,
159068/AAA - Wake up.mp3,mpeg,none,0,,0,0,48000
1590788/audio.mp3,mpeg,none,0,,0,0,44100
1591620/audio.mp3,mpeg,lame,1105,Lavc57.33,576,0,44100
1592035/4 - Izumi 7983.mp3,mpeg,lame,1105,LAME3.100,576,1105,44100
1592860/audio.mp3,mpeg,none,0,,0,0,44100
1593180/audio.mp3,mpeg,lame,1105,Lavc58.54,576,1152,44100
1595170/audio.ogg,ogg,,,,,,
159519/voice.mp3,mpeg,none,0,,0,0,44100
1595581/audio.mp3,mpeg,lame,1105,LAME3.100,576,960,44100
1597404/audio.ogg,ogg,,,,,,
1597869/audio.mp3,mpeg,lame,1105,LAME3.100,576,816,44100
1598090/MILF - Friday Night Funkin' [METAL].mp3,mpeg,xing,0,Lavf,0,0,44100
1598479/audio.ogg,ogg,,,,,,
1598591/azure.mp3,mpeg,none,0,,0,0,44100
1599124/audio.mp3,mpeg,lame,1105,LAME3.99r,576,576,44100
1600318/audio.mp3,mpeg,none,0,,0,0,44100
1601762/audio.ogg,ogg,,,,,,
1602124/LightsCameraAction_StudiopolisAct1.mp3,mpeg,lame,1105,LAME3.99r,576,576,44100
1602254/audio.mp3,mpeg,lame,1105,LAME3.100,576,1260,44100
1602283/audio.ogg,ogg,,,,,,
1602476/audio.mp3,mpeg,none,0,,0,0,44100
1604016/audio.mp3,mpeg,lame,1105,LAME3.100,576,888,44100
1604725/audio.mp3,mpeg,lame,1105,LAME3.100,576,1105,44100
1604806/audio.mp3,mpeg,lame,1105,Lavc57.33,576,0,44100
1605766/gatway.mp3,mpeg,lame,1105,Lavc58.13,576,1020,44100
1606009/audio.mp3,mpeg,lame,1105,LAME3.98r,576,1753,44100
1606251/spiral.mp3,mpeg,lame,1105,LAME3.99r,576,1023,44100
1606261/audio.mp3,mpeg,lame,1105,LAME3.99r,576,576,48000
1606431/Fluctuation.mp3,mpeg,lame,1105,Lavc57.33,576,0,44100
1606686/audio.mp3,mpeg,lame,1105,Lavc58.54,576,1332,44100
1606899/audio.mp3,mpeg,lame,1105,LAME3.100,576,1158,44100
1607093/audio.mp3,mpeg,lame,1105,LAME3.100,576,1563,48000
"1607175/Lv11,23 Alastor.mp3",mpeg,lame,1105,LAME3.98r,576,1158,44100
160779/No.1127.mp3,mpeg,lame,1105,LAME3.99r,576,1105,44100
1608511/audio.ogg,ogg,,,,,,
1608630/audio.ogg,ogg,,,,,,
1609035/audio.mp3,mpeg,lame,1105,Lavc57.33,576,0,44100
160914/Daisy.mp3,mpeg,lame,1105,LAME3.99r,576,1282,44100
160937/Get goal.mp3,mpeg,none,0,,0,0,44100
"161066/Hanazawa Kana, Itou Shizuka, Toyosaki Aki - Minna no Namee wo Irete Kudasai.mp3",mpeg,none,0,,0,0,44100
1611879/audio.mp3,mpeg,lame,1105,LAME3.99r,576,1168,48000
1612144/audio.mp3,mpeg,lame,1105,Lavc57.33,576,0,44100
1612185/audio.mp3,mpeg,lame,1105,LAME3.100,576,986,44100
161328/dod.mp3,mpeg,none,0,,0,0,44100
1614117/audio.mp3,mpeg,lame,1105,LAME3.100,576,1656,44100
1614162/threeythrees.mp3,mpeg,lame,1105,LAME3.99r,576,912,44100
1614473/audio.ogg,ogg,,,,,,
1615491/audio.ogg,ogg,,,,,,
1616498/audio.mp3,mpeg,lame,1105,LAME3.99r,576,965,44100
1617161/audio.mp3,mpeg,lame,1105,SIT4.50.0,576,1231,44100
1618085/audio.mp3,mpeg,lame,1105,Lavc58.13,576,1367,48000
1618286/audio.mp3,mpeg,lame,1105,LAME3.100,576,576,44100
1618310/audio.mp3,mpeg,lame,1105,LAME3.100,576,984,44100
1619670/audio.ogg,ogg,,,,,,
1619724/audio.mp3,mpeg,lame,1105,Lavc58.11,576,732,44100
1620414/audio.ogg,ogg,,,,,,
1621762/audio.mp3,mpeg,lame,1105,LAME3.100,576,1105,48000
1622189/audio.mp3,mpeg,lame,1105,LAME3.100,576,1173,44100
1622715/audio.mp3,mpeg,lame,1105,LAME3.100,576,1716,44100
1622756/audio.mp3,mpeg,lame,1105,LAME3.100,576,976,44100
1623184/audio.mp3,mpeg,lame,1105,Lavc57.33,576,0,44100
1623432/audio.ogg,ogg,,,,,,
1624523/audio.mp3,mpeg,lame,1105,LAME3.100,576,732,44100
1627253/audio.mp3,mpeg,lame,1105,Lavc58.13,576,1404,44100
1627998/audio.mp3,mpeg,lame,1105,LAME3.100,576,1105,44100
1628742/audio.mp3,mpeg,lame,1105,LAME3.100,576,576,44100
1628745/shrobnle.mp3,mpeg,lame,1105,LAME3.99r,576,888,44100
1629018/audio.mp3,mpeg,lame,1105,LAME3.100,576,576,48000
1630274/audio.mp3,mpeg,lame,1105,LAME3.100,576,1368,44100
1630285/audio.mp3,mpeg,lame,1105,LAME3.100,576,1088,48000
1630781/audio.mp3,mpeg,lame,1105,LAME3.100,576,784,44100
1632061/audio.mp3,mpeg,lame,1105,LAME3.100,576,1451,48000
1632950/audio.mp3,mpeg,lame,1105,LAME3.100,576,576,44100
1633866/audio.mp3,mpeg,lame,1105,LAME3.100,576,751,44100
1637454/audio.mp3,mpeg,lame,1105,LAME3.100,576,1412,44100
1637697/audio.mp3,mpeg,lame,1105,LAME3.99r,576,871,48000
1638216/audio.mp3,mpeg,none,0,,0,0,44100
1638266/loonboon.mp3,mpeg,lame,1105,LAME3.100,576,1084,44100
1638280/audio.mp3,mpeg,none,0,,0,0,44100
163908/DON'T CUT.mp3,mpeg,none,0,,0,0,44100
1640281/audio.mp3,mpeg,lame,1105,Lavc57.33,576,0,44100
1640425/schatze.mp3,mpeg,lame,1105,LAME3.99r,576,1685,44100
1641355/audio.mp3,mpeg,lame,1105,LAME3.100,576,912,48000
1641425/audio.mp3,mpeg,lame,1105,LAME3.100,576,964,48000
1641449/audio.ogg,ogg,,,,,,
"164299/Itsuka no, Ikutsuka no Kimi to no Sekai(TV_Size).mp3",mpeg,lame,1105,LAME3.99r,576,576,44100
1643126/audio.mp3,mpeg,lame,1105,LAME3.100,576,576,44100
1644032/audio.mp3,mpeg,lame,1105,Lavc57.33,576,0,44100
1644396/audio.mp3,mpeg,lame,1105,LAME3.100,576,1500,44100
1644647/audio.mp3,mpeg,lame,1105,LAME3.100,576,576,44100
1644728/audio.ogg,ogg,,,,,,
1644863/audio.ogg,ogg,,,,,,
1645643/audio.mp3,mpeg,lame,1105,Lavc57.33,576,0,44100
1646845/audio.mp3,mpeg,lame,1105,LAME3.100,576,1428,44100
1647221/audio.mp3,mpeg,lame,1105,LAME3.99r,576,576,44100
1647290/audio.mp3,mpeg,lame,1105,LAME3.99r,576,1044,44100
1647438/audio.mp3,mpeg,none,0,,0,0,48000
1649024/audio.ogg,ogg,,,,,,
1649250/audio.mp3,mpeg,lame,1105,LAME3.98r,576,1216,48000
1649795/audio.mp3,mpeg,lame,1105,LAME3.100,576,1382,48000
1650276/audio.ogg,ogg,,,,,,
1650549/audio.mp3,mpeg,lame,1105,LAME3.100,576,689,44100
1651011/audio.mp3,mpeg,lame,1105,LAME3.100,576,1340,44100
1651869/audio.mp3,mpeg,lame,1105,LAME3.99r,576,1399,44100
1652996/audio.mp3,mpeg,lame,1105,LAME3.99r,576,576,44100
1653160/audio.mp3,mpeg,lame,1105,LAME3.100,576,1105,44100
165391/daze 2.mp3,mpeg,lame,1105,LAME3.99r,576,1175,44100
1654622/audio.ogg,ogg,,,,,,
1654907/audio.mp3,mpeg,lame,1105,LAME3.100,576,1088,44100
1656365/audio.mp3,mpeg,lame,1105,LAME3.100,576,1145,44100
1656541/audio.ogg,ogg,,,,,,
1656978/blackray.ogg,ogg,,,,,,
1657952/audio.mp3,mpeg,lame,1105,LAME3.100,576,1141,44100
1658451/audio.mp3,mpeg,lame,1105,Lavc58.10,576,1095,48000
1658903/audio.ogg,ogg,,,,,,
1659467/audio.mp3,mpeg,lame,1105,Lavc57.33,576,0,48000
1660102/audio.mp3,mpeg,lame,1105,Lavc57.48,576,0,44100
1660169/audio.mp3,mpeg,none,0,,0,0,44100
1661762/audio.mp3,mpeg,lame,1105,Lavc57.33,576,0,44100
1662046/audio.ogg,ogg,,,,,,
1662281/audio.ogg,ogg,,,,,,
1662562/audio.mp3,mpeg,lame,1105,Lavc57.10,576,1518,48000
1662735/audio.mp3,mpeg,lame,1105,Lavc58.54,576,638,44100
1664254/audio.mp3,mpeg,none,0,,0,0,48000
1664855/audio.ogg,ogg,,,,,,
1664904/audio.ogg,ogg,,,,,,
1665269/audio.mp3,mpeg,lame,1105,Lavc57.33,576,0,44100
1665299/audio.mp3,mpeg,lame,1105,LAME3.100,576,1372,44100
1665415/audio.mp3,mpeg,lame,1105,Lavc58.35,576,1382,48000
1665428/audio.mp3,mpeg,lame,1105,LAME3.100,576,1008,44100
1665436/audio.ogg,ogg,,,,,,
1665442/audio.ogg,ogg,,,,,,
1665948/audio.mp3,mpeg,lame,1105,Lavc57.33,576,0,44100
1667016/audio.mp3,mpeg,lame,1105,Lavf,576,576,48000
1667401/audio.mp3,mpeg,lame,1105,Lavc59.14,576,576,44100
1667457/audio.mp3,mpeg,lame,1105,LAME3.100,576,576,44100
1667473/audio.mp3,mpeg,lame,1105,LAME3.100,576,1315,44100
1668655/audio.mp3,mpeg,lame,1105,LAME3.100,576,576,48000
1670140/audio.mp3,mpeg,lame,1105,Lavc60.22,576,659,44100
1670325/audio.mp3,mpeg,lame,1105,Lavc57.33,576,0,44100
1670474/audio.mp3,mpeg,lame,1105,Lavc59.18,576,576,44100
1671022/audio.ogg,ogg,,,,,,
1671162/audio.mp3,mpeg,none,0,,0,0,44100
1671241/audio.mp3,mpeg,lame,1105,Lavc57.33,576,0,44100
1671244/audio.ogg,ogg,,,,,,
1671360/audio.ogg,ogg,,,,,,
1671473/audio.ogg,ogg,,,,,,
1671792/MirroR.mp3,mpeg,lame,1105,LAME3.97,576,2086,44100
1672422/audio.mp3,mpeg,lame,1105,Lavf,576,1681,44100
1672894/CyberConnect.ogg,ogg,,,,,,
1672943/audio.mp3,mpeg,lame,1105,LAME3.100,576,1703,44100
1673284/audio.mp3,mpeg,lame,1105,LAME3.100,576,576,44100
1674394/audio.mp3,mpeg,none,0,,0,0,44100
1674865/audio.ogg,ogg,,,,,,
1676679/audio.ogg,ogg,,,,,,
1678052/audio.mp3,mpeg,lame,1105,LAME3.99r,576,960,44100
167880/Babymetal - Megitsune.mp3,mpeg,lame,1105,LAME3.99r,576,1067,44100
1679665/audio.mp3,mpeg,lame,1105,LAME3.99r,576,782,44100
1679792/audio.ogg,ogg,,,,,,
1680342/audio.mp3,mpeg,lame,1105,LAME3.100,576,576,44100
1680345/audio.mp3,mpeg,lame,1105,LAME3.100,576,1105,48000
1680354/audio.mp3,mpeg,lame,1105,LAME3.100,576,1076,44100
1680685/audio.ogg,ogg,,,,,,
168111/Tokohana.mp3,mpeg,lame,1105,LAME3.99r,576,576,48000
1681210/audio.ogg,ogg,,,,,,
1681655/audio.mp3,mpeg,lame,1105,LAME3.100,576,1091,44100
1683184/wii.mp3,mpeg,lame,1105,Lavc58.13,576,908,44100
1683527/audio.mp3,mpeg,lame,1105,LAME3.100,576,905,44100
1683625/BNK48_-_Koisuru_Fortune_Cookie_ZekaiDot_remix.ogg,ogg,,,,,,
1683645/audio.ogg,ogg,,,,,,
1683685/audio.mp3,mpeg,lame,1105,Lavc59.12,576,732,44100
1683802/audio.mp3,mpeg,lame,1105,Lavc57.33,576,0,44100
1684004/audio.mp3,mpeg,lame,1105,LAME3.99r,576,576,44100
1684128/audio.mp3,mpeg,lame,1105,LAME3.100,576,894,44100
1685967/audio.mp3,mpeg,lame,1105,LAME3.100,576,1358,44100
1686033/21_Termination_of_Desires.ogg,ogg,,,,,,
1686734/audio.mp3,mpeg,lame,1105,LAME3.100,576,712,48000
1686759/audio.mp3,mpeg,lame,1105,LAME3.99r,576,1704,44100
1687454/audio.mp3,mpeg,lame,1105,LAME3.100,576,576,44100
1687741/audio.mp3,mpeg,lame,1105,LAME3.100,576,821,44100
1687800/audio.ogg,ogg,,,,,,
1687832/audio.ogg,ogg,,,,,,
1688622/Ever Green.mp3,mpeg,lame,1105,Lavc58.54,576,720,44100
1688958/audio.mp3,mpeg,lame,1105,LAME3.100,576,1568,44100
1689501/audio.mp3,mpeg,lame,1105,LAME3.100,576,1420,44100
1690030/audio.mp3,mpeg,lame,1105,LAME3.100,576,576,48000
1690140/audio.mp3,mpeg,lame,1105,LAME3.100,576,756,44100
1690328/audio.ogg,ogg,,,,,,
1691791/audio.mp3,mpeg,lame,1105,LAME3.100,576,1105,44100
1691885/audio.ogg,ogg,,,,,,
1692007/audio.mp3,mpeg,lame,1105,LAME3.100,576,576,48000
169380/Gokukoku.mp3,mpeg,none,0,,0,0,32000
1694166/audio.mp3,mpeg,lame,1105,LAME3.100,576,1629,44100
1694365/audio.mp3,mpeg,lame,1105,LAME3.100,576,704,48000
1695340/audio.mp3,mpeg,lame,1105,Lavc58.13,576,912,44100
1695972/audio.mp3,mpeg,lame,1105,LAME3.99r,576,1501,44100
1696327/audio.mp3,mpeg,lame,1105,LAME3.100,576,987,44100
1696523/audio.mp3,mpeg,lame,1105,LAME3.100,576,864,44100
1697298/audio.mp3,mpeg,lame,1105,LAME3.100,576,1512,44100
1697475/audio.mp3,mpeg,lame,1105,LAME3.100,576,770,44100
1697477/gekishou.ogg,ogg,,,,,,
1697584/audio.mp3,mpeg,lame,1105,LAME3.100,576,1379,44100
1698754/audio.mp3,mpeg,lame,1105,LAME3.100,576,1488,44100
1698761/audio.mp3,mpeg,lame,1105,Lavc57.33,576,0,44100
1699001/audio.mp3,mpeg,lame,1105,LAME3.100,576,1105,44100
1699323/audio.mp3,mpeg,lame,1105,Lavc58.13,576,996,44100
169985/Yumekai Biyori.mp3,mpeg,lame,1105,LAME3.99r,576,576,44100
1700363/audio.mp3,mpeg,none,0,,0,0,44100
1700903/audio.mp3,mpeg,none,0,,0,0,44100
1701223/audio.mp3,mpeg,lame,1105,Lavc57.33,576,0,44100
170144/Ending Theme Tokohana.mp3,mpeg,none,0,,0,0,44100
1701849/audio.mp3,mpeg,none,0,,0,0,44100
1702342/audio.ogg,ogg,,,,,,
1702460/Character Demo -  Yae Miko Anecdote of a Divine Kitsune Guuji    Genshin Impact.ogg,ogg,,,,,,
1702668/audio.ogg,ogg,,,,,,
170327/valvrave op - preserved roses (tv-size).mp3,mpeg,none,0,,0,0,48000
1703288/Roselia.mp3,mpeg,lame,1105,Lavc59.18,576,1380,44100
1703436/audio.mp3,mpeg,lame,1105,LAME3.100,576,832,48000
1703671/audio.mp3,mpeg,lame,1105,LAME3.100,576,1256,44100
1704136/audio.mp3,mpeg,lame,1105,Lavc57.33,576,0,48000
170446/Rubik's Cube.mp3,mpeg,lame,1105,SIT4.50.0,576,1683,44100
1706221/audio.mp3,mpeg,lame,1105,LAME3.100,576,826,44100
1706252/Oodoori o Arukeba.mp3,mpeg,lame,1105,LAME3.99r,576,828,44100
1707554/audio.mp3,mpeg,lame,1105,LAME3.100,576,1152,44100
1707723/audio.mp3,mpeg,lame,1105,LAME3.100,576,704,48000
1708332/audio.mp3,mpeg,lame,1105,Lavc57.33,576,0,44100
1708692/audio.mp3,mpeg,lame,1105,LAME3.100,576,1008,48000
1708797/audio.mp3,mpeg,lame,1105,LAME3.99r,576,576,48000
170968/Fairy Tail (2015) Opening 1 [HD] [1080p] (mp3cut.net).mp3,mpeg,none,0,,0,0,44100
1709954/audio.mp3,mpeg,lame,1105,LAME3.99r,576,1152,44100
1710002/audio.mp3,mpeg,lame,1105,LAME3.100,576,628,48000
1710155/audio.ogg,ogg,,,,,,
1711125/audio.ogg,ogg,,,,,,
1711235/m108 - Shinku no Limit.ogg,ogg,,,,,,
1711378/audio.mp3,mpeg,lame,1105,LAME3.99r,576,576,44100
1711401/audio.mp3,mpeg,none,0,,0,0,44100
1711751/audio.mp3,mpeg,lame,1105,Lavc59.26,576,1044,44100
1711981/audio.mp3,mpeg,lame,1105,LAME3.99r,576,576,44100
1712197/By Your Side.mp3,mpeg,lame,1105,LAME3.99r,576,963,44100
1712803/audio.mp3,mpeg,lame,1105,LAME3.100,576,1440,48000
1712939/audio.mp3,mpeg,lame,1105,Lavf,576,576,44100
1713396/audio.mp3,mpeg,lame,1105,LAME3.99r,576,1044,44100
1713675/audio.mp3,mpeg,lame,1105,LAME3.100,576,704,48000
1714520/audio.ogg,ogg,,,,,,
1714897/audio.mp3,mpeg,lame,1105,LAME3.100,576,1234,48000
1715032/audio.mp3,mpeg,lame,1105,LAME3.99r,576,576,44100
1715101/audio.mp3,mpeg,lame,1105,Lavc58.13,576,1344,48000
1715552/audio.ogg,ogg,,,,,,
1716315/audio.mp3,mpeg,lame,1105,LAME3.100,576,1154,48000
1716339/audio.mp3,mpeg,none,0,,0,0,44100
1717093/audio.mp3,mpeg,lame,1105,LAME3.100,576,1615,44100
1717111/audio.mp3,mpeg,lame,1105,LAME3.100,576,780,44100
1717598/audio.mp3,mpeg,lame,1105,Lavf,576,1273,48000
1717948/audio.ogg,ogg,,,,,,
1718486/audio.mp3,mpeg,lame,1105,Lavc57.33,576,0,44100
171880/xi - Happy End of the World.mp3,mpeg,none,0,,0,0,44100
1718862/audio.mp3,mpeg,lame,1105,Lavc57.33,576,0,44100
1719946/audio.mp3,mpeg,lame,1105,LAME3.100,576,1020,44100
1720248/audio.mp3,mpeg,lame,1105,LAME3.99r,576,576,44100
1720379/audio.ogg,ogg,,,,,,
1720516/audio.mp3,mpeg,none,0,,0,0,44100
1720775/audio.mp3,mpeg,lame,1105,Lavc59.18,576,1564,44100
1720864/audio.mp3,mpeg,lame,1105,LAME3.100,576,576,44100
1721052/audio.mp3,mpeg,lame,1105,LAME3.100,576,684,44100
1721103/audio.ogg,ogg,,,,,,
1721538/audio.mp3,mpeg,lame,1105,LAME3.100,576,620,44100
1721634/SAMString - Night Fighter.mp3,mpeg,lame,1105,Lavc58.54,576,576,44100
1721944/audio.mp3,mpeg,lame,1105,Lavc59.9.,576,576,44100
1722017/audio.mp3,mpeg,none,0,,0,0,44100
1722578/audio.mp3,mpeg,lame,1105,LAME3.100,576,1357,44100
1722598/audio.mp3,mpeg,lame,1105,Lavc57.33,576,0,44100
1723681/audio.ogg,ogg,,,,,,
1724495/audio.mp3,mpeg,lame,1105,LAME3.99r,576,1116,44100
1724966/audio.mp3,mpeg,lame,1105,LAME3.100,576,576,44100
1725797/audio.mp3,mpeg,lame,1105,Lavc57.33,576,0,44100
1725902/audio.mp3,mpeg,lame,1105,Lavc57.33,576,0,44100
1726083/audio.mp3,mpeg,lame,1105,Lavc58.54,576,1248,44100
1726352/audio.mp3,mpeg,lame,1105,LAME3.100,576,1618,48000
1726370/audio.ogg,ogg,,,,,,
1726526/audio.ogg,ogg,,,,,,
1726624/audio.ogg,ogg,,,,,,
1726978/audio.mp3,mpeg,lame,1105,LAME3.100,576,606,48000
1727126/audio.mp3,mpeg,lame,1105,LAME3.100,576,1544,44100
1727626/01_06_HUGE W.mp3,mpeg,lame,1105,LAME3.100,576,576,48000
1727891/audio.mp3,mpeg,lame,1105,LAME3.100,576,576,44100
1728049/audio.mp3,mpeg,lame,1105,LAME3.100,576,618,44100
172867/Ryu - Plan 8.mp3,mpeg,none,0,,0,0,44100
1730230/audio.ogg,ogg,,,,,,
1730492/Fox Tales.mp3,mpeg,lame,1105,LAME3.100,576,1374,44100
173152/Analyze.mp3,mpeg,lame,1105,Lavf55.19,576,0,44100
1731739/audio.mp3,mpeg,lame,1105,LAME3.99r,576,1259,44100
1733134/audio.mp3,mpeg,lame,1105,LAME3.99r,576,1692,44100
1733689/audio.mp3,mpeg,lame,1105,LAME3.100,576,576,48000
1733928/disturbed_mind.ogg,ogg,,,,,,
1734003/audio.ogg,ogg,,,,,,
1734056/audio.ogg,ogg,,,,,,
1734103/audio.ogg,ogg,,,,,,
1734513/audio.mp3,mpeg,none,0,,0,0,44100
1734862/audio.ogg,ogg,,,,,,
1735240/audio.mp3,mpeg,lame,1105,LAME3.100,576,605,48000
1735796/audio.mp3,mpeg,none,0,,0,0,44100
1736080/audio.mp3,mpeg,lame,1105,Lavc58.35,576,1680,44100
1736091/audio.mp3,mpeg,lame,1105,LAME3.100,576,1581,44100
1736484/audio.ogg,ogg,,,,,,
1736577/audio.mp3,mpeg,lame,1105,LAME3.100,576,576,44100
1736615/audio.mp3,mpeg,lame,1105,Lavc59.26,576,756,44100
1736699/audio.ogg,ogg,,,,,,
1737067/audio.ogg,ogg,,,,,,
1737085/audio.mp3,mpeg,lame,1105,LAME3.97b,576,2160,44100
1737101/ZxNX - FORTALiCE.mp3,mpeg,lame,1105,Lavc58.54,576,576,44100
1737149/audio.mp3,mpeg,lame,1105,LAME3.100,576,960,48000
1737565/audio.mp3,mpeg,lame,1105,Lavc57.33,576,0,44100
1738026/audio.ogg,ogg,,,,,,
173805/Isshuukan Friends OP [ Niji no Kakera ].mp3,mpeg,lame,1105,LAME3.99r,576,576,44100
1738170/audio.mp3,mpeg,lame,1105,LAME3.100,576,576,44100
1738425/audio.mp3,mpeg,lame,1105,LAME3.100,576,1417,44100
1738595/audio.mp3,mpeg,lame,1105,LAME3.100,576,948,44100
1738818/audio.mp3,mpeg,lame,1105,LAME3.100,576,1195,48000
1739147/audio.mp3,mpeg,lame,1105,Lavc57.33,576,0,44100
1739359/audio.mp3,mpeg,lame,1105,LAME3.99r,576,1463,44100
1739590/audio.ogg,ogg,,,,,,
1739766/audio.ogg,ogg,,,,,,
1740680/audio.ogg,ogg,,,,,,
1741320/audio.mp3,mpeg,lame,1105,Lavf,576,748,44100
1741978/audio.mp3,mpeg,lame,1105,LAME3.100,576,1600,48000
1742617/audio.mp3,mpeg,lame,1105,LAME3.99r,576,949,48000
1742691/audio.ogg,ogg,,,,,,
1743116/audio.mp3,mpeg,none,0,,0,0,44100
1743478/audio.mp3,mpeg,lame,1105,LAME3.100,576,1219,48000
1743718/audio.ogg,ogg,,,,,,
174381/04. AiAe.mp3,mpeg,lame,1105,LAME3.99r,576,576,44100
1744186/machinegun poem doll.mp3,mpeg,lame,1105,LAME3.99r,576,1080,44100
1744376/audio.ogg,ogg,,,,,,
1744814/tsuioku.mp3,mpeg,lame,1105,LAME3.100,576,649,44100
1745001/audio.mp3,mpeg,lame,1105,Lavc57.64,576,576,44100
174526/op2.mp3,mpeg,xing,0,,0,0,44100
174550/haelequin.mp3,mpeg,lame,1105,LAME3.99r,576,1105,44100
1745942/audio.mp3,mpeg,lame,1105,LAME3.100,576,576,48000
1746291/kimini.mp3,mpeg,lame,1105,LAME3.100,576,1027,44100
1746870/audio.mp3,mpeg,lame,1105,Lavc57.33,576,0,44100
1747020/audio.mp3,mpeg,none,0,,0,0,44100
1747426/audio.mp3,mpeg,none,0,,0,0,48000
1748192/audio.mp3,mpeg,lame,1105,LAME3.99r,576,576,44100
1748367/audio.mp3,mpeg,lame,1105,LAME3.100,576,1533,44100
1748707/audio.mp3,mpeg,lame,1105,LAME3.100,576,576,48000
1748728/audio.ogg,ogg,,,,,,
1748739/audio.mp3,mpeg,lame,1105,Lavc57.33,576,0,44100
1749145/audio.ogg,ogg,,,,,,
1749282/09 A Man In The Mirror.mp3,mpeg,lame,1105,LAME3.99r,576,704,48000
1749630/audio.ogg,ogg,,,,,,
1749636/audio.mp3,mpeg,lame,1105,LAME3.100,576,1188,44100
1750040/audio.mp3,mpeg,lame,1105,LAME3.100,576,1344,44100
1750422/audio.mp3,mpeg,lame,1105,LAME3.99r,576,711,44100
1750944/audio.mp3,mpeg,lame,1105,Lavc58.13,576,1111,44100
1751087/audio.ogg,ogg,,,,,,
1751091/Abnormality Dancin' Girl.ogg,ogg,,,,,,
1751103/audio.mp3,mpeg,none,0,,0,0,44100
1751372/audio.mp3,mpeg,none,0,,0,0,44100
1751663/audio.mp3,mpeg,lame,1105,LAME3.99r,576,576,44100
1751746/audio.ogg,ogg,,,,,,
1751787/audio.mp3,mpeg,lame,1105,LAME3.99r,576,824,44100
1751800/audio.mp3,mpeg,lame,1105,Lavc58.91,576,1155,48000
1751887/audio.mp3,mpeg,lame,1105,LAME3.100,576,896,44100
1752211/audio.ogg,ogg,,,,,,
1752369/audio.ogg,ogg,,,,,,
1752575/audio.mp3,mpeg,lame,1105,LAME3.100,576,1251,44100
1752950/starflight.mp3,mpeg,lame,1105,LAME3.99r,576,576,44100
1753058/audio.ogg,ogg,,,,,,
1753164/audio.ogg,ogg,,,,,,
1753800/audio.mp3,mpeg,none,0,,0,0,44100
1753837/audio.mp3,mpeg,xing,0,Lavc58.13,0,0,44100
1753872/audio.mp3,mpeg,lame,1105,Lavc57.33,576,0,44100
1754504/audio.mp3,mpeg,lame,1105,Lavf,576,1681,44100
1754965/audio.mp3,mpeg,lame,1105,LAME3.99r,576,576,44100
1755294/audio.mp3,mpeg,lame,1105,Lavc57.33,576,0,44100
1755927/audio.mp3,mpeg,lame,1105,Lavc57.10,576,672,44100
1756056/audio.mp3,mpeg,lame,1105,LAME3.100,576,576,44100
1756634/audio.mp3,mpeg,lame,1105,Lavf,576,1525,44100
175684/Kagamine Rin - The Lost One's Weeping ().mp3,mpeg,lame,1105,LAME3.99r,576,576,44100
1757266/audio.mp3,mpeg,none,0,,0,0,44100
1757947/audio.ogg,ogg,,,,,,
1758068/audio.mp3,mpeg,lame,1105,LAME3.99r,576,1410,48000
1758135/audio.mp3,mpeg,lame,1105,LAME3.100,576,1105,44100
1759634/audio.mp3,mpeg,none,0,,0,0,44100
1759784/audio.ogg,ogg,,,,,,
1760279/audio.mp3,mpeg,lame,1105,LAME3.100,576,1404,44100
1760594/audio.mp3,mpeg,none,0,,0,0,44100
176066/ichibanboshi.mp3,mpeg,lame,1105,Lavf55.37,576,0,44100
1761150/DISPARATE.mp3,mpeg,lame,1105,Lavc58.13,576,696,44100
1761527/audio.mp3,mpeg,lame,1105,LAME3.99r,576,576,44100
1761555/audio.mp3,mpeg,lame,1105,Lavc58.34,576,1216,44100
1761965/audio.ogg,ogg,,,,,,
1762212/audio.mp3,mpeg,lame,1105,LAME3.99r,576,576,44100
1762835/audio.ogg,ogg,,,,,,
1764088/audio.mp3,mpeg,lame,1105,Lavc58.54,576,1312,48000
1764157/audio.mp3,mpeg,lame,1105,Lavc57.33,576,0,44100
1764374/audio.ogg,ogg,,,,,,
176446/M.A.M.A.mp3,mpeg,lame,1105,LAME3.99r,576,576,44100
1764892/audio.mp3,mpeg,none,0,,0,0,44100
1765222/audio.mp3,mpeg,lame,1105,Lavc57.33,576,0,48000
1765293/audio.mp3,mpeg,lame,1105,LAME3.100,576,1105,48000
1765576/audio.mp3,mpeg,lame,1105,Lavc58.54,576,786,44100
1765619/audio.ogg,ogg,,,,,,
1765718/audio.mp3,mpeg,lame,1105,LAME3.100,576,1220,48000
1766255/audio.mp3,mpeg,lame,1105,LAME3.100,576,576,44100
1766513/audio.mp3,mpeg,lame,1105,LAME3.100,576,1299,48000
1766740/audio.mp3,mpeg,none,0,,0,0,44100
1766981/audio.ogg,ogg,,,,,,
1767320/audio.ogg,ogg,,,,,,
176813/[SDVX] Ray [EXH].mp3,mpeg,xing,0,,0,0,44100
1768231/audio.ogg,ogg,,,,,,
1768392/audio.ogg,ogg,,,,,,
1768657/audio.mp3,mpeg,lame,1105,Lavc59.26,576,576,44100
1768974/audio.mp3,mpeg,lame,1105,Lavc57.33,576,0,44100
"1769310/Chroma - Destroy, Destroy, Destroy The Happy End (Cut Ver.).mp3",mpeg,lame,1105,LAME3.100,576,1370,44100
1770429/audio.mp3,mpeg,lame,1105,LAME3.100,576,1322,48000
1770974/audio.mp3,mpeg,lame,1105,Lavc57.33,576,0,44100
1771125/audio.ogg,ogg,,,,,,
177155/Qualia.mp3,mpeg,none,0,,0,0,44100
1773082/audio.mp3,mpeg,none,0,,0,0,48000
1773112/audio.mp3,mpeg,lame,1105,Lavc57.33,576,0,44100
1773164/audio.ogg,ogg,,,,,,
1773165/audio.mp3,mpeg,lame,1105,Lavc57.33,576,0,44100
1773264/audio.ogg,ogg,,,,,,
1773437/audio.mp3,mpeg,lame,1105,LAME3.100,576,1485,44100
1774517/audio.ogg,ogg,,,,,,
1774643/audio.mp3,mpeg,lame,1105,Lavc57.33,576,0,48000
1775044/audio.mp3,mpeg,lame,1105,Lavc57.33,576,0,44100
1775334/audio.ogg,ogg,,,,,,
1775352/audio.mp3,mpeg,lame,1105,Lavc57.89,576,713,44100
1775437/audio.mp3,mpeg,lame,1105,LAME3.100,576,576,48000
1775996/audio.mp3,mpeg,none,0,,0,0,48000
1776803/audio.ogg,ogg,,,,,,
1776905/audio.mp3,mpeg,lame,1105,LAME3.100,576,737,44100
1777235/audio.mp3,mpeg,lame,1105,LAME3.100,576,753,44100
1777602/audio.ogg,ogg,,,,,,
1777999/kingworld.ogg,ogg,,,,,,
1778490/kingworld.ogg,ogg,,,,,,
1778535/audio.mp3,mpeg,lame,1105,Lavc57.33,576,0,44100
1778816/audio.mp3,mpeg,lame,1105,Lavc57.33,576,0,44100
1778884/audio.mp3,mpeg,lame,1105,LAME3.100,576,1694,48000
1779160/audio.ogg,ogg,,,,,,
1780259/audio.mp3,mpeg,lame,1105,LAME3.100,576,576,44100
1780278/audio.mp3,mpeg,lame,1105,LAME3.99r,576,1521,44100
1781490/audio.ogg,ogg,,,,,,
1781993/audio.mp3,mpeg,lame,1105,LAME3.100,576,576,44100
1782485/audio.mp3,mpeg,none,0,,0,0,44100
1783648/audio.ogg,ogg,,,,,,
1783863/audio.mp3,mpeg,lame,1105,Lavf,576,1256,44100
1784295/audio.mp3,mpeg,lame,1105,Lavc59.18,576,1105,44100
1784558/audio.ogg,ogg,,,,,,
1784978/ReeK - The Everlasting Calamity That Shifts The Time - Space Continuum On A Nanosecondal.mp3,mpeg,lame,1105,LAME3.100,576,1100,44100
1785022/audio.mp3,mpeg,lame,1105,Lavc58.91,576,996,44100
1785169/audio.mp3,mpeg,lame,1105,LAME3.100,576,1386,44100
1785559/audio.ogg,ogg,,,,,,
1785619/audio.mp3,mpeg,lame,1105,LAME3.100,576,1125,44100
1786224/audio.mp3,mpeg,lame,1105,LAME3.99r,576,1004,44100
1786568/audio.mp3,mpeg,lame,1105,Lavc56.56,576,0,44100
1787103/audio.ogg,ogg,,,,,,
1787141/audio.mp3,mpeg,lame,1105,Lavc57.33,576,0,44100
1787200/quietus.ogg,ogg,,,,,,
1787322/audio.mp3,mpeg,lame,1105,LAME3.98r,576,1422,44100
1787942/audio.mp3,mpeg,lame,1105,LAME3.100,576,1216,48000
178826/Trust in you (TV Size).mp3,mpeg,none,0,,0,0,48000
1788341/audio.ogg,ogg,,,,,,
1788727/audio.mp3,mpeg,none,0,,0,0,48000
1788765/audio.mp3,mpeg,lame,1105,LAME3.100,576,665,48000
1788950/audio.mp3,mpeg,lame,1105,Lavc57.33,576,0,44100
1789354/audio.mp3,mpeg,lame,1105,LAME3.100,576,576,44100
1789938/audio.mp3,mpeg,none,0,,0,0,44100
1790685/audio.mp3,mpeg,lame,1105,LAME3.100,576,1446,44100
1790742/audio.ogg,ogg,,,,,,
1791046/audio.mp3,mpeg,lame,1105,LAME3.100,576,1200,44100
1791063/audio.ogg,ogg,,,,,,
1791620/audio.mp3,mpeg,none,0,,0,0,44100
1792303/audio.mp3,mpeg,lame,1105,LAME3.100,576,832,48000
1792369/audio.mp3,mpeg,lame,1105,LAME3.100,576,819,44100
1792394/audio.mp3,mpeg,lame,1105,LAME3.100,576,1350,44100
1793916/audio.mp3,mpeg,lame,1105,LAME3.100,576,1703,44100
1794071/Aiyru_-_Station.ogg,ogg,,,,,,
1794544/audio.mp3,mpeg,lame,1105,LAME3.100,576,1605,44100
1794551/audio.mp3,mpeg,lame,1105,LAME3.100,576,1574,44100
1794589/audio.mp3,mpeg,lame,1105,LAME3.100,576,1056,44100
1794607/audio.mp3,mpeg,lame,1105,LAME3.100,576,672,44100
1794813/audio.ogg,ogg,,,,,,
1794838/audio.mp3,mpeg,lame,1105,LAME3.100,576,1603,44100
1795013/audio.mp3,mpeg,lame,1105,LAME3.100,576,892,44100
1795227/audio.ogg,ogg,,,,,,
1795703/audio.ogg,ogg,,,,,,
1796206/audio.mp3,mpeg,lame,1105,LAME3.99r,576,576,44100
1796612/audio.mp3,mpeg,lame,1105,Lavc57.33,576,0,48000
1796615/audio.mp3,mpeg,lame,1105,LAME3.100,576,1502,44100
1797184/audio.mp3,mpeg,none,0,,0,0,48000
1797319/audio.mp3,mpeg,lame,1105,LAME3.99r,576,576,48000
1798162/audio.mp3,mpeg,none,0,,0,0,44100
1798275/audio.ogg,ogg,,,,,,
1798456/audio.mp3,mpeg,lame,1105,Lavf,576,1068,44100
1798553/audio.mp3,mpeg,lame,1105,LAME3.100,576,1566,48000
1798752/audio.ogg,ogg,,,,,,
1799094/audio.ogg,ogg,,,,,,
1799685/audio.ogg,ogg,,,,,,
1799825/audio.mp3,mpeg,lame,1105,LAME3.100,576,664,48000
179991/This Will Be the Day (James Landino Remix).mp3,mpeg,lame,1105,LAME3.99r,576,576,44100
1800142/audio.mp3,mpeg,lame,1105,LAME3.100,576,1105,44100
1800224/audio.mp3,mpeg,lame,1105,Lavc57.33,576,0,44100
1800790/audio.ogg,ogg,,,,,,
1800866/audio.ogg,ogg,,,,,,
1800930/audio.mp3,mpeg,lame,1105,LAME3.100,576,576,44100
1801306/audio.mp3,mpeg,lame,1105,LAME3.99r,576,576,44100
1801972/audio.mp3,mpeg,lame,1105,Lavc58.35,576,768,48000
1802351/audio.ogg,ogg,,,,,,
1802547/audio.ogg,ogg,,,,,,
1803685/audio.mp3,mpeg,lame,1105,LAME3.100,576,1472,44100
1803803/audio.ogg,ogg,,,,,,
1804062/audio.ogg,ogg,,,,,,
1804631/audio.mp3,mpeg,lame,1105,LAME3.99r,576,1632,48000
1805088/audio.mp3,mpeg,lame,1105,LAME3.100,576,704,48000
1805139/audio.ogg,ogg,,,,,,
1805257/audio.mp3,mpeg,lame,1105,LAME3.100,576,1342,44100
1805268/audio.ogg,ogg,,,,,,
1805371/audio.ogg,ogg,,,,,,
1805498/audio.mp3,mpeg,lame,1105,LAME3.100,576,1347,44100
1805569/audio.ogg,ogg,,,,,,
1805884/audio.mp3,mpeg,none,0,,0,0,44100
1806101/audio.mp3,mpeg,lame,1105,Lavf,576,990,44100
180632/angel.mp3,mpeg,none,0,,0,0,44100
180701/Tsunagu Kizuna.mp3,mpeg,none,0,,0,0,44100
1807266/audio.ogg,ogg,,,,,,
1807327/audio.ogg,ogg,,,,,,
1807942/audio.ogg,ogg,,,,,,
1808304/audio.mp3,mpeg,lame,1105,Lavc57.33,576,0,48000
1808439/audio.mp3,mpeg,lame,1105,Lavc59.18,576,846,48000
1808776/audio.mp3,mpeg,lame,1105,LAME3.100,576,768,44100
1808806/audio.mp3,mpeg,lame,1105,LAME3.100,576,672,44100
1808850/audio.mp3,mpeg,lame,1105,Lavc57.33,576,0,44100
1808934/audio.ogg,ogg,,,,,,
1809252/audio.mp3,mpeg,lame,1105,LAME3.99r,576,718,44100
1810890/audio.ogg,ogg,,,,,,
1811240/audio.ogg,ogg,,,,,,
1812755/audio.mp3,mpeg,lame,1105,Lavf,576,576,44100
1812783/audio.mp3,mpeg,lame,1105,Lavc57.33,576,0,48000
1813106/audio.mp3,mpeg,lame,1105,LAME3.100,576,576,44100
1813261/doggo.ogg,ogg,,,,,,
1813747/audio.ogg,ogg,,,,,,
1813911/audio.mp3,mpeg,lame,1105,LAME3.100,576,1105,44100
1814681/audio.mp3,mpeg,none,0,,0,0,44100
1814840/audio.mp3,mpeg,lame,1105,Lavc57.64,576,1681,44100
1815207/audio.mp3,mpeg,lame,1105,LAME3.100,576,672,44100
1815435/audio.mp3,mpeg,lame,1105,Lavc57.33,576,0,44100
1815468/audio.mp3,mpeg,lame,1105,Lavc58.35,576,1681,44100
1817231/audio.ogg,ogg,,,,,,
1817483/audio.ogg,ogg,,,,,,
1817602/audio.ogg,ogg,,,,,,
1817816/audio.mp3,mpeg,lame,1105,LAME3.100,576,1189,44100
1818014/audio.ogg,ogg,,,,,,
1818355/audio.ogg,ogg,,,,,,
1818715/audio.mp3,mpeg,lame,1105,Lavc57.64,576,1471,44100
1818929/audio.mp3,mpeg,lame,1105,Lavc57.33,576,0,44100
1819015/audio.mp3,mpeg,lame,1105,LAME3.100,576,1105,44100
1819588/audio.mp3,mpeg,lame,1105,Lavc57.33,576,0,44100
1820635/audio.mp3,mpeg,lame,1105,Lavc57.33,576,0,44100
1820843/audio.mp3,mpeg,lame,1105,LAME3.100,576,876,48000
1821893/audio.ogg,ogg,,,,,,
1821940/audio.mp3,mpeg,lame,1105,LAME3.100,576,1236,44100
1821966/Marie - Clover Day's.mp3,mpeg,lame,1105,LAME3.99r,576,1470,44100
1822263/audio.ogg,ogg,,,,,,
1822359/audio.mp3,mpeg,lame,1105,LAME3.100,576,1100,44100
1822620/audio.ogg,ogg,,,,,,
1823196/mirarerarerurare.ogg,ogg,,,,,,
1824189/audio.mp3,mpeg,none,0,,0,0,44100
1824194/audio.mp3,mpeg,lame,1105,LAME3.100,576,578,44100
1824210/audio.mp3,mpeg,lame,1105,LAME3.99r,576,1512,44100
1825062/audio.mp3,mpeg,lame,1105,LAME3.100,576,1068,48000
1825116/audio.ogg,ogg,,,,,,
1825537/audio.mp3,mpeg,lame,1105,Lavc58.91,576,576,48000
1825826/audio.ogg,ogg,,,,,,
1826609/audio.ogg,ogg,,,,,,
1827115/audio.mp3,mpeg,lame,1105,LAME3.99r,576,576,44100
1827202/audio.mp3,mpeg,lame,1105,LAME3.100,576,1207,44100
1828486/audio.mp3,mpeg,lame,1105,LAME3.100,576,1078,44100
1828568/audio.mp3,mpeg,lame,1105,Lavc56.38,576,0,44100
1829046/audio.mp3,mpeg,lame,1105,LAME3.100,576,576,48000
1829908/audio.mp3,mpeg,lame,1105,LAME3.99r,576,756,44100
1830075/audio.mp3,mpeg,lame,1105,LAME3.100,576,576,44100
1830086/audio.ogg,ogg,,,,,,
1830144/perjalanan udara cosmic.mp3,mpeg,lame,1105,LAME3.100,576,704,48000
1830347/audio.mp3,mpeg,lame,1105,LAME3.100,576,594,44100
1830404/audio.ogg,ogg,,,,,,
1830658/audio.ogg,ogg,,,,,,
1832342/audio.ogg,ogg,,,,,,
183272/Ryu - Sakura Mirage [EXH].mp3,mpeg,xing,0,,0,0,44100
1832804/audio.mp3,mpeg,none,0,,0,0,44100
1833326/audio.mp3,mpeg,lame,1105,LAME3.100,576,1105,44100
1834533/audio.mp3,mpeg,lame,1105,Lavc58.13,576,764,48000
1834785/audio.mp3,mpeg,lame,1105,LAME3.100,576,1440,48000
1835271/audio.ogg,ogg,,,,,,
1835578/audio.mp3,mpeg,lame,1105,LAME3.99r,576,576,44100
1835691/audio.mp3,mpeg,lame,1105,LAME3.100,576,576,44100
1835785/audio.ogg,ogg,,,,,,
1835865/Audio.ogg,ogg,,,,,,
1835978/audio.ogg,ogg,,,,,,
1835996/audio.ogg,ogg,,,,,,
1836209/audio.mp3,mpeg,lame,1105,LAME3.99r,576,576,44100
1836594/audio.mp3,mpeg,lame,1105,LAME3.100,576,1296,44100
1836713/audio.mp3,mpeg,lame,1105,Lavc59.9.,576,576,44100
1836849/audio.mp3,mpeg,lame,1105,Lavc57.33,576,0,44100
1837663/Reverse world -Extend ver.-.ogg,ogg,,,,,,
1837666/audio.mp3,mpeg,lame,1105,Lavc57.48,576,0,44100
1838172/audio.ogg,ogg,,,,,,
183878/Sota Fujimori - VOLTEXES II.mp3,mpeg,none,0,,0,0,44100
1839405/audio.mp3,mpeg,lame,1105,LAME3.100,576,1605,44100
1839959/audio.mp3,mpeg,lame,1105,Lavc59.12,576,1248,44100
1840222/audio.mp3,mpeg,lame,1105,LAME3.100,576,1536,44100
184023/bgm_event1.mp3,mpeg,lame,1105,LAME3.98r,576,1151,48000
1840509/audio.mp3,mpeg,lame,1105,Lavc58.13,576,1656,44100
1840885/audio.mp3,mpeg,lame,1105,LAME3.98r,576,1083,44100
1841355/audio.mp3,mpeg,lame,1105,LAME3.100,576,936,44100
1841442/audio.mp3,mpeg,lame,1105,LAME3.100,576,923,44100
1842152/04. PEACE BREAKER.mp3,mpeg,lame,1105,LAME3.100,576,1505,44100
1842979/Dollfie Dream.mp3,mpeg,lame,1105,Lavc57.33,576,0,44100
1843271/audio.ogg,ogg,,,,,,
1844211/audio.mp3,mpeg,none,0,,0,0,44100
1844663/audio.ogg,ogg,,,,,,
1844677/audio.ogg,ogg,,,,,,
1845117/audio.mp3,mpeg,lame,1105,Lavf,576,1236,44100
1845223/audio.ogg,ogg,,,,,,
1845310/audio.mp3,mpeg,lame,1105,LAME3.99r,576,936,48000
1845408/testify_01.ogg,ogg,,,,,,
1845627/audio.mp3,mpeg,lame,1105,LAME3.100,576,1379,48000
1845842/suzuran.ogg,ogg,,,,,,
1846046/audio.mp3,mpeg,lame,1105,LAME3.100,576,768,44100
1846313/audio.ogg,ogg,,,,,,
1846639/audio.mp3,mpeg,lame,1105,LAME3.100,576,576,48000
1847026/audio.mp3,mpeg,lame,1105,LAME3.99r,576,576,48000
1847076/audio.ogg,ogg,,,,,,
1847110/audio.mp3,mpeg,lame,1105,LAME3.100,576,1063,44100
1847706/audio.mp3,mpeg,lame,1105,LAME3.99r,576,1012,44100
1848066/audio.ogg,ogg,,,,,,
1848246/audio.mp3,mpeg,lame,1105,Lavf,576,780,44100
1848285/audio.mp3,mpeg,lame,1105,Lavc57.48,576,0,44100
1848553/photonblaxt.mp3,mpeg,none,0,,0,0,44100
1849145/audio.ogg,ogg,,,,,,
1849703/audio.mp3,mpeg,lame,1105,LAME3.99r,576,1566,44100
1850047/audio.ogg,ogg,,,,,,
1850256/audio.ogg,ogg,,,,,,
1850417/audio.ogg,ogg,,,,,,
1850473/audio.ogg,ogg,,,,,,
1850691/audio.mp3,mpeg,lame,1105,LAME3.100,576,1344,44100
1850702/audio.mp3,mpeg,none,0,,0,0,44100
1850841/audio.mp3,mpeg,lame,1105,LAME3.100,576,1105,44100
1851399/audio.ogg,ogg,,,,,,
1851654/audio.ogg,ogg,,,,,,
1852057/audio.ogg,ogg,,,,,,
1852868/audio.ogg,ogg,,,,,,
1852890/DEAD END.ogg,ogg,,,,,,
185362/OukaRanman.mp3,mpeg,lame,1105,LAME3.98r,576,1932,44100
1853900/W.mp3,mpeg,lame,1105,LAME3.99r,576,1296,44100
1854074/audio.mp3,mpeg,lame,1105,LAME3.100,576,791,44100
1854144/audio.mp3,mpeg,lame,1105,Lavc59.18,576,686,48000
1854516/audio.mp3,mpeg,lame,1105,LAME3.100,576,612,44100
1855396/audio.mp3,mpeg,lame,1105,LAME3.99r,576,576,48000
1855635/audio.mp3,mpeg,lame,1105,Lavc60.30,576,1681,48000
1855686/audio.ogg,ogg,,,,,,
1855737/audio.mp3,mpeg,lame,1105,Lavc58.35,576,1488,48000
1856137/audio.mp3,mpeg,lame,1105,LAME3.100,576,992,48000
1856309/audio.mp3,mpeg,lame,1105,LAME3.100,576,1105,48000
1856730/audio.mp3,mpeg,lame,1105,LAME3.100,576,1133,44100
1856760/audio.mp3,mpeg,lame,1105,Lavc57.10,576,1681,44100
1856786/audio.mp3,mpeg,lame,1105,LAME3.100,576,1440,48000
1857202/audio.mp3,mpeg,lame,1105,LAME3.100,576,576,44100
1857887/audio.mp3,mpeg,lame,1105,LAME3.100,576,1105,44100
1858185/audio.mp3,mpeg,lame,1105,LAME3.100,576,576,44100
1858264/audio.mp3,mpeg,lame,1105,LAME3.100,576,1670,44100
1858535/audio.ogg,ogg,,,,,,
1859134/audio.mp3,mpeg,lame,1105,LAME3.100,576,1349,44100
1859696/audio.ogg,ogg,,,,,,
1859895/audio.mp3,mpeg,lame,1105,LAME3.100,576,577,44100
1860224/audio.mp3,mpeg,lame,1105,LAME3.100,576,1008,44100
1860298/audio.ogg,ogg,,,,,,
1860586/audio.ogg,ogg,,,,,,
186096/snow prismSNOWYCORE.mp3,mpeg,none,0,,0,0,44100
186159/Utakata Ai no Mahoroba.mp3,mpeg,lame,1105,Lavf55.25,576,0,48000
1861699/audio.ogg,ogg,,,,,,
1861785/audio.ogg,ogg,,,,,,
1861820/audio.mp3,mpeg,lame,1105,LAME3.100,576,576,44100
1862321/audio.mp3,mpeg,lame,1105,Lavc58.35,576,1181,48000
1862341/audio.mp3,mpeg,lame,1105,LAME3.100,576,576,44100
1862458/snow.ogg,ogg,,,,,,
1862479/audio.mp3,mpeg,lame,1105,LAME3.99r,576,1084,44100
1863494/audio.mp3,mpeg,lame,1105,Lavc57.33,576,0,44100
1864043/audio.ogg,ogg,,,,,,
1864060/audio.mp3,mpeg,none,0,,0,0,44100
1864149/audio.mp3,mpeg,lame,1105,LAME3.100,576,576,44100
1864421/audio.mp3,mpeg,lame,1105,LAME3.100,576,1472,48000
1864702/audio.ogg,ogg,,,,,,
1864902/audio.mp3,mpeg,lame,1105,LAME3.100,576,576,48000
1865149/audio.ogg,ogg,,,,,,
1865161/audio.ogg,ogg,,,,,,
1865663/op.mp3,mpeg,lame,1105,LAME3.99r,576,1385,48000
1865984/audio.ogg,ogg,,,,,,
1866392/audio.mp3,mpeg,lame,1105,LAME3.100,576,1472,48000
1866619/audio.ogg,ogg,,,,,,
1866641/audio.ogg,ogg,,,,,,
1867776/audio.ogg,ogg,,,,,,
1868110/audio.mp3,mpeg,lame,1105,LAME3.100,576,576,44100
1868387/audio.mp3,mpeg,lame,1105,Lavc57.33,576,0,44100
1868544/audio.mp3,mpeg,lame,1105,LAME3.100,576,1088,48000
1868727/audio.ogg,ogg,,,,,,
1868728/audio.ogg,ogg,,,,,,
1868761/badforme.ogg,ogg,,,,,,
1869329/audio.mp3,mpeg,lame,1105,LAME3.100,576,1353,44100
1869366/audio.mp3,mpeg,lame,1105,Lavc58.34,576,1088,44100
1869555/audio.mp3,mpeg,lame,1105,LAME3.100,576,1571,48000
1870931/audio.mp3,mpeg,lame,1105,LAME3.100,576,825,48000
1871491/audio.mp3,mpeg,lame,1105,LAME3.99r,576,576,44100
187154/Go Beyond!!.mp3,mpeg,none,0,,0,0,44100
1871561/odo.ogg,ogg,,,,,,
1871690/audio.mp3,mpeg,none,0,,0,0,44100
1871717/audio.ogg,ogg,,,,,,
1871849/audio.ogg,ogg,,,,,,
1872276/audio.mp3,mpeg,lame,1105,LAME3.100,576,1152,44100
1872740/Ashrount vs polysha - ZENITH.mp3,mpeg,none,0,,0,0,44100
1873157/audio.ogg,ogg,,,,,,
1873233/audio.mp3,mpeg,lame,1105,LAME3.100,576,1632,44100
1873329/audio.ogg,ogg,,,,,,
1873428/audio.ogg,ogg,,,,,,
1873937/audio.ogg,ogg,,,,,,
1874409/audio.ogg,ogg,,,,,,
1875344/audio.ogg,ogg,,,,,,
187538/daze.mp3,mpeg,lame,1105,LAME3.99r,576,1175,44100
1875624/audio.ogg,ogg,,,,,,
1875975/audio.mp3,mpeg,lame,1105,LAME3.100,576,576,44100
1876493/GYB.ogg,ogg,,,,,,
1876986/audio.mp3,mpeg,lame,1105,LAME3.100,576,576,44100
1877335/audio.ogg,ogg,,,,,,
1877490/audio.ogg,ogg,,,,,,
1877583/audio.ogg,ogg,,,,,,
1877657/audio.mp3,mpeg,lame,1105,LAME3.100,576,576,44100
1877909/audio.ogg,ogg,,,,,,
1877965/audio.mp3,mpeg,lame,1105,LAME3.100,576,1579,44100
1878315/audio.mp3,mpeg,lame,1105,Lavc59.12,576,1681,44100
1878322/audio.mp3,mpeg,lame,1105,Lavc59.12,576,900,44100
1879228/audio.mp3,mpeg,lame,1105,Lavc57.33,576,0,44100
1879379/audio.mp3,mpeg,lame,1105,Lavc56.26,576,0,44100
1879397/audio.ogg,ogg,,,,,,
1879420/audio.ogg,ogg,,,,,,
1879587/audio.mp3,mpeg,lame,1105,Lavc58.13,576,1116,44100
1880080/audio.mp3,mpeg,lame,1105,Lavc57.33,576,0,44100
1880259/audio.mp3,mpeg,lame,1105,LAME3.100,576,704,44100
1880372/audio.ogg,ogg,,,,,,
1880497/audio.mp3,mpeg,lame,1105,Lavc57.33,576,0,44100
1881162/audio.mp3,mpeg,lame,1105,Lavc59.26,576,756,44100
1881554/Yuikonnu - Kakushigoto.mp3,mpeg,none,0,,0,0,44100
1881842/audio.ogg,ogg,,,,,,
1881884/audio.mp3,mpeg,lame,1105,LAME3.100,576,1318,44100
1882252/audio.mp3,mpeg,none,0,,0,0,44100
1882345/audio.mp3,mpeg,lame,1105,Lavc59.12,576,1128,44100
1882756/output.ogg,ogg,,,,,,
1883182/audio.mp3,mpeg,lame,1105,LAME3.100,576,576,44100
1883727/audio.mp3,mpeg,lame,1105,LAME3.100,576,832,48000
1883928/audio.mp3,mpeg,lame,1105,LAME3.99r,576,1683,44100
1883951/audio.ogg,ogg,,,,,,
1883953/audio.ogg,ogg,,,,,,
1884152/hello.ogg,ogg,,,,,,
1884632/audio.mp3,mpeg,lame,1105,LAME3.100,576,1348,44100
1884877/audio.mp3,mpeg,lame,1105,Lavc57.33,576,0,44100
1885178/audio.ogg,ogg,,,,,,
1885207/audio.mp3,mpeg,lame,1105,Lavc58.54,576,1263,44100
1885239/audio.mp3,mpeg,lame,1105,LAME3.100,576,576,44100
1885281/audio.mp3,mpeg,lame,1105,LAME3.99r,576,576,48000
1885413/audio.mp3,mpeg,none,0,,0,0,44100
1885416/audio.mp3,mpeg,lame,1105,Lavc57.33,576,0,44100
1885424/audio.mp3,mpeg,lame,1105,Lavc58.35,576,932,44100
1885830/audio.mp3,mpeg,lame,1105,LAME3.100,576,1440,44100
1886203/audio.mp3,mpeg,lame,1105,LAME3.99r,576,814,44100
1886246/dose.ogg,ogg,,,,,,
1886280/audio.mp3,mpeg,lame,1105,LAME3.100,576,1262,48000
1886709/audio.mp3,mpeg,lame,1105,LAME3.100,576,1548,44100
1886842/audio.mp3,mpeg,lame,1105,LAME3.100,576,1108,44100
1887638/audio.ogg,ogg,,,,,,
1887754/audio.ogg,ogg,,,,,,
1887777/audio.ogg,ogg,,,,,,
1887783/audio.mp3,mpeg,lame,1105,LAME3.100,576,1501,44100
1887926/audio.mp3,mpeg,lame,1105,Lavc57.33,576,0,44100
"1887932/777 (Camellia's 7,777c Remix).mp3",mpeg,lame,1105,LAME3.99r,576,1368,44100
1888031/audio.mp3,mpeg,lame,1105,LAME3.100,576,1612,44100
1888573/audio.mp3,mpeg,lame,1105,Lavf,576,1471,44100
1888584/audio.mp3,mpeg,lame,1105,LAME3.100,576,1154,44100
1888753/audio.ogg,ogg,,,,,,
1888769/audio.mp3,mpeg,lame,1105,LAME3.100,576,985,48000
1888794/audio.mp3,mpeg,lame,1105,LAME3.100,576,985,44100
1888808/vocal_ver.mp3,mpeg,lame,1105,Lavc59.37,576,940,48000
1888861/audio.ogg,ogg,,,,,,
1889166/output.ogg,ogg,,,,,,
1889288/audio.ogg,ogg,,,,,,
1889534/audio.mp3,mpeg,lame,1105,Lavc59.18,576,1327,48000
1890225/audio.ogg,ogg,,,,,,
1890516/audio.mp3,mpeg,lame,1105,LAME3.100,576,1501,44100
1891040/audio.mp3,mpeg,lame,1105,LAME3.100,576,576,44100
1891125/audio.mp3,mpeg,lame,1105,LAME3.100,576,576,44100
1891714/audio.mp3,mpeg,lame,1105,LAME3.100,576,576,44100
1891721/audio.mp3,mpeg,lame,1105,LAME3.100,576,576,48000
1892177/audio.mp3,mpeg,lame,1105,Lavc57.33,576,0,44100
1892180/audio.mp3,mpeg,lame,1105,LAME3.100,576,576,44100
1892361/audio.mp3,mpeg,lame,1105,Lavc58.11,576,576,44100
1892437/audio.mp3,mpeg,lame,1105,LAME3.100,576,1536,44100
1892814/audio.mp3,mpeg,lame,1105,LAME3.100,576,576,44100
1892815/audio.mp3,mpeg,lame,1105,Lavc59.26,576,1055,44100
1893984/audio.ogg,ogg,,,,,,
1894015/audio.mp3,mpeg,lame,1105,LAME3.100,576,1105,48000
1894051/audio.ogg,ogg,,,,,,
1894128/audio.mp3,mpeg,lame,1105,LAME3.100,576,1105,44100
1894276/audio.mp3,mpeg,lame,1105,LAME3.100,576,1105,44100
1894317/audio.mp3,mpeg,lame,1105,LAME3.100,576,985,48000
1894409/audio.mp3,mpeg,lame,1105,Lavc59.37,576,720,44100
1894503/audio.ogg,ogg,,,,,,
1894825/audio.ogg,ogg,,,,,,
1894849/audio.mp3,mpeg,lame,1105,LAME3.100,576,1579,48000
1894970/audio.mp3,mpeg,lame,1105,Lavc58.91,576,1615,48000
1895281/protoflicker.ogg,ogg,,,,,,
1895514/audio.mp3,mpeg,lame,1105,LAME3.100,576,1290,44100
1895713/The Cyber Grind.mp3,mpeg,lame,1105,LAME3.99r,576,576,44100
1895971/audio.mp3,mpeg,none,0,,0,0,44100
1896189/audio.ogg,ogg,,,,,,
189643/Dreamin.mp3,mpeg,lame,1105,Lavf54.31,576,0,44100
1896592/audio.mp3,mpeg,lame,1105,LAME3.99r,576,1681,44100
1896626/audio.mp3,mpeg,none,0,,0,0,44100
1897084/audio.mp3,mpeg,lame,1105,LAME3.100,576,576,44100
1897551/audio.ogg,ogg,,,,,,
1897970/audio.mp3,mpeg,none,0,,0,0,44100
1898243/audio.mp3,mpeg,lame,1105,LAME3.100,576,576,48000
1898571/audio.ogg,ogg,,,,,,
1898575/audio.mp3,mpeg,lame,1105,LAME3.100,576,576,44100
1899060/audio.mp3,mpeg,none,0,,0,0,44100
1899136/audio.ogg,ogg,,,,,,
189927/Imaginary Waltz - EnglishRomajiKanji sub.mp3,mpeg,xing,0,,0,0,44100
1899325/audio.ogg,ogg,,,,,,
1899428/audio.mp3,mpeg,lame,1105,LAME3.100,576,1105,44100
1899574/audio.mp3,mpeg,lame,1105,LAME3.100,576,576,44100
1899603/audio.mp3,mpeg,lame,1105,LAME3.100,576,576,48000
1899965/audio.mp3,mpeg,lame,1105,LAME3.100,576,1344,48000
1900401/audio.ogg,ogg,,,,,,
1900450/audio.mp3,mpeg,lame,1105,Lavc57.33,576,0,48000
1900478/audio.mp3,mpeg,lame,1105,LAME3.99r,576,1256,44100
1900508/Kissing Lucifer.mp3,mpeg,lame,1105,LAME3.100,576,1105,44100
1901342/audio.mp3,mpeg,none,0,,0,0,44100
1901547/audio.ogg,ogg,,,,,,
1901824/audio.mp3,mpeg,lame,1105,LAME3.100,576,1380,44100
1902073/audio.mp3,mpeg,lame,1105,LAME3.99r,576,576,48000
1903020/audio.mp3,mpeg,lame,1105,LAME3.100,576,576,44100
1903584/audio.mp3,mpeg,lame,1105,LAME3.100,576,576,44100
1903740/audio.ogg,ogg,,,,,,
1904118/audio.mp3,mpeg,lame,1105,LAME3.100,576,576,44100
1904165/audio.mp3,mpeg,none,0,,0,0,44100
1904207/audio.ogg,ogg,,,,,,
1904507/audio.mp3,mpeg,lame,1105,LAME3.100,576,576,48000
1904641/audio.ogg,ogg,,,,,,
1904667/audio.mp3,mpeg,lame,1105,Lavc58.47,576,960,44100
1904909/kitsunenomado.ogg,ogg,,,,,,
1904946/audio.ogg,ogg,,,,,,
1905497/audio.ogg,ogg,,,,,,
1905818/audio.mp3,mpeg,lame,1105,Lavc59.37,576,1658,44100
1905886/audio.mp3,mpeg,lame,1105,LAME3.99r,576,1330,44100
1906295/audio.ogg,ogg,,,,,,
1906318/audio.mp3,mpeg,lame,1105,LAME3.100,576,576,44100
1907046/audio.mp3,mpeg,lame,1105,LAME3.99r,576,576,44100
1907057/audio.mp3,mpeg,lame,1105,LAME3.100,576,1608,44100
1907077/audio.mp3,mpeg,none,0,,0,0,44100
1907605/audio.mp3,mpeg,lame,1105,LAME3.99r,576,576,44100
1907870/audio.ogg,ogg,,,,,,
1907885/audio.mp3,mpeg,lame,1105,LAME3.100,576,576,44100
1907903/audio.mp3,mpeg,lame,1105,Lavf,576,993,44100
1908399/audio.mp3,mpeg,lame,1105,LAME3.100,576,1355,48000
1908440/12. Undertale.mp3,mpeg,none,0,,0,0,48000
1909072/audio.mp3,mpeg,lame,1105,LAME3.100,576,1105,44100
1909526/audio.mp3,mpeg,lame,1105,LAME3.100,576,576,48000
190954/IGNITEup_1.mp3,mpeg,lame,1105,Lavf55.37,576,0,48000
1909936/audio.mp3,mpeg,lame,1105,LAME3.100,576,1040,44100
1909971/audio.ogg,ogg,,,,,,
1910036/Another_Loud.ogg,ogg,,,,,,
1910139/audio.ogg,ogg,,,,,,
1910436/audio.ogg,ogg,,,,,,
1910455/audio.mp3,mpeg,lame,1105,LAME3.99r,576,576,44100
1910705/audio.ogg,ogg,,,,,,
1911070/audio.mp3,mpeg,lame,1105,Lavc58.10,576,576,44100
1911085/audio.ogg,ogg,,,,,,
1911346/audio.mp3,mpeg,lame,1105,LAME3.100,576,576,48000
1911430/audio.ogg,ogg,,,,,,
1911796/audio.mp3,mpeg,none,0,,0,0,44100
1911841/insideblue.mp3,mpeg,lame,1105,LAME3.100,576,576,44100
1911925/audio.ogg,ogg,,,,,,
1912365/audio.ogg,ogg,,,,,,
1912509/audio.mp3,mpeg,none,0,,0,0,44100
1912696/audio.mp3,mpeg,lame,1105,LAME3.100,576,927,48000
1913475/audio.ogg,ogg,,,,,,
1914323/audio.ogg,ogg,,,,,,
1914648/audio.mp3,mpeg,lame,1105,LAME3.100,576,1393,44100
1914904/1659152902.ogg,ogg,,,,,,
1915327/audio.ogg,ogg,,,,,,
1915511/audio.mp3,mpeg,lame,1105,Lavc59.37,576,1483,48000
1915743/audio.mp3,mpeg,lame,1105,LAME3.99r,576,953,44100
1916008/audio.ogg,ogg,,,,,,
1916012/audio.mp3,mpeg,lame,1105,LAME3.100,576,1063,44100
1916152/audio.mp3,mpeg,lame,1105,LAME3.100,576,576,44100
1916173/audio.mp3,mpeg,lame,1105,LAME3.100,576,1271,44100
1916285/audio.mp3,mpeg,lame,1105,Lavc57.33,576,0,44100
1916424/audio.mp3,mpeg,lame,1105,LAME3.100,576,576,44100
1916684/audio.mp3,mpeg,lame,1105,LAME3.100,576,747,48000
1916718/audio.mp3,mpeg,lame,1105,LAME3.100,576,1174,44100
1916843/audio.mp3,mpeg,lame,1105,Lavc59.37,576,928,44100
1916844/audio.ogg,ogg,,,,,,
1917315/audio.mp3,mpeg,lame,1105,LAME3.100,576,792,44100
1918208/audio.ogg,ogg,,,,,,
1918218/audio.mp3,mpeg,lame,1105,LAME3.100,576,1152,44100
1918297/audio.mp3,mpeg,lame,1105,LAME3.99r,576,576,44100
1918498/audio.mp3,mpeg,lame,1105,LAME3.100,576,1469,48000
1918638/audio.mp3,mpeg,lame,1105,LAME3.100,576,1519,44100
1918684/audio.ogg,ogg,,,,,,
1919366/audio.mp3,mpeg,lame,1105,Lavf55.7.,576,0,44100
1919524/audio.mp3,mpeg,lame,1105,LAME3.100,576,1727,44100
1920012/audio.mp3,mpeg,lame,1105,Lavc58.35,576,1181,48000
192018/fhana - Divine Intervention (TV Size).mp3,mpeg,none,0,,0,0,44100
1920572/audio.mp3,mpeg,lame,1105,LAME3.100,576,600,44100
1921040/audio.mp3,mpeg,lame,1105,Lavc58.13,576,1681,48000
1921061/tearrainfull.mp3,mpeg,lame,1105,Lavf,576,1440,44100
1921104/audio.ogg,ogg,,,,,,
1921544/audio.mp3,mpeg,lame,1105,LAME3.100,576,576,44100
1921680/audio.mp3,mpeg,lame,1105,LAME3.100,576,1201,44100
1921755/audio.ogg,ogg,,,,,,
1921759/audio.mp3,mpeg,none,0,,0,0,44100
1921815/rumia.mp3,mpeg,lame,1105,Lavc57.89,576,1413,44100
1922096/audio.mp3,mpeg,lame,1105,LAME3.100,576,576,44100
1922116/audio.ogg,ogg,,,,,,
1922251/audio.mp3,mpeg,lame,1105,LAME3.100,576,576,44100
1922598/audio.ogg,ogg,,,,,,
1922733/audio.ogg,ogg,,,,,,
1922898/audio.ogg,ogg,,,,,,
1922925/audio.mp3,mpeg,lame,1105,LAME3.100,576,1344,48000
1923211/audio.mp3,mpeg,lame,1105,LAME3.100,576,1222,44100
1923251/audio.mp3,mpeg,lame,1105,LAME3.100,576,1008,44100
1923328/audio.ogg,ogg,,,,,,
1923689/audio.mp3,mpeg,lame,1105,LAME3.100,576,576,44100
1923919/audio.mp3,mpeg,lame,1105,Lavc57.89,576,1368,44100
1923942/audio.ogg,ogg,,,,,,
1924015/audio.mp3,mpeg,lame,1105,LAME3.100,576,1458,44100
1924071/audio.mp3,mpeg,lame,1105,Lavc57.33,576,0,44100
1925249/audio.mp3,mpeg,lame,1105,LAME3.99r,576,1399,48000
1925503/audio.ogg,ogg,,,,,,
192569/Startear - Luna Haruna.mp3,mpeg,none,0,,0,0,44100
1925766/audio.mp3,mpeg,lame,1105,LAME3.100,576,576,44100
1925812/audio.mp3,mpeg,lame,1105,LAME3.99r,576,1289,44100
1925908/audio.mp3,mpeg,lame,1105,LAME3.99r,576,778,44100
1926071/audio.mp3,mpeg,lame,1105,Lavc58.91,576,1368,44100
1926366/audio.mp3,mpeg,none,0,,0,0,44100
1926697/audio.ogg,ogg,,,,,,
1926740/audio.mp3,mpeg,lame,1105,LAME3.100,576,576,48000
1926975/audio.ogg,ogg,,,,,,
1927663/audio.mp3,mpeg,lame,1105,Lavc57.33,576,0,44100
1927762/audio.mp3,mpeg,lame,1105,LAME3.100,576,1149,48000
1928242/audio.ogg,ogg,,,,,,
1928719/audio.ogg,ogg,,,,,,
1928724/audio.ogg,ogg,,,,,,
1928894/audio.mp3,mpeg,lame,1105,LAME3.100,576,576,48000
1929181/audio.ogg,ogg,,,,,,
1929311/audio.mp3,mpeg,lame,1105,Lavc59.0.,576,1190,48000
1929319/audio.mp3,mpeg,none,0,,0,0,48000
1929861/audio.mp3,mpeg,lame,1105,LAME3.100,576,576,44100
1929932/audio.ogg,ogg,,,,,,
1930030/audio.ogg,ogg,,,,,,
1930076/audio.ogg,ogg,,,,,,
1930310/audio.ogg,ogg,,,,,,
1930417/audio.mp3,mpeg,lame,1105,Lavc58.13,576,1681,44100
1930425/audio.ogg,ogg,,,,,,
1930716/audio.mp3,mpeg,lame,1105,LAME3.100,576,576,44100
1930751/audio.ogg,ogg,,,,,,
1931038/audio.ogg,ogg,,,,,,
1931812/m108 - Crow Solace (2022 Rework).ogg,ogg,,,,,,
1931924/audio.ogg,ogg,,,,,,
1932206/audio.ogg,ogg,,,,,,
1932431/audio.mp3,mpeg,lame,1105,LAME3.100,576,1231,44100
1932508/audio.mp3,mpeg,lame,1105,Lavc56.38,576,0,44100
1932770/audio.mp3,mpeg,lame,1105,LAME3.98r,576,576,44100
1932837/audio.mp3,mpeg,lame,1105,Lavc57.33,576,0,44100
1933536/audio.mp3,mpeg,lame,1105,Lavc59.26,576,696,48000
1933724/audio.mp3,mpeg,none,0,,0,0,44100
1933843/audio.ogg,ogg,,,,,,
1933912/audio.mp3,mpeg,lame,1105,Lavc57.33,576,0,44100
1934083/audio.mp3,mpeg,lame,1105,Lavc57.33,576,0,44100
1934192/audio.ogg,ogg,,,,,,
1934859/audio.mp3,mpeg,lame,1105,LAME3.99r,576,1472,48000
1934901/audio.mp3,mpeg,lame,1105,LAME3.100,576,1171,44100
1935304/audio.mp3,mpeg,lame,1105,LAME3.99r,576,817,48000
1935685/audio.mp3,mpeg,lame,1105,LAME3.100,576,1105,48000
1935957/audio.mp3,mpeg,none,0,,0,0,44100
1936017/audio.ogg,ogg,,,,,,
1936023/audio.ogg,ogg,,,,,,
1936097/audio.mp3,mpeg,lame,1105,Lavc57.33,576,0,44100
1936116/audio.mp3,mpeg,lame,1105,Lavc60.41,576,576,44100
1936188/audio.mp3,mpeg,lame,1105,LAME3.100,576,576,44100
1936398/audio.mp3,mpeg,lame,4096,Lavf,3567,1681,44100
1936860/audio.mp3,mpeg,lame,1105,Lavc57.33,576,0,44100
1936926/audio.mp3,mpeg,lame,1105,Lavc57.33,576,0,44100
1937220/audio.mp3,mpeg,none,0,,0,0,44100
1937381/goTe EX.mp3,mpeg,lame,1105,LAME3.100,576,576,44100
1937519/vietnam.ogg,ogg,,,,,,
1937682/audio.ogg,ogg,,,,,,
1938125/audio.mp3,mpeg,none,0,,0,0,44100
1938132/audio.mp3,mpeg,lame,1105,LAME3.99r,576,1530,44100
1938343/audio.ogg,ogg,,,,,,
1938579/audio.ogg,ogg,,,,,,
1939285/audio.mp3,mpeg,lame,1105,Lavc58.13,576,1506,44100
1939510/audio.mp3,mpeg,lame,1105,LAME3.100,576,1672,44100
1939644/Eternally Onward.mp3,mpeg,none,0,,0,0,48000
1939714/audio.ogg,ogg,,,,,,
1939761/audio.mp3,mpeg,lame,1105,LAME3.100,576,576,44100
1940058/audio.mp3,mpeg,lame,1105,LAME3.100,576,576,44100
1940073/audio.mp3,mpeg,lame,1105,LAME3.100,576,781,44100
1940246/audio.ogg,ogg,,,,,,
1940329/audio.mp3,mpeg,lame,1105,LAME3.100,576,705,44100
1940374/audio.ogg,ogg,,,,,,
1941147/millia.mp3,mpeg,lame,1105,LAME3.100,576,576,44100
1941403/audio.mp3,mpeg,lame,1105,LAME3.99r,576,1472,44100
1941767/audio.mp3,mpeg,lame,1105,LAME3.100,576,768,48000
1942061/audio.mp3,mpeg,lame,1105,LAME3.99r,576,576,44100
1942086/audio.mp3,mpeg,lame,1105,LAME3.100,576,1113,48000
1942218/audio.ogg,ogg,,,,,,
1942556/audio.mp3,mpeg,lame,1105,LAME3.99r,576,576,44100
1942597/audio.mp3,mpeg,lame,1105,Lavc59.18,576,1344,48000
1942860/audio.mp3,mpeg,lame,1105,LAME3.99r,576,576,44100
1943126/audio.mp3,mpeg,lame,1105,LAME3.100,576,1105,48000
1943149/INNOCENT NOIZE - Reverse Clock FAMoss' Extended.mp3,mpeg,lame,1105,LAME3.100,576,1462,44100
1943968/audio.ogg,ogg,,,,,,
1943992/audio.mp3,mpeg,lame,1105,LAME3.100,576,576,44100
1944267/audio.mp3,mpeg,lame,1105,LAME3.100,576,1662,48000
1944795/audio.ogg,ogg,,,,,,
1944822/audio.mp3,mpeg,lame,1105,LAME3.99r,576,576,44100
1945020/audio.ogg,ogg,,,,,,
1945285/audio.mp3,mpeg,none,0,,0,0,44100
1945566/audio.mp3,mpeg,lame,1105,Lavc59.39,576,1095,48000
1945629/audio.ogg,ogg,,,,,,
1945884/audio.mp3,mpeg,lame,1105,LAME3.99r,576,576,44100
1946128/audio.mp3,mpeg,lame,1105,LAME3.100,576,1656,44100
1946175/audio.ogg,ogg,,,,,,
1946324/audio.mp3,mpeg,lame,1105,LAME3.100,576,1536,48000
1946467/audio.ogg,ogg,,,,,,
1946487/audio.ogg,ogg,,,,,,
1947714/audio.mp3,mpeg,lame,1105,Lavc58.13,576,715,44100
1947915/audio.mp3,mpeg,lame,1105,LAME3.100,576,576,48000
1948165/audio.mp3,mpeg,lame,1105,LAME3.100,576,1600,44100
1948306/audio.ogg,ogg,,,,,,
1948557/audio.ogg,ogg,,,,,,
1948972/audio.mp3,mpeg,lame,1105,LAME3.100,576,1105,44100
1949006/beatmap-638082199165522841-OMORI_-_Final_Duet.mp3,mpeg,lame,1105,LAME3.100,576,1681,44100
1949048/audio.mp3,mpeg,lame,1105,Lavc58.91,576,876,44100
194921/Space Time (Amane Hardcore Remix).mp3,mpeg,none,0,,0,0,48000
1949806/audio.mp3,mpeg,lame,1105,Lavc57.33,576,0,48000
1950014/audio.mp3,mpeg,lame,1105,Lavc58.54,576,1620,44100
1950211/audio.mp3,mpeg,lame,1105,LAME3.100,576,810,44100
1950477/audio.ogg,ogg,,,,,,
1950674/Yoimachi Cantare.mp3,mpeg,none,0,,0,0,48000
1950971/audio.ogg,ogg,,,,,,
1951019/audio.ogg,ogg,,,,,,
1951296/audio.mp3,mpeg,lame,1105,LAME3.100,576,576,48000
1951587/audio.mp3,mpeg,lame,1105,Lavc60.31,576,728,44100
1951908/audio.mp3,mpeg,lame,1105,LAME3.100,576,1105,44100
1952975/audio.ogg,ogg,,,,,,
1952995/audio.ogg,ogg,,,,,,
1953362/audio.ogg,ogg,,,,,,
1953393/audio.mp3,mpeg,none,0,,0,0,44100
1953395/audio.mp3,mpeg,lame,1105,LAME3.99r,576,576,44100
1953436/audio.ogg,ogg,,,,,,
1953513/audio.mp3,mpeg,lame,1105,LAME3.99r,576,1080,44100
195390/Yooh - Shanghai kouchakan ~ Chinese Tea Orchid Remix.mp3,mpeg,none,0,,0,0,44100
1953900/audio.ogg,ogg,,,,,,
1954150/audio.mp3,mpeg,lame,1105,LAME3.100,576,1404,44100
1954243/audio.ogg,ogg,,,,,,
1954374/audio.mp3,mpeg,lame,1105,LAME3.99r,576,1507,44100
1954482/audio.ogg,ogg,,,,,,
1954728/audio.ogg,ogg,,,,,,
1954819/audio.mp3,mpeg,lame,1105,LAME3.100,576,1296,44100
1955023/audio.mp3,mpeg,lame,1105,LAME3.99r,576,576,48000
1955030/audio.mp3,mpeg,none,0,,0,0,44100
1955167/audio.mp3,mpeg,lame,1105,LAME3.100,576,1314,44100
1955444/audio.mp3,mpeg,lame,1105,LAME3.100,576,1231,44100
1955597/hibana.ogg,ogg,,,,,,
1955600/audio.ogg,ogg,,,,,,
1955626/audio.mp3,mpeg,lame,1105,Lavc59.37,576,1031,44100
1955910/audio.ogg,ogg,,,,,,
1956641/audio.mp3,mpeg,lame,1105,LAME3.100,576,576,44100
1956659/audio.ogg,ogg,,,,,,
1956799/audio.mp3,mpeg,lame,1105,LAME3.99r,576,576,44100
1957020/audio.mp3,mpeg,lame,1105,Lavc57.33,576,0,44100
1957138/audio.mp3,mpeg,none,0,,0,0,44100
1957349/audio.ogg,ogg,,,,,,
1957896/audio.mp3,mpeg,lame,1105,LAME3.100,576,576,48000
1957934/audio.mp3,mpeg,lame,1105,Lavc57.33,576,0,44100
1958706/audio.mp3,mpeg,none,0,,0,0,48000
1959118/audio.mp3,mpeg,lame,1105,Lavc58.16,576,632,48000
1959243/chimera.mp3,mpeg,lame,1105,Lavc57.64,576,1596,44100
1959361/audio.ogg,ogg,,,,,,
195940/Achromat.mp3,mpeg,none,0,,0,0,44100
1959431/audio.mp3,mpeg,lame,1105,LAME3.100,576,1572,44100
1959509/audio.mp3,mpeg,lame,1105,Lavc59.18,576,1471,44100
1959708/audio.mp3,mpeg,lame,1105,LAME3.99r,576,0,44100
1960341/audio.ogg,ogg,,,,,,
1960391/audio.ogg,ogg,,,,,,
1960728/13th(key)_audio2.ogg,ogg,,,,,,
1960740/justleavemealone.ogg,ogg,,,,,,
1961042/audio.ogg,ogg,,,,,,
1961221/audio.mp3,mpeg,lame,1105,LAME3.99r,576,1008,44100
1961562/audio.ogg,ogg,,,,,,
1962079/audio.mp3,mpeg,lame,1105,LAME3.99r,576,1476,44100
1962117/audio.mp3,mpeg,lame,1105,LAME3.100,576,796,44100
1962531/audio.mp3,mpeg,none,0,,0,0,44100
1962553/audio.ogg,ogg,,,,,,
1962727/audio.ogg,ogg,,,,,,
1962820/audio.mp3,mpeg,lame,1105,LAME3.100,576,1105,44100
1963534/audio.mp3,mpeg,none,0,,0,0,44100
1964020/audio.mp3,mpeg,lame,1105,LAME3.99r,576,576,44100
1964175/audio.mp3,mpeg,lame,1105,LAME3.100,576,1105,44100
1964272/audio.mp3,mpeg,lame,1105,LAME3.99r,576,576,44100
1964312/audio.mp3,mpeg,lame,1105,LAME3.99r,576,576,48000
1964319/audio.ogg,ogg,,,,,,
1964321/audio.mp3,mpeg,lame,1105,LAME3.100,576,576,44100
1964656/audio.mp3,mpeg,lame,1105,LAME3.99r,576,1623,44100
1964687/audio.mp3,mpeg,lame,1105,LAME3.100,576,1037,44100
1964831/audio.mp3,mpeg,lame,1105,LAME3.100,576,1024,48000
1965533/audio.ogg,ogg,,,,,,
1965582/audio.ogg,ogg,,,,,,
1965867/audio.ogg,ogg,,,,,,
1966225/audio.ogg,ogg,,,,,,
1966408/audio.mp3,mpeg,lame,1105,LAME3.100,576,846,44100
1966708/audio.ogg,ogg,,,,,,
1966714/audio.mp3,mpeg,lame,1105,LAME3.100,576,1400,48000
1967045/audio.mp3,mpeg,none,0,,0,0,44100
1967317/audio.mp3,mpeg,lame,1105,LAME3.100,576,1453,44100
1967567/audio.mp3,mpeg,lame,1105,LAME3.99r,576,576,44100
1968264/audio.mp3,mpeg,lame,1105,LAME3.100,576,576,44100
1968284/audio.mp3,mpeg,lame,1105,Lavc59.37,576,959,44100
1968286/audio.ogg,ogg,,,,,,
1968395/audio.mp3,mpeg,lame,1105,LAME3.99r,576,1520,48000
1968431/audio.ogg,ogg,,,,,,
1968445/audio.mp3,mpeg,lame,1105,LAME3.100,576,576,44100
1968790/audio.ogg,ogg,,,,,,
1968814/audio.mp3,mpeg,lame,1105,LAME3.100,576,960,44100
1969233/audio.mp3,mpeg,lame,1105,LAME3.100,576,1105,48000
1969618/audio.mp3,mpeg,lame,1105,LAME3.99r,576,769,48000
1969686/audio.ogg,ogg,,,,,,
1970469/audio.ogg,ogg,,,,,,
1970617/audio.mp3,mpeg,none,0,,0,0,44100
1970837/audio.mp3,mpeg,lame,1105,LAME3.100,576,902,48000
197085/Oracion.mp3,mpeg,none,0,,0,0,44100
1971396/audio.mp3,mpeg,lame,1105,LAME3.100,576,576,44100
1971447/audio.mp3,mpeg,lame,1105,LAME3.100,576,826,44100
1971513/audio.ogg,ogg,,,,,,
1971952/audio.ogg,ogg,,,,,,
1972034/audio.mp3,mpeg,lame,1105,Lavc57.33,576,0,48000
1972230/audio.ogg,ogg,,,,,,
1972310/audio.mp3,mpeg,lame,1105,Lavc57.33,576,0,48000
1972324/audio.mp3,mpeg,lame,1105,Lavc57.33,576,0,48000
1972414/audio.mp3,mpeg,lame,1105,Lavc59.37,576,1236,44100
1972817/audio.mp3,mpeg,lame,1105,Lavc58.54,576,1472,48000
1972879/audio.mp3,mpeg,lame,1105,LAME3.100,576,647,44100
1972900/audio.ogg,ogg,,,,,,
1972938/audio.ogg,ogg,,,,,,
1972972/audio.ogg,ogg,,,,,,
1973933/audio.mp3,mpeg,none,0,,0,0,44100
1974310/audio.mp3,mpeg,lame,1105,LAME3.100,576,1717,44100
1974438/audio.ogg,ogg,,,,,,
1974595/audio.ogg,ogg,,,,,,
1974897/audio.mp3,mpeg,lame,1105,LAME3.100,576,839,44100
1975096/audio.ogg,ogg,,,,,,
1975105/audio.ogg,ogg,,,,,,
1975192/audio.ogg,ogg,,,,,,
1976327/audio.mp3,mpeg,lame,1105,LAME3.100,576,1694,44100
1976366/audio.mp3,mpeg,lame,1105,Lavc58.13,576,1681,48000
1976388/audio.mp3,mpeg,lame,1105,LAME3.99r,576,576,44100
1976410/audio.mp3,mpeg,lame,1105,LAME3.100,576,731,48000
1976750/audio.mp3,mpeg,lame,1105,LAME3.99r,576,1633,44100
1976932/audio.mp3,mpeg,lame,1105,LAME3.100,576,780,44100
1977087/audio.ogg,ogg,,,,,,
1977151/audio.ogg,ogg,,,,,,
1977298/Twintail Dreamer! moe.mp3,mpeg,lame,1105,LAME3.99r,576,576,44100
1977616/audio.mp3,mpeg,lame,1105,LAME3.100,576,1450,44100
1977936/audio.ogg,ogg,,,,,,
1978179/audio.mp3,mpeg,lame,1105,Lavc57.33,576,0,44100
1978601/audio.ogg,ogg,,,,,,
1978898/audio.mp3,mpeg,lame,1105,Lavc57.33,576,0,44100
1979148/audio.mp3,mpeg,lame,1105,LAME3.100,576,1065,44100
1979275/audio.mp3,mpeg,lame,1105,LAME3.99r,576,839,44100
1979500/audio.ogg,ogg,,,,,,
1979588/audio.mp3,mpeg,lame,1105,LAME3.100,576,1392,48000
1979805/audio.ogg,ogg,,,,,,
1979887/audio.mp3,mpeg,none,0,,0,0,48000
1980176/audio.mp3,mpeg,lame,1105,LAME3.99r,576,576,44100
1980579/audio.mp3,mpeg,lame,1105,LAME3.100,576,724,48000
1980729/audio.mp3,mpeg,lame,1105,LAME3.99r,576,576,44100
1981550/audio.mp3,mpeg,none,0,,0,0,44100
1981762/audio.mp3,mpeg,lame,1105,LAME3.100,576,1683,44100
1981845/audio.mp3,mpeg,lame,1105,Lavc57.33,576,0,44100
1981975/audio.mp3,mpeg,lame,1105,LAME3.100,576,576,48000
1982229/audio.ogg,ogg,,,,,,
1982752/audio.ogg,ogg,,,,,,
1982768/audio.mp3,mpeg,lame,1105,LAME3.100,576,1074,48000
1983142/audio.ogg,ogg,,,,,,
1983524/Cotton Candy (Abel & RiraN).ogg,ogg,,,,,,
1983552/audio.mp3,mpeg,lame,1105,LAME3.100,576,576,48000
1983868/audio.mp3,mpeg,lame,1105,LAME3.100,576,893,44100
1983969/audio.mp3,mpeg,lame,1105,LAME3.100,576,1248,44100
1984411/audio.mp3,mpeg,lame,1105,LAME3.100,576,839,44100
1984831/audio.ogg,ogg,,,,,,
1985016/audio.ogg,ogg,,,,,,
1985368/audio.ogg,ogg,,,,,,
1985598/audio.ogg,ogg,,,,,,
1986014/audio.ogg,ogg,,,,,,
1986088/audio.ogg,ogg,,,,,,
1986125/audio.mp3,mpeg,lame,1105,Lavc59.37,576,1548,44100
1986250/audio.mp3,mpeg,lame,1105,LAME3.100,576,1600,44100
1986398/audio.mp3,mpeg,lame,1105,LAME3.100,576,1105,44100
1986520/audio.mp3,mpeg,lame,1105,LAME3.100,576,1410,48000
1986541/audio.mp3,mpeg,lame,1105,Lavc57.89,576,576,44100
1986557/audio.mp3,mpeg,lame,1105,LAME3.100,576,708,44100
1986822/audio.ogg,ogg,,,,,,
1986830/audio.mp3,mpeg,lame,1105,LAME3.100,576,918,48000
1986876/My Curse.mp3,mpeg,lame,1105,LAME3.99r,576,576,44100
1986990/audio.mp3,mpeg,lame,1105,LAME3.100,576,576,44100
1987180/audio.mp3,mpeg,lame,1105,LAME3.100,576,945,44100
1987199/audio.mp3,mpeg,lame,1105,Lavc58.91,576,828,44100
1988096/audio.mp3,mpeg,lame,1105,Lavc59.37,576,1046,44100
1988127/audio.mp3,mpeg,lame,1105,LAME3.100,576,1294,48000
1988643/audio.ogg,ogg,,,,,,
1988996/audio.mp3,mpeg,lame,1105,Lavc57.10,576,1088,44100
1989544/audio.mp3,mpeg,lame,1105,LAME3.100,576,576,48000
1989560/audio.mp3,mpeg,lame,1105,LAME3.100,576,751,44100
1989721/audio.mp3,mpeg,lame,1105,LAME3.100,576,787,44100
198978/Katarzyna Laska - No Ordinary Girl.mp3,mpeg,none,0,,0,0,44100
1990123/audio.mp3,mpeg,lame,1105,Lavc57.33,576,0,44100
1990406/audio.ogg,ogg,,,,,,
1990517/audio.mp3,mpeg,lame,1105,LAME3.99r,576,1695,44100
1991430/audio.ogg,ogg,,,,,,
1991630/audio.mp3,mpeg,lame,1105,Lavc57.33,576,0,44100
1991686/dinner.ogg,ogg,,,,,,
1991830/audio.ogg,ogg,,,,,,
1991849/audio.ogg,ogg,,,,,,
1991993/audio.ogg,ogg,,,,,,
1992125/audio.ogg,ogg,,,,,,
1992172/audio.mp3,mpeg,lame,1105,Lavc58.54,576,1681,44100
1992174/audio.mp3,mpeg,lame,1105,Lavc59.37,576,1681,44100
1992352/audio.mp3,mpeg,lame,1105,Lavc57.33,576,0,44100
1992710/audio.mp3,mpeg,lame,1105,LAME3.100,576,873,48000
1993035/audio.mp3,mpeg,lame,1105,Lavc57.33,576,0,44100
1993043/audio.ogg,ogg,,,,,,
1993280/audio.mp3,mpeg,lame,1105,LAME3.100,576,576,44100
1994184/audio.mp3,mpeg,lame,1105,LAME3.99r,576,576,48000
1994349/audio.mp3,mpeg,lame,1105,Lavc57.33,576,0,44100
1994458/audio.mp3,mpeg,lame,1105,Lavc57.33,576,0,44100
1994471/eatpsyquioutput.ogg,ogg,,,,,,
1994595/audio.ogg,ogg,,,,,,
1994667/audio.mp3,mpeg,lame,1105,LAME3.100,576,1105,44100
1994823/audio.mp3,mpeg,lame,1105,LAME3.100,576,1416,44100
1995451/audio.mp3,mpeg,lame,1105,LAME3.100,576,1105,44100
1995618/audio.mp3,mpeg,lame,1105,LAME3.100,576,1694,48000
1995985/audio.ogg,ogg,,,,,,
1996043/audio.ogg,ogg,,,,,,
1996131/audio.ogg,ogg,,,,,,
1996162/audio.ogg,ogg,,,,,,
1996179/audio.ogg,ogg,,,,,,
1996257/audio.mp3,mpeg,lame,1105,LAME3.99r,576,1404,44100
1996262/audio.mp3,mpeg,lame,1105,LAME3.100,576,905,48000
1997276/audionew.ogg,ogg,,,,,,
1997605/audio.mp3,mpeg,lame,1105,Lavc58.34,576,1600,44100
1997683/audio.ogg,ogg,,,,,,
1997707/audio.ogg,ogg,,,,,,
1997819/audio.mp3,mpeg,lame,1105,LAME3.100,576,923,44100
1997922/audio.mp3,mpeg,lame,1105,LAME3.100,576,576,48000
1997929/audio.mp3,mpeg,none,0,,0,0,48000
1998231/audio.mp3,mpeg,lame,1105,LAME3.100,576,1056,44100
1998347/audio.mp3,mpeg,none,0,,0,0,44100
1998595/audio.ogg,ogg,,,,,,
1998672/audio.mp3,mpeg,lame,1105,LAME3.100,576,590,48000
1998687/audio.mp3,mpeg,lame,1105,Lavc57.33,576,0,44100
1999339/audio.mp3,mpeg,lame,1105,Lavc57.33,576,0,48000
1999387/audio.ogg,ogg,,,,,,
1999444/audio.ogg,ogg,,,,,,
1999815/audio.mp3,mpeg,lame,1105,LAME3.100,576,1335,48000
1999918/audio.mp3,mpeg,lame,1105,LAME3.100,576,576,44100
2000017/audio.ogg,ogg,,,,,,
2000308/audio.ogg,ogg,,,,,,
2000657/audio.mp3,mpeg,lame,1105,LAME3.100,576,985,44100
2001123/audio.mp3,mpeg,lame,1105,LAME3.100,576,576,48000
2001171/audio.ogg,ogg,,,,,,
2001213/Tsugaru Setsu.ogg,ogg,,,,,,
2001229/audio.ogg,ogg,,,,,,
2001791/audio.mp3,mpeg,lame,1105,Lavc57.33,576,0,44100
2001937/audio.mp3,mpeg,lame,1105,LAME3.100,576,576,44100
2001958/audio.mp3,mpeg,lame,1105,LAME3.100,576,1546,44100
2001969/audio.mp3,mpeg,lame,1105,LAME3.100,576,793,44100
2002100/audio.mp3,mpeg,lame,1105,Lavc57.33,576,0,44100
2002137/audio.mp3,mpeg,lame,1105,Lavf,576,576,44100
2002227/audio.mp3,mpeg,lame,1105,LAME3.100,576,576,48000
2002277/audio.mp3,mpeg,lame,1105,LAME3.99r,576,807,44100
2003133/audio.ogg,ogg,,,,,,
2003143/audio.mp3,mpeg,lame,1105,Lavc57.33,576,0,44100
2003323/audio.ogg,ogg,,,,,,
2003639/audio.mp3,mpeg,lame,1105,LAME3.100,576,1400,48000
2004024/audio.mp3,mpeg,lame,1105,LAME3.99r,576,994,44100
2004059/audio.mp3,mpeg,lame,1105,LAME3.99r,576,766,48000
2004882/audio.ogg,ogg,,,,,,
2005066/audio.mp3,mpeg,lame,1105,LAME3.100,576,1472,44100
2005101/audio.ogg,ogg,,,,,,
200552/BlackYooh vs. siromaru - BLACK or WHITE.mp3,mpeg,lame,1105,LAME3.98r,576,630,44100
2005713/audio.mp3,mpeg,lame,1105,LAME3.100,576,1708,44100
2006102/audio.ogg,ogg,,,,,,
2006618/audio.ogg,ogg,,,,,,
2006713/audio.mp3,mpeg,lame,1105,LAME3.100,576,576,44100
2006787/audio.mp3,mpeg,none,0,,0,0,32000
2006856/audio.mp3,mpeg,lame,1105,LAME3.100,576,576,48000
2006922/audio.ogg,ogg,,,,,,
2007015/audio.mp3,mpeg,none,0,,0,0,44100
2007310/audio.ogg,ogg,,,,,,
2007371/audio.mp3,mpeg,lame,1105,LAME3.100,576,576,44100
2007620/audio.mp3,mpeg,lame,1105,Lavc58.54,576,1649,44100
2007857/audio.mp3,mpeg,lame,1105,LAME3.100,576,576,44100
2007968/audio.mp3,mpeg,lame,1105,Lavc57.33,576,0,44100
2008098/audio.ogg,ogg,,,,,,
2008260/audio.mp3,mpeg,lame,1105,Lavc57.33,576,0,44100
2008307/audio.mp3,mpeg,lame,1105,Lavc58.91,576,704,48000
2008385/audio.ogg,ogg,,,,,,
2008843/audio.mp3,mpeg,lame,1105,LAME3.100,576,576,44100
2008871/audio.mp3,mpeg,lame,1105,LAME3.100,576,723,44100
2008972/audio.ogg,ogg,,,,,,
2009238/audio.ogg,ogg,,,,,,
2009418/audio.mp3,mpeg,lame,1105,LAME3.100,576,576,48000
200945/Lucid.mp3,mpeg,lame,1105,LAME3.99r,576,576,44100
2010282/audio.ogg,ogg,,,,,,
2010466/audio.mp3,mpeg,lame,1105,LAME3.99r,576,1404,44100
2010778/audio.mp3,mpeg,lame,1105,Lavc60.6.,576,952,44100
2010938/audio.mp3,mpeg,lame,1105,LAME3.100,576,1578,44100
2010972/audio.ogg,ogg,,,,,,
2010988/audio.mp3,mpeg,lame,1105,Lavc59.37,576,576,44100
2011243/audio.ogg,ogg,,,,,,
2011396/audio.mp3,mpeg,lame,1105,Lavc59.18,576,1105,44100
2011447/audio.mp3,mpeg,lame,1105,Lavc59.18,576,1681,48000
2011490/audio.ogg,ogg,,,,,,
2011539/audio.mp3,mpeg,lame,1105,LAME3.99r,576,856,44100
2011701/audio.mp3,mpeg,lame,1105,LAME3.100,576,1088,48000
2011972/audio.mp3,mpeg,lame,1105,LAME3.99r,576,576,44100
2012308/audio.mp3,mpeg,lame,1105,Lavc60.22,576,1170,44100
2012401/audio.ogg,ogg,,,,,,
2012779/audio.mp3,mpeg,lame,1105,Lavc57.33,576,0,48000
2013110/audio.mp3,mpeg,lame,1105,LAME3.100,576,576,44100
2013155/Black Dragon.mp3,mpeg,lame,1105,LAME3.99r,576,576,44100
201333/shiwa.mp3,mpeg,lame,1105,LAME3.98r,576,1728,44100
2013471/audio.mp3,mpeg,lame,1105,Lavc57.33,576,0,44100
2013638/audio.mp3,mpeg,lame,1105,Lavc57.33,576,0,44100
2013835/audio.ogg,ogg,,,,,,
2013874/audio.ogg,ogg,,,,,,
2014244/audio.mp3,mpeg,lame,1105,LAME3.100,576,778,44100
2014428/audio.ogg,ogg,,,,,,
2014470/audio.mp3,mpeg,lame,1105,Lavc59.18,576,1381,44100
2014767/audio.ogg,ogg,,,,,,
2014990/audio.mp3,mpeg,lame,1105,Lavc59.12,576,1632,48000
2015350/audio.ogg,ogg,,,,,,
2015361/audio.mp3,mpeg,lame,1105,LAME3.100,576,0,44100
2015621/audio.mp3,mpeg,lame,1105,LAME3.100,576,1272,44100
2015867/audio.ogg,ogg,,,,,,
2016251/audio.mp3,mpeg,lame,1105,LAME3.100,576,576,44100
2016290/audio.ogg,ogg,,,,,,
2016596/audio.mp3,mpeg,lame,1105,LAME3.100,576,873,44100
2016616/audio.ogg,ogg,,,,,,
2016683/audio.mp3,mpeg,lame,1105,Lavc57.33,576,0,44100
201690/Zero Fill Love (Original Ver) - Pangya Season4 Title Song.mp3,mpeg,none,0,,0,0,44100
2016998/audio.ogg,ogg,,,,,,
2017044/aud.ogg,ogg,,,,,,
2017215/audio.ogg,ogg,,,,,,
2017251/audio.mp3,mpeg,lame,1105,Lavc59.18,576,1572,48000
2017545/audio.ogg,ogg,,,,,,
2017609/audio.ogg,ogg,,,,,,
2017779/audio.ogg,ogg,,,,,,
2017987/Melty Lover.mp3,mpeg,lame,1105,Lavc59.59,576,576,44100
2018033/audio.ogg,ogg,,,,,,
2018171/audio.ogg,ogg,,,,,,
2018278/audio.mp3,mpeg,lame,1105,LAME3.100,576,1366,44100
2018784/audio.mp3,mpeg,lame,1105,LAME3.100,576,576,44100
2019229/audio.ogg,ogg,,,,,,
2019474/audio.mp3,mpeg,lame,1105,Lavc57.33,576,0,44100
2019582/audio.mp3,mpeg,lame,1105,LAME3.100,576,880,44100
2019730/audio.ogg,ogg,,,,,,
2019770/audio.mp3,mpeg,lame,1105,LAME3.99r,576,972,44100
2019825/audio.ogg,ogg,,,,,,
2019833/audio.ogg,ogg,,,,,,
2019845/audio.mp3,mpeg,lame,1105,LAME3.98r,576,1105,44100
2019918/audio.ogg,ogg,,,,,,
2020119/audio.mp3,mpeg,lame,1105,LAME3.100,576,576,48000
2020261/audio.ogg,ogg,,,,,,
2020285/audio.mp3,mpeg,lame,1105,Lavc57.33,576,0,48000
2021033/audio.ogg,ogg,,,,,,
2021201/audio.ogg,ogg,,,,,,
2021229/audio.mp3,mpeg,lame,1105,LAME3.100,576,576,44100
2021898/audio.ogg,ogg,,,,,,
2021922/audio.mp3,mpeg,lame,1105,LAME3.100,576,1549,44100
2021976/audio.mp3,mpeg,none,0,,0,0,44100
2021993/audio.mp3,mpeg,lame,1105,LAME3.100,576,1297,44100
2022013/audio.ogg,ogg,,,,,,
2022063/audio.mp3,mpeg,lame,1105,Lavc57.33,576,0,44100
2022117/audio.ogg,ogg,,,,,,
2022862/audio.ogg,ogg,,,,,,
2023123/audio.mp3,mpeg,none,0,,0,0,44100
2023867/audio.ogg,ogg,,,,,,
2024020/audio.ogg,ogg,,,,,,
2024298/audio.mp3,mpeg,lame,1105,LAME3.100,576,929,44100
2024427/audio.mp3,mpeg,lame,1105,LAME3.100,576,576,44100
2024432/audio.ogg,ogg,,,,,,
2024734/audio.mp3,mpeg,lame,1105,LAME3.100,576,576,48000
2024918/audio.ogg,ogg,,,,,,
2025057/audio.mp3,mpeg,lame,1105,LAME3.100,576,1327,48000
2025219/audio.ogg,ogg,,,,,,
2025281/audio.mp3,mpeg,lame,1105,Lavc57.33,576,0,44100
2025380/audio.ogg,ogg,,,,,,
2025404/audio.mp3,mpeg,lame,1105,Lavc57.33,576,0,44100
2025551/audio.mp3,mpeg,lame,1105,LAME3.100,576,1512,44100
2025583/audio.mp3,mpeg,lame,1105,LAME3.100,576,576,48000
2025637/audio.ogg,ogg,,,,,,
2025670/audio.ogg,ogg,,,,,,
2025706/audio.mp3,mpeg,lame,1105,LAME3.100,576,576,48000
2025945/audio.ogg,ogg,,,,,,
2025951/audio.ogg,ogg,,,,,,
202610/nine point eight.mp3,mpeg,none,0,,0,0,44100
2026104/audio.mp3,mpeg,lame,1105,LAME3.100,576,576,44100
2027071/audio.mp3,mpeg,none,0,,0,0,44100
2027120/audio.ogg,ogg,,,,,,
2027242/audio.mp3,mpeg,lame,1105,LAME3.100,576,980,44100
2027343/audio.mp3,mpeg,lame,1105,LAME3.100,576,1105,48000
2027374/audio.mp3,mpeg,lame,1105,Lavc57.33,576,0,44100
202755/GReeeeN - 6th Album.mp3,mpeg,lame,1105,LAME3.99r,576,1316,44100
2027649/audio.mp3,mpeg,none,0,,0,0,44100
2028034/audio.mp3,mpeg,lame,1105,Lavc57.33,576,0,44100
2028088/Kalse - Laureate Grimoire.ogg,ogg,,,,,,
2028126/audio.ogg,ogg,,,,,,
2028213/audio.mp3,mpeg,none,0,,0,0,44100
2028339/audio.mp3,mpeg,lame,1105,LAME3.99r,576,576,44100
2028745/audio.mp3,mpeg,lame,1105,LAME3.100,576,576,48000
2028947/audio.mp3,mpeg,lame,1105,LAME3.99r,576,1560,44100
2029508/audio.mp3,mpeg,lame,1105,Lavc57.33,576,0,44100
2029599/audio.ogg,ogg,,,,,,
2029816/audio.mp3,mpeg,lame,1105,LAME3.100,576,1404,44100
2029838/audio.ogg,ogg,,,,,,
2029995/guljack.mp3,mpeg,lame,1105,Lavc61.19,576,576,44100
2030433/audio.ogg,ogg,,,,,,
2031077/2-14 Dual Fractal.ogg,ogg,,,,,,
2031239/audio.ogg,ogg,,,,,,
2031429/audio.ogg,ogg,,,,,,
2031577/audio.mp3,mpeg,lame,1105,LAME3.100,576,582,44100
2031630/audio.ogg,ogg,,,,,,
2032159/audio.mp3,mpeg,lame,1105,LAME3.100,576,1345,44100
2032354/audio.mp3,mpeg,lame,1105,LAME3.99r,576,576,44100
2032982/audio.mp3,mpeg,lame,1105,Lavc59.37,576,1049,44100
2033504/audio.ogg,ogg,,,,,,
2033533/audio.mp3,mpeg,lame,1105,LAME3.100,576,912,44100
2033681/audio.mp3,mpeg,none,0,,0,0,48000
2033906/audio.mp3,mpeg,lame,1105,LAME3.99r,576,576,44100
2033977/audio.mp3,mpeg,lame,1105,Lavc59.37,576,704,44100
2034454/audio.ogg,ogg,,,,,,
2034887/audio.ogg,ogg,,,,,,
2035249/audio.mp3,mpeg,lame,1105,LAME3.100,576,576,44100
2035554/audio.mp3,mpeg,lame,1105,Lavc59.37,576,822,48000
2035737/audio.ogg,ogg,,,,,,
2036133/audio.mp3,mpeg,lame,1105,LAME3.100,576,1681,44100
2036263/audio.ogg,ogg,,,,,,
2036300/audio.mp3,mpeg,lame,1105,Lavc57.33,576,0,44100
2036440/audio.ogg,ogg,,,,,,
2036551/audio.ogg,ogg,,,,,,
2036645/audio.mp3,mpeg,lame,1105,LAME3.99r,576,576,44100
2036659/audio.ogg,ogg,,,,,,
2037054/audio.mp3,mpeg,lame,1105,LAME3.100,576,1289,44100
2037139/audio.mp3,mpeg,lame,1105,LAME3.99r,576,912,44100
2037532/audio.ogg,ogg,,,,,,
2037591/audio.mp3,mpeg,lame,1105,LAME3.100,576,592,48000
2037978/audio.ogg,ogg,,,,,,
2038102/audio.ogg,ogg,,,,,,
2038105/audio.ogg,ogg,,,,,,
2038365/audio.mp3,mpeg,lame,1105,Lavc59.37,576,1471,44100
2038524/audio.ogg,ogg,,,,,,
2039039/audio.ogg,ogg,,,,,,
2039123/audio.mp3,mpeg,lame,1105,Lavc59.37,576,1198,44100
2039240/audio.mp3,mpeg,lame,1105,Lavc57.33,576,0,44100
2039336/Kou! - Xuasar Charge.mp3,mpeg,lame,1105,LAME3.100,576,1604,44100
2040317/audio.ogg,ogg,,,,,,
2040476/audio.mp3,mpeg,lame,1105,Lavc60.3.,576,576,44100
2040593/audio.mp3,mpeg,none,0,,0,0,44100
2040781/audio.mp3,mpeg,lame,1105,LAME3.100,576,576,44100
2040918/audio.mp3,mpeg,lame,1105,Lavc57.89,576,1620,44100
2041044/audio.ogg,ogg,,,,,,
2041421/audio.ogg,ogg,,,,,,
2041478/audio.ogg,ogg,,,,,,
2041798/audio.mp3,mpeg,lame,1105,LAME3.100,576,905,48000
2041830/audio.mp3,mpeg,lame,1105,LAME3.100,576,576,48000
2042013/audio.ogg,ogg,,,,,,
2042202/audio.mp3,mpeg,lame,1105,Lavc58.34,576,1472,44100
2042505/audio.ogg,ogg,,,,,,
2042525/audio.mp3,mpeg,lame,1105,Lavc61.5.,576,576,44100
2042698/audio.mp3,mpeg,lame,1105,LAME3.99r,576,1187,48000
2042813/trailer.ogg,ogg,,,,,,
2042835/audio.mp3,mpeg,lame,1105,LAME3.100,576,704,48000
2043077/ctw.ogg,ogg,,,,,,
2043161/audio.mp3,mpeg,none,0,,0,0,44100
2043194/audio.mp3,mpeg,lame,1105,Lavc57.33,576,0,44100
2043284/audio.ogg,ogg,,,,,,
2043327/audio.mp3,mpeg,lame,1105,LAME3.100,576,649,48000
2043744/audio.mp3,mpeg,lame,1105,LAME3.100,576,656,44100
2044117/audio.mp3,mpeg,lame,1105,Lavc58.13,576,1681,44100
2044131/audio.mp3,mpeg,lame,1105,LAME3.100,576,1060,44100
2044155/audio.ogg,ogg,,,,,,
2044295/audio.mp3,mpeg,lame,1105,LAME3.100,576,576,48000
2044521/audio.mp3,mpeg,lame,1105,LAME3.100,576,615,48000
2044583/audio.ogg,ogg,,,,,,
2044880/audio.mp3,mpeg,lame,1105,LAME3.99r,576,576,48000
2045075/audio.ogg,ogg,,,,,,
2045102/audio.mp3,mpeg,lame,1105,LAME3.99r,576,591,44100
2045174/audio.mp3,mpeg,none,0,,0,0,44100
2045182/audio.mp3,mpeg,lame,1105,LAME3.100,576,1076,44100
2045471/audio.mp3,mpeg,lame,1105,LAME3.100,576,576,44100
2045473/audio.mp3,mpeg,lame,1105,LAME3.100,576,1567,44100
2045573/audio.mp3,mpeg,lame,1105,LAME3.99r,576,1202,44100
2045772/audio.ogg,ogg,,,,,,
2046321/audio.ogg,ogg,,,,,,
2046342/audio.mp3,mpeg,lame,1105,LAME3.100,576,1116,44100
2046363/audio.ogg,ogg,,,,,,
2046911/14 BIG SHOT (Deltarune Chapter 2).mp3,mpeg,lame,1105,LAME3.99r,576,852,44100
2046962/audio.ogg,ogg,,,,,,
2046986/audio.mp3,mpeg,lame,1105,LAME3.100,576,1176,44100
2048064/audio.mp3,mpeg,lame,1105,LAME3.100,576,1663,44100
2048185/audio.mp3,mpeg,lame,1105,Lavc59.37,576,900,44100
2048498/audio.ogg,ogg,,,,,,
2048850/audio.mp3,mpeg,lame,1105,LAME3.100,576,837,48000
2049474/audio.ogg,ogg,,,,,,
2049713/audio.ogg,ogg,,,,,,
2049777/audio.mp3,mpeg,lame,1105,Lavc57.33,576,0,48000
205036/Nightcore - Counting Stars.mp3,mpeg,lame,1105,LAME3.99r,576,576,44100
2050400/audio.ogg,ogg,,,,,,
2050409/audio.ogg,ogg,,,,,,
2051034/audio.ogg,ogg,,,,,,
2051813/audio.mp3,mpeg,lame,1105,Lavc59.18,576,832,48000
2051831/04. Break The Silence.mp3,mpeg,lame,1105,Lavc57.33,576,0,44100
2051835/audio.mp3,mpeg,lame,1105,Lavc60.22,576,1106,44100
2051840/audio.mp3,mpeg,lame,1105,LAME3.100,576,576,44100
2051843/audio.ogg,ogg,,,,,,
2052074/audio.mp3,mpeg,none,0,,0,0,44100
2052119/audio.mp3,mpeg,lame,1105,LAME3.100,576,1347,44100
2052165/audio.ogg,ogg,,,,,,
2052332/audio.mp3,mpeg,lame,1105,Lavc59.18,576,0,48000
2052341/audio.mp3,mpeg,lame,1105,LAME3.100,576,1606,44100
2052515/audio.ogg,ogg,,,,,,
2052537/audio.mp3,mpeg,lame,1105,LAME3.100,576,916,44100
2052684/audio.mp3,mpeg,lame,1105,Lavc57.33,576,0,48000
2052729/audio.mp3,mpeg,lame,1105,Lavc58.81,576,1434,44100
2053020/audio.mp3,mpeg,lame,1105,LAME3.100,576,1479,44100
2053189/audio.mp3,mpeg,lame,1105,LAME3.100,576,959,44100
2053357/audio.mp3,mpeg,lame,1105,Lavc60.22,576,1294,44100
2053664/audio.mp3,mpeg,none,0,,0,0,44100
2053904/audio.ogg,ogg,,,,,,
2054068/audio.mp3,mpeg,lame,1105,LAME3.100,576,1596,44100
2054428/audio.ogg,ogg,,,,,,
2054460/audio.ogg,ogg,,,,,,
2054852/audio.ogg,ogg,,,,,,
2055265/audio.mp3,mpeg,lame,1105,LAME3.100,576,1105,44100
2055306/audio.ogg,ogg,,,,,,
2055329/audio.mp3,mpeg,lame,1105,Lavc58.91,576,1301,48000
2055332/audio.mp3,mpeg,lame,1105,LAME3.100,576,954,48000
2055504/audio.mp3,mpeg,lame,1105,LAME3.100,576,576,48000
2056100/audio.mp3,mpeg,lame,1105,LAME3.100,576,649,44100
2056650/audio.mp3,mpeg,lame,1105,Lavc58.53,576,576,44100
2056652/audio.ogg,ogg,,,,,,
2056867/audio.mp3,mpeg,lame,1105,Lavc60.22,576,1414,44100
2057217/audio.mp3,mpeg,lame,1105,LAME3.100,576,1644,44100
2057392/audio.mp3,mpeg,lame,1105,LAME3.100,576,576,44100
2057420/audio.ogg,ogg,,,,,,
2057639/audio.ogg,ogg,,,,,,
2057835/audio.mp3,mpeg,lame,1105,Lavc57.33,576,0,44100
2057862/audio.mp3,mpeg,lame,1105,LAME3.100,576,576,44100
2057950/audio.mp3,mpeg,lame,1105,Lavc57.33,576,0,44100
2058036/audio.mp3,mpeg,lame,1105,LAME3.100,576,1116,44100
2058130/audio.ogg,ogg,,,,,,
2058577/audio.mp3,mpeg,lame,1105,LAME3.100,576,576,48000
2058816/clover_final_192.mp3,mpeg,none,0,,0,0,44100
2058832/audio.mp3,mpeg,none,0,,0,0,48000
2059046/audio.ogg,ogg,,,,,,
2059190/audio.ogg,ogg,,,,,,
2059692/audio.mp3,mpeg,lame,1105,LAME3.100,576,1707,48000
2059758/audio.mp3,mpeg,lame,1105,Lavc57.33,576,0,48000
2059895/audio.mp3,mpeg,lame,1105,Lavc57.33,576,0,44100
2060739/Discovered Attack (Original Mix).mp3,mpeg,lame,1105,LAME3.99r,576,912,44100
2060798/audio.ogg,ogg,,,,,,
2060891/output_audio.ogg,ogg,,,,,,
2060949/audio.ogg,ogg,,,,,,
2061214/audio.mp3,mpeg,lame,1105,Lavc57.33,576,0,48000
2061253/audio.ogg,ogg,,,,,,
2061602/audio.mp3,mpeg,xing,0,,0,0,44100
2061764/audio.mp3,mpeg,lame,1105,LAME3.100,576,1581,44100
2062147/audio.ogg,ogg,,,,,,
2062204/these chains.ogg,ogg,,,,,,
2062236/Cortex_Charger.mp3,mpeg,lame,1105,LAME3.100,576,970,44100
2062237/audio.mp3,mpeg,lame,1105,LAME3.100,576,1344,48000
2062240/audio.ogg,ogg,,,,,,
2062241/audio.mp3,mpeg,lame,1105,LAME3.100,576,1079,44100
2062486/audio.ogg,ogg,,,,,,
2062505/audio.ogg,ogg,,,,,,
2062569/audio.mp3,mpeg,lame,1105,LAME3.100,576,1467,44100
2062621/audio.mp3,mpeg,lame,1105,LAME3.99r,576,576,44100
2063378/audio.mp3,mpeg,lame,1105,LAME3.100,576,1275,44100
2063548/audio.mp3,mpeg,lame,1105,LAME3.100,576,1104,48000
2063918/audio.mp3,mpeg,none,0,,0,0,44100
2064233/audio.ogg,ogg,,,,,,
2064372/audio.mp3,mpeg,lame,1105,Lavc57.10,576,990,44100
2064894/audio.mp3,mpeg,lame,1105,Lavf54.63,576,0,48000
2065079/audio.mp3,mpeg,lame,1105,LAME3.100,576,864,44100
2065527/audio.mp3,mpeg,lame,1105,LAME3.100,576,864,44100
2065772/audio.mp3,mpeg,lame,1105,Lavc58.54,576,660,44100
2065992/audio.ogg,ogg,,,,,,
2066219/audio.ogg,ogg,,,,,,
2066329/audio.mp3,mpeg,none,0,,0,0,44100
2066673/audio.ogg,ogg,,,,,,
2066956/audio.mp3,mpeg,lame,1105,LAME3.100,576,576,44100
2066968/audio.ogg,ogg,,,,,,
2066989/audio.ogg,ogg,,,,,,
2067095/audio.mp3,mpeg,lame,1105,LAME3.100,576,576,48000
2067109/noriko.ogg,ogg,,,,,,
2067815/audio.mp3,mpeg,lame,1105,LAME3.99r,576,1227,44100
2067990/audio.mp3,mpeg,lame,1105,Lavc58.54,576,864,44100
2068007/audio.mp3,mpeg,lame,1105,Lavc57.33,576,0,44100
2068015/audio.mp3,mpeg,lame,1105,Lavc58.54,576,576,44100
2068399/audio.ogg,ogg,,,,,,
206887/Unravel.mp3,mpeg,none,0,,0,0,44100
2068972/audio.ogg,ogg,,,,,,
2069167/audio.ogg,ogg,,,,,,
2069235/audio.ogg,ogg,,,,,,
2069877/audio.mp3,mpeg,lame,1105,LAME3.100,576,1424,44100
2069893/audio.mp3,mpeg,lame,1105,LAME3.100,576,1613,44100
2069912/audio.ogg,ogg,,,,,,
2069976/audio.mp3,mpeg,lame,1105,Lavc57.33,576,0,44100
2070252/audio.ogg,ogg,,,,,,
2070307/audio.mp3,mpeg,lame,1105,LAME3.100,576,774,44100
2070645/audio.mp3,mpeg,lame,1105,Lavc58.91,576,1256,48000
207075/distance.mp3,mpeg,none,0,,0,0,44100
2070765/audio.mp3,mpeg,none,0,,0,0,48000
2070866/audio.ogg,ogg,,,,,,
2071247/audio.mp3,mpeg,lame,1105,LAME3.100,576,788,48000
2071574/audio.ogg,ogg,,,,,,
2071593/audio.mp3,mpeg,lame,1105,Lavc57.33,576,0,44100
2071596/audio.ogg,ogg,,,,,,
2071597/audio.ogg,ogg,,,,,,
2071805/audio.ogg,ogg,,,,,,
2071879/audio.ogg,ogg,,,,,,
2072440/audio.ogg,ogg,,,,,,
2072806/audio.ogg,ogg,,,,,,
2072833/audio.mp3,mpeg,lame,1105,Lavc57.33,576,0,44100
2073247/audio.mp3,mpeg,lame,1105,LAME3.100,576,576,44100
2073289/audio.ogg,ogg,,,,,,
2073532/audio.ogg,ogg,,,,,,
2073855/audio.mp3,mpeg,lame,1105,LAME3.100,576,768,48000
2073978/MOBILYS.ogg,ogg,,,,,,
2074009/audio.ogg,ogg,,,,,,
2074062/audio.ogg,ogg,,,,,,
2074956/audio.mp3,mpeg,none,0,,0,0,44100
2075080/audio.mp3,mpeg,lame,1105,Lavc58.13,576,1269,44100
2075218/audio.mp3,mpeg,lame,1105,LAME3.100,576,576,44100
2075891/audio.mp3,mpeg,lame,1105,LAME3.100,576,1128,44100
207599/Isetsu higanbana dai ichi - gensho no amaririsu - .mp3,mpeg,none,0,,0,0,44100
2076043/audio.ogg,ogg,,,,,,
2076071/audio.mp3,mpeg,lame,1105,LAME3.100,576,576,44100
2076104/audio.mp3,mpeg,lame,1105,LAME3.100,576,1345,48000
207612/u's - No Brand Girls.mp3,mpeg,none,0,,0,0,44100
2076122/audio.ogg,ogg,,,,,,
2076124/audio.mp3,mpeg,lame,1105,Lavc57.33,576,0,44100
2076391/audio.mp3,mpeg,lame,1105,LAME3.100,576,1105,44100
2077021/audio.mp3,mpeg,lame,1105,Lavc61.19,576,576,44100
2077432/audio.ogg,ogg,,,,,,
2077955/audio.mp3,mpeg,none,0,,0,0,48000
2078125/audio.mp3,mpeg,lame,1105,LAME3.100,576,1560,44100
2078163/hana ni natte.ogg,ogg,,,,,,
2078166/audio.mp3,mpeg,lame,1105,LAME3.100,576,576,44100
2078248/audio.ogg,ogg,,,,,,
2078439/audio.mp3,mpeg,lame,1105,LAME3.100,576,576,44100
2078794/audio.ogg,ogg,,,,,,
2079050/audio.ogg,ogg,,,,,,
2079067/audio.mp3,mpeg,lame,1105,LAME3.100,576,1375,44100
2079321/audio.mp3,mpeg,lame,1105,Lavf,576,1620,44100
2079405/audio.mp3,mpeg,lame,1105,Lavc57.33,576,0,44100
207949/Ignited Night.mp3,mpeg,lame,1105,SIT4.50.0,576,1584,44100
2079518/audio.mp3,mpeg,lame,1105,Lavc57.33,576,0,48000
2080049/audio.ogg,ogg,,,,,,
2080086/audio.ogg,ogg,,,,,,
2080150/audio.mp3,mpeg,lame,1105,LAME3.100,576,576,44100
2080244/audio.mp3,mpeg,lame,1105,Lavc57.33,576,0,44100
2080356/audio.mp3,mpeg,lame,1105,LAME3.100,576,576,48000
2080593/audio.mp3,mpeg,none,0,,0,0,44100
208095/Kakushigoto.mp3,mpeg,none,0,,0,0,44100
2081242/audio.mp3,mpeg,lame,1105,LAME3.100,576,1566,44100
2081299/audio.ogg,ogg,,,,,,
2081438/audio.mp3,mpeg,lame,1105,Lavc58.91,576,1672,44100
2081622/audio.mp3,mpeg,lame,1105,LAME3.100,576,1346,44100
2082175/audio.mp3,mpeg,none,0,,0,0,48000
2083111/audio.ogg,ogg,,,,,,
2083263/audio.ogg,ogg,,,,,,
2083505/sparkle.ogg,ogg,,,,,,
2083710/audio.ogg,ogg,,,,,,
2083809/audio.mp3,mpeg,lame,1105,LAME3.100,576,576,44100
2084026/audio.mp3,mpeg,lame,1105,LAME3.100,576,576,44100
2084484/audio.mp3,mpeg,lame,1105,LAME3.99r,576,1530,44100
2084530/audio.mp3,mpeg,lame,1105,Lavc59.18,576,829,48000
2084908/audio.ogg,ogg,,,,,,
2085020/audio.mp3,mpeg,lame,1105,LAME3.100,576,576,48000
2085111/audio.ogg,ogg,,,,,,
2085224/audio.mp3,mpeg,lame,1105,LAME3.100,576,1584,44100
2085685/audio.mp3,mpeg,lame,1105,Lavc58.13,576,984,44100
2085751/audio.mp3,mpeg,lame,1105,LAME3.100,576,774,44100
2085980/audio.ogg,ogg,,,,,,
2087240/audio.ogg,ogg,,,,,,
2087530/audio.ogg,ogg,,,,,,
2087849/audio.mp3,mpeg,lame,1105,LAME3.99r,576,1581,44100
2087883/audio.mp3,mpeg,lame,1105,LAME3.100,576,1351,44100
2088194/audio.ogg,ogg,,,,,,
2088232/audio.mp3,mpeg,lame,1105,LAME3.100,576,1680,48000
2088289/audio.ogg,ogg,,,,,,
2088664/audio.ogg,ogg,,,,,,
2088698/audio.mp3,mpeg,lame,1105,LAME3.100,576,1668,44100
2088933/audio.mp3,mpeg,lame,1105,Lavc60.22,576,576,48000
2089005/audio.mp3,mpeg,lame,1105,LAME3.100,576,648,44100
2089156/audio.mp3,mpeg,lame,1105,LAME3.100,576,699,44100
2089181/audio.mp3,mpeg,xing,0,,0,0,44100
2089249/audio.mp3,mpeg,lame,1105,Lavc58.54,576,1681,48000
2089358/audio.ogg,ogg,,,,,,
2089374/audio.mp3,mpeg,lame,1105,LAME3.99,576,864,44100
2089383/audio.ogg,ogg,,,,,,
2089449/audio.mp3,mpeg,none,0,,0,0,44100
2089498/audio.mp3,mpeg,lame,1105,Lavc57.33,576,0,44100
2089500/audio.ogg,ogg,,,,,,
2089536/audio.ogg,ogg,,,,,,
2089546/audio.mp3,mpeg,lame,1105,LAME3.100,576,1068,44100
2089653/audio.mp3,mpeg,lame,1105,LAME3.100,576,1138,44100
2089935/audio.mp3,mpeg,none,0,,0,0,44100
208999/little_game_star.mp3,mpeg,none,0,,0,0,44100
2090056/audio.mp3,mpeg,none,0,,0,0,48000
2090965/audio.ogg,ogg,,,,,,
2091145/audio.ogg,ogg,,,,,,
2091265/audio.mp3,mpeg,lame,1105,Lavc57.33,576,0,44100
2091370/audio.mp3,mpeg,lame,1105,LAME3.100,576,655,48000
2092029/audio.mp3,mpeg,lame,1105,LAME3.100,576,576,44100
2092082/audio.mp3,mpeg,lame,1105,LAME3.100,576,708,44100
2092121/audio.mp3,mpeg,none,0,,0,0,44100
2092486/audio.mp3,mpeg,lame,1105,Lavc57.33,576,0,44100
2092799/audio.mp3,mpeg,lame,1105,LAME3.100,576,593,44100
2092851/audio.mp3,mpeg,lame,1105,Lavc58.91,576,592,48000
2093101/audio.mp3,mpeg,lame,1105,Lavc57.33,576,0,44100
2093110/audio.ogg,ogg,,,,,,
2093213/audio.mp3,mpeg,lame,1105,LAME3.100,576,737,44100
2093265/audio.mp3,mpeg,lame,1105,Lavc57.33,576,0,44100
2093548/audio.ogg,ogg,,,,,,
2093565/audio.mp3,mpeg,none,0,,0,0,48000
2093768/audio.mp3,mpeg,none,0,,0,0,44100
2093950/audio.mp3,mpeg,none,0,,0,0,44100
2094032/audio.ogg,ogg,,,,,,
2094665/audio.ogg,ogg,,,,,,
2094985/audio.ogg,ogg,,,,,,
2095262/audio.mp3,mpeg,lame,1105,LAME3.99r,576,1307,44100
2095320/audio.ogg,ogg,,,,,,
2095389/audio.mp3,mpeg,lame,1105,Lavc60.3.,576,612,44100
2095822/audio.mp3,mpeg,lame,1105,Lavc57.33,576,0,48000
2095978/audio.mp3,mpeg,lame,1105,Lavc57.33,576,0,44100
2095979/audio.ogg,ogg,,,,,,
2096263/audio.mp3,mpeg,none,0,,0,0,48000
2096660/audio.mp3,mpeg,lame,1105,LAME3.100,576,576,44100
2096772/audio.mp3,mpeg,none,0,,0,0,48000
209682/Closer to my Heart (jun remix).mp3,mpeg,xing,0,,0,0,44100
2097269/audio.mp3,mpeg,none,0,,0,0,48000
2097618/audio.ogg,ogg,,,,,,
2098009/audio.mp3,mpeg,lame,1105,Lavc57.33,576,0,44100
2098225/audio.mp3,mpeg,lame,1105,Lavc58.13,576,1600,48000
2098237/audio.ogg,ogg,,,,,,
2098732/audio.ogg,ogg,,,,,,
2098906/audio.mp3,mpeg,lame,1105,Lavc56.41,576,0,48000
2098977/audio.ogg,ogg,,,,,,
209952/09.mp3,mpeg,none,0,,0,0,44100
209969/Hana Yamata OP.mp3,mpeg,none,0,,0,0,44100
2099759/audio.mp3,mpeg,lame,1105,LAME3.100,576,1256,44100
2099772/audio.mp3,mpeg,lame,1105,LAME3.98r,576,1512,44100
2099774/audio.ogg,ogg,,,,,,
2099865/audio.mp3,mpeg,lame,1105,LAME3.100,576,1069,48000
2100144/train.mp3,mpeg,none,0,,0,0,44100
2100674/audio.ogg,ogg,,,,,,
2100708/audio.mp3,mpeg,lame,1105,LAME3.100,576,1440,44100
2100759/audio.mp3,mpeg,lame,1105,LAME3.100,576,576,44100
2101410/audio.mp3,mpeg,lame,1105,LAME3.100,576,576,48000
2101412/audio.mp3,mpeg,lame,1105,LAME3.100,576,624,48000
2101725/audio.ogg,ogg,,,,,,
2101873/audio.mp3,mpeg,lame,1105,LAME3.100,576,576,44100
2102159/audio.ogg,ogg,,,,,,
2102434/audio.ogg,ogg,,,,,,
2102767/audio.ogg,ogg,,,,,,
2102782/audio.mp3,mpeg,lame,1105,LAME3.100,576,576,44100
2102783/audio.ogg,ogg,,,,,,
2102784/audio.mp3,mpeg,lame,1105,LAME3.100,576,1210,44100
2102835/audio.ogg,ogg,,,,,,
2102902/audio.ogg,ogg,,,,,,
2103039/audio.mp3,mpeg,lame,1105,LAME3.99r,576,1088,44100
2103050/audio.mp3,mpeg,lame,1105,Lavc60.37,576,1464,48000
210319/igorrr_mastication_numerique.mp3,mpeg,lame,1105,LAME3.97,576,2160,44100
2103634/audio.ogg,ogg,,,,,,
2103787/audio.mp3,mpeg,lame,1105,LAME3.100,576,576,44100
2104205/audio.mp3,mpeg,lame,1105,Lavc58.54,576,832,48000
2104289/audio.mp3,mpeg,lame,1105,Lavc59.54,576,576,44100
2104830/audio.mp3,mpeg,lame,1105,LAME3.100,576,576,44100
2105011/audio.ogg,ogg,,,,,,
2105369/audio.ogg,ogg,,,,,,
2105467/audio.ogg,ogg,,,,,,
2105488/audio.ogg,ogg,,,,,,
2105496/audio.mp3,mpeg,lame,1105,Lavc60.3.,576,989,48000
2105510/audio.mp3,mpeg,lame,1105,LAME3.99r,576,576,48000
2105540/audio.mp3,mpeg,lame,1105,LAME3.100,576,1087,44100
2106008/audio.ogg,ogg,,,,,,
210610/xi - Garyo Tensei.mp3,mpeg,none,0,,0,0,44100
2106143/audio.ogg,ogg,,,,,,
2107018/audio.mp3,mpeg,lame,1105,Lavc56.38,576,0,44100
2107491/audio.mp3,mpeg,lame,1105,LAME3.99r,576,1577,44100
2107667/audio.ogg,ogg,,,,,,
2107722/audio.mp3,mpeg,lame,1105,Lavc58.54,576,1276,44100
2107832/audio.mp3,mpeg,lame,1105,Lavc57.33,576,0,44100
2107942/audio.mp3,mpeg,lame,1105,LAME3.100,576,907,44100
2108323/audio.mp3,mpeg,lame,1105,Lavc59.12,576,905,48000
2108331/audio.mp3,mpeg,lame,1105,LAME3.100,576,1692,44100
2108862/audio.ogg,ogg,,,,,,
2109114/audio.mp3,mpeg,none,0,,0,0,44100
2109663/audio.mp3,mpeg,lame,1105,Lavf,576,738,44100
2110486/audio.mp3,mpeg,lame,1105,LAME3.100,576,814,48000
2111098/audio.ogg,ogg,,,,,,
2111149/audio.mp3,mpeg,lame,1105,Lavc57.33,576,0,44100
2111343/audio.ogg,ogg,,,,,,
2111429/audio.ogg,ogg,,,,,,
2111596/audio.mp3,mpeg,lame,1105,Lavc60.37,576,806,48000
2112405/audio.mp3,mpeg,lame,1105,LAME3.100,576,576,44100
2112649/audio.mp3,mpeg,none,0,,0,0,44100
2113045/audio.mp3,mpeg,lame,1105,Lavc59.18,576,852,44100
2113313/audio.mp3,mpeg,lame,1105,LAME3.100,576,589,44100
2113494/audio.mp3,mpeg,lame,1105,Lavf,576,1152,44100
2113498/audio.ogg,ogg,,,,,,
2113834/audio.mp3,mpeg,lame,1105,LAME3.100,576,975,44100
2114040/audiocut.mp3,mpeg,lame,1105,LAME3.100,576,1144,44100
2114044/audio.ogg,ogg,,,,,,
2114057/audio.mp3,mpeg,lame,1105,LAME3.98r,576,1100,44100
2114428/audio.mp3,mpeg,lame,1105,LAME3.100,576,830,44100
2114541/audio.ogg,ogg,,,,,,
2114716/audio.ogg,ogg,,,,,,
2114819/audio.ogg,ogg,,,,,,
2114955/audio.ogg,ogg,,,,,,
2115566/audio.mp3,mpeg,lame,1105,LAME3.100,576,576,48000
2116670/audio.mp3,mpeg,lame,1105,LAME3.100,576,1105,44100
2117211/audio.mp3,mpeg,lame,1105,LAME3.99r,576,576,44100
2117308/audio.ogg,ogg,,,,,,
2117309/audio.mp3,mpeg,none,0,,0,0,44100
2117314/audio.ogg,ogg,,,,,,
2117380/audio.mp3,mpeg,lame,1105,Lavc57.24,576,0,44100
2117386/audio.mp3,mpeg,none,0,,0,0,44100
2117391/audio.mp3,mpeg,lame,1105,LAME3.100,576,947,44100
2117622/audio.ogg,ogg,,,,,,
2118120/audio.ogg,ogg,,,,,,
2118305/audio.mp3,mpeg,lame,1105,LAME3.100,576,1651,44100
2119098/audio.mp3,mpeg,lame,1105,LAME3.100,576,1602,44100
2119120/audio.mp3,mpeg,lame,1105,LAME3.99r,576,576,44100
2119168/audio.mp3,mpeg,lame,1105,LAME3.100,576,852,44100
2119221/audio.ogg,ogg,,,,,,
2119483/audio.mp3,mpeg,lame,1105,LAME3.100,576,695,44100
2119559/audio.ogg,ogg,,,,,,
2119933/audio.mp3,mpeg,lame,1105,Lavc59.37,576,1293,44100
2120143/audio.mp3,mpeg,lame,1105,LAME3.100,576,1431,44100
2120190/audio.mp3,mpeg,lame,1105,LAME3.100,576,912,48000
2120250/audio.mp3,mpeg,lame,1105,LAME3.100,576,1105,44100
2120379/audio.mp3,mpeg,lame,1105,Lavc57.33,576,0,44100
2120472/audio.ogg,ogg,,,,,,
2120508/audio.mp3,mpeg,lame,1105,LAME3.100,576,576,44100
2120527/audio2.mp3,mpeg,lame,1105,LAME3.100,576,1012,44100
2120597/audio.mp3,mpeg,none,0,,0,0,44100
2120661/audio.mp3,mpeg,lame,1105,LAME3.99r,576,576,44100
2120680/audio.mp3,mpeg,lame,1105,LAME3.100,576,576,48000
2120822/audio.mp3,mpeg,lame,1105,Lavc57.33,576,0,44100
2120841/audio.mp3,mpeg,lame,1105,Lavc57.33,576,0,44100
2121167/audio.ogg,ogg,,,,,,
2121315/audio.ogg,ogg,,,,,,
2121388/audio.ogg,ogg,,,,,,
2121405/audio.mp3,mpeg,lame,1105,Lavc57.33,576,0,48000
2121836/audio.mp3,mpeg,lame,1105,Lavc57.33,576,0,44100
2121893/audio.ogg,ogg,,,,,,
2122261/audio.mp3,mpeg,lame,1105,Lavc57.33,576,0,44100
2122318/audio.mp3,mpeg,lame,1105,LAME3.100,576,576,44100
2122363/audio.ogg,ogg,,,,,,
2122738/audio.mp3,mpeg,lame,1105,Lavc57.33,576,0,44100
2123098/audio.mp3,mpeg,lame,1105,LAME3.100,576,1665,48000
2123184/audio.ogg,ogg,,,,,,
2123187/audio.mp3,mpeg,lame,1105,Lavc57.33,576,0,44100
2123290/rumble.ogg,ogg,,,,,,
2123356/audio.ogg,ogg,,,,,,
2123381/audio.ogg,ogg,,,,,,
2123543/audio.mp3,mpeg,lame,1105,LAME3.100,576,884,48000
2123996/audio.ogg,ogg,,,,,,
2125163/audio.mp3,mpeg,lame,1105,Lavc57.33,576,0,48000
2125497/audio.ogg,ogg,,,,,,
2125740/audio.mp3,mpeg,lame,1105,LAME3.100,576,977,44100
2125862/audio.mp3,mpeg,lame,1105,LAME3.99r,576,576,44100
2126021/audio.ogg,ogg,,,,,,
2126282/audio.ogg,ogg,,,,,,
2126332/audio.mp3,mpeg,none,0,,0,0,44100
2126878/audio.mp3,mpeg,lame,1105,Lavc57.33,576,0,44100
2127405/audio.mp3,mpeg,lame,1105,LAME3.100,576,864,44100
2127480/audio.mp3,mpeg,lame,1105,LAME3.100,576,576,48000
2127527/audio.mp3,mpeg,none,0,,0,0,44100
2127552/audio.ogg,ogg,,,,,,
2127628/audio.mp3,mpeg,lame,1105,LAME3.100,576,1472,48000
2127932/audio.mp3,mpeg,lame,1105,LAME3.100,576,1600,44100
2128147/audio.ogg,ogg,,,,,,
2128157/audio.ogg,ogg,,,,,,
2128243/audio.mp3,mpeg,lame,1105,LAME3.100,576,970,44100
2128378/audio.mp3,mpeg,lame,1105,LAME3.99r,576,972,44100
2128816/audio.mp3,mpeg,lame,1105,LAME3.100,576,1285,44100
2129315/audio.mp3,mpeg,lame,1105,Lavc57.33,576,0,44100
2129318/audio.ogg,ogg,,,,,,
2129558/audio.ogg,ogg,,,,,,
2129580/audio.mp3,mpeg,lame,1105,Lavc60.22,576,0,48000
2129623/audio.mp3,mpeg,lame,1105,Lavc59.37,576,1681,44100
2129674/audio.ogg,ogg,,,,,,
2130605/audio.mp3,mpeg,none,0,,0,0,44100
2130743/audio.mp3,mpeg,lame,1105,Lavc57.48,576,0,44100
2130978/audio.ogg,ogg,,,,,,
2131311/audio.mp3,mpeg,lame,1105,LAME3.100,576,958,44100
2131778/audio.mp3,mpeg,lame,1105,LAME3.100,576,1575,44100
2132017/audio.mp3,mpeg,lame,1105,LAME3.100,576,1540,44100
213202/aaa.mp3,mpeg,none,0,,0,0,44100
2132288/audio.mp3,mpeg,lame,1105,Lavc57.33,576,0,48000
2132346/audio.mp3,mpeg,lame,1105,Lavc57.24,576,0,44100
2132890/audio.ogg,ogg,,,,,,
2133338/audio.mp3,mpeg,lame,1105,LAME3.100,576,1070,48000
2133390/audio.mp3,mpeg,lame,1105,Lavc59.18,576,1052,44100
2133548/audio.ogg,ogg,,,,,,
2133873/audio.ogg,ogg,,,,,,
2133908/audio.mp3,mpeg,lame,1105,Lavc58.91,576,960,48000
2134011/audio.ogg,ogg,,,,,,
2134266/audio.mp3,mpeg,lame,1105,Lavc57.33,576,0,44100
2134296/audio.ogg,ogg,,,,,,
2134306/audio.ogg,ogg,,,,,,
2134372/audio.mp3,mpeg,lame,1105,LAME3.100,576,1448,48000
2134460/audio.mp3,mpeg,lame,1105,LAME3.100,576,576,48000
2134545/Another Birthday (TV Size).mp3,mpeg,none,0,,0,0,44100
2134791/audio.ogg,ogg,,,,,,
2134903/audio.mp3,mpeg,lame,1105,LAME3.100,576,1210,44100
2134993/audio.mp3,mpeg,lame,1105,Lavc59.37,576,624,48000
2135137/audio.mp3,mpeg,none,0,,0,0,44100
2135207/audio.mp3,mpeg,lame,1105,Lavc58.91,576,1676,48000
2135401/audio.mp3,mpeg,lame,1105,Lavc57.33,576,0,44100
2135404/Heart Creation.ogg,ogg,,,,,,
2135686/audio.ogg,ogg,,,,,,
2135805/audio.mp3,mpeg,lame,1105,LAME3.100,576,1105,48000
2136059/audio.ogg,ogg,,,,,,
2136134/audio.ogg,ogg,,,,,,
2136188/audio.ogg,ogg,,,,,,
2136237/audio.ogg,ogg,,,,,,
2136548/audio.mp3,mpeg,lame,1105,LAME3.99r,576,576,44100
2136934/audio.ogg,ogg,,,,,,
2136972/audio.ogg,ogg,,,,,,
2137194/audio.mp3,mpeg,lame,1105,Lavc57.33,576,0,44100
2137625/audio.mp3,mpeg,lame,1105,Lavc60.3.,576,1071,48000
2138012/audio.mp3,mpeg,lame,1105,LAME3.100,576,1318,48000
2138173/audio.mp3,mpeg,lame,1105,LAME3.100,576,963,48000
2138193/audio.ogg,ogg,,,,,,
2138751/audio.mp3,mpeg,lame,1105,Lavc57.10,576,1045,44100
2139451/audio.mp3,mpeg,lame,1105,Lavc59.12,576,1460,44100
2139476/audio.mp3,mpeg,none,0,,0,0,44100
2139927/audio.mp3,mpeg,lame,1105,Lavc58.13,576,756,44100
2140020/audio.ogg,ogg,,,,,,
2140022/audio.mp3,mpeg,lame,1105,LAME3.100,576,576,44100
214038/gashou01.mp3,mpeg,none,0,,0,0,44100
2140392/audio.mp3,mpeg,lame,1105,LAME3.100,576,1610,44100
2140498/audio.ogg,ogg,,,,,,
2140534/youaremyhero.mp3,mpeg,lame,1105,LAME3.100,576,1565,48000
2140932/audio.mp3,mpeg,lame,1105,LAME3.99r,576,882,44100
2141394/audio.mp3,mpeg,lame,1105,LAME3.100,576,1296,44100
2141496/audio.ogg,ogg,,,,,,
2141740/audio.ogg,ogg,,,,,,
2141866/audio.mp3,mpeg,none,0,,0,0,48000
2142012/audio.ogg,ogg,,,,,,
2142337/audio.mp3,mpeg,lame,1105,Lavc58.54,576,1260,44100
2142549/audio.mp3,mpeg,lame,1105,LAME3.100,576,576,44100
2142558/audio.mp3,mpeg,lame,1105,LAME3.100,576,1489,48000
2142723/audio.mp3,mpeg,lame,1105,Lavc59.37,576,981,44100
2143103/audio.ogg,ogg,,,,,,
2143210/audio.ogg,ogg,,,,,,
2143329/audio.ogg,ogg,,,,,,
2143679/audio.ogg,ogg,,,,,,
2143839/audio.ogg,ogg,,,,,,
2144122/audio.mp3,mpeg,lame,1105,LAME3.100,576,576,44100
2144164/audio.ogg,ogg,,,,,,
2144426/audio.mp3,mpeg,lame,1105,LAME3.100,576,612,44100
2144757/audio.mp3,mpeg,lame,1105,Lavc57.64,576,1681,44100
2145485/Grayray Renwa cut.ogg,ogg,,,,,,
2145924/audio.mp3,mpeg,lame,1105,Lavc59.37,576,688,44100
2146039/audio.mp3,mpeg,none,0,,0,0,44100
2146184/audio.mp3,mpeg,lame,1105,LAME3.100,576,1077,48000
2146336/audio.mp3,mpeg,lame,1105,LAME3.99r,576,0,44100
2146559/audio.ogg,ogg,,,,,,
2146646/audio.ogg,ogg,,,,,,
2147047/audio.mp3,mpeg,lame,1105,Lavc60.38,576,936,44100
2147070/optc.ogg,ogg,,,,,,
2147193/audio.ogg,ogg,,,,,,
2147831/audio.ogg,ogg,,,,,,
2147855/audio.mp3,mpeg,lame,1105,Lavc58.12,576,576,48000
2148082/audio.ogg,ogg,,,,,,
2148315/megalostrikebackcut.mp3,mpeg,lame,1105,LAME3.100,576,1350,44100
2148385/audio.mp3,mpeg,lame,1105,Lavc60.30,576,995,48000
2149080/audio.mp3,mpeg,lame,1105,Lavc59.37,576,1564,48000
2149242/audio.ogg,ogg,,,,,,
2149266/audio.ogg,ogg,,,,,,
2149313/audio.mp3,mpeg,lame,1105,LAME3.100,576,1508,44100
2149438/audio.ogg,ogg,,,,,,
2149840/audio.mp3,mpeg,lame,1105,Lavc57.33,576,0,44100
2150376/audio.mp3,mpeg,lame,1105,Lavc57.33,576,0,44100
2150411/audio.mp3,mpeg,lame,1105,Lavc58.54,576,872,48000
2150616/audio.mp3,mpeg,lame,1105,Lavc59.37,576,576,48000
2150631/audio.ogg,ogg,,,,,,
2150807/audio.mp3,mpeg,lame,1105,LAME3.100,576,576,48000
2150979/audio.mp3,mpeg,lame,1105,Lavc57.33,576,0,44100
2151081/audio.mp3,mpeg,lame,1105,LAME3.100,576,772,44100
2151270/audio.mp3,mpeg,lame,1105,LAME3.100,576,873,44100
2151520/audio.mp3,mpeg,lame,1105,LAME3.100,576,984,44100
2151766/poop.mp3,mpeg,lame,1105,LAME3.100,576,1110,44100
2152117/audio.ogg,ogg,,,,,,
2152230/audio.ogg,ogg,,,,,,
215240/Ryu - Line 4 Ruin.mp3,mpeg,none,0,,0,0,44100
2152752/Credens justitiam.ogg,ogg,,,,,,
215305/3R2-Beyond the Horizon.mp3,mpeg,xing,0,,0,0,44100
2153097/audio.ogg,ogg,,,,,,
2153113/audio.mp3,mpeg,lame,1105,Lavc57.33,576,0,44100
2153229/audio.mp3,mpeg,lame,1105,Lavc58.34,576,1600,44100
2153231/audio.mp3,mpeg,lame,1105,Lavc60.38,576,576,44100
2153247/audio.mp3,mpeg,lame,1105,LAME3.100,576,576,44100
2154135/audio.mp3,mpeg,lame,1105,LAME3.100,576,1681,48000
2154920/audio.mp3,mpeg,lame,1105,LAME3.100,576,960,44100
2155034/10-jizue-rosso_(live_at_kyoto_concert_hall_2019.10.19).mp3,mpeg,lame,1105,LAME3.100,576,576,44100
2155115/audio.ogg,ogg,,,,,,
2155314/audio.mp3,mpeg,lame,1105,LAME3.99r,576,576,44100
2155351/audio.ogg,ogg,,,,,,
2155400/audio.mp3,mpeg,lame,1105,Lavc57.33,576,0,44100
2155969/audio.ogg,ogg,,,,,,
2156061/audio.mp3,mpeg,lame,1105,LAME3.100,576,576,44100
2156166/audio.ogg,ogg,,,,,,
2156216/audio.mp3,mpeg,lame,1105,Lavc60.6.,576,929,44100
2156252/audio.mp3,mpeg,lame,1105,LAME3.100,576,1284,44100
2156574/audio.mp3,mpeg,lame,1105,LAME3.100,576,1088,44100
2157103/audio.mp3,mpeg,lame,1105,Lavc59.37,576,1116,44100
2157385/audio.mp3,mpeg,lame,1105,LAME3.99r,576,576,44100
2157449/audio.mp3,mpeg,lame,1105,Lavc60.3.,576,672,44100
2157670/audio.mp3,mpeg,none,0,,0,0,48000
2157704/audio.ogg,ogg,,,,,,
2157751/audio.ogg,ogg,,,,,,
2157900/audio.ogg,ogg,,,,,,
2158268/audio.mp3,mpeg,lame,1105,LAME3.99r,576,1488,48000
2158318/audio.ogg,ogg,,,,,,
2158319/audio.mp3,mpeg,lame,1105,Lavc58.18,576,704,48000
2158418/audio.mp3,mpeg,lame,1105,LAME3.100,576,576,48000
2158889/audio.mp3,mpeg,lame,1105,Lavc57.16,576,0,44100
2158890/audio.mp3,mpeg,lame,1105,LAME3.100,576,828,44100
2159101/audio.mp3,mpeg,lame,1105,LAME3.100,576,1347,44100
2159430/audio.ogg,ogg,,,,,,
2159829/audio.ogg,ogg,,,,,,
2159928/audio.mp3,mpeg,lame,1105,LAME3.100,576,1105,44100
2160080/audio.mp3,mpeg,lame,1105,Lavc59.54,576,1442,44100
2160120/audio.ogg,ogg,,,,,,
2160180/audio.mp3,mpeg,none,0,,0,0,44100
2160393/audio.ogg,ogg,,,,,,
2160406/audio.ogg,ogg,,,,,,
2160681/audio.mp3,mpeg,lame,1105,LAME3.100,576,1061,44100
2160688/audio.mp3,mpeg,lame,1105,LAME3.100,576,576,44100
2161003/audio.mp3,mpeg,lame,1105,LAME3.100,576,576,44100
2161198/audio.ogg,ogg,,,,,,
2161237/audio.ogg,ogg,,,,,,
2161364/audio.mp3,mpeg,lame,1105,LAME3.100,576,1212,44100
2161669/cat.mp3,mpeg,lame,1105,LAME3.100,576,918,44100
2161680/audio.mp3,mpeg,lame,1105,Lavc59.12,576,1010,44100
2161861/audio.ogg,ogg,,,,,,
2162065/audio.mp3,mpeg,lame,1105,LAME3.100,576,1105,48000
2162219/audio.ogg,ogg,,,,,,
2162283/audio.mp3,mpeg,lame,1105,LAME3.100,576,1160,48000
216238/ginkiha - Starlight Express.mp3,mpeg,lame,1105,LAME3.98r,576,1856,44100
2162800/audio.ogg,ogg,,,,,,
2162976/audio.mp3,mpeg,lame,1105,LAME3.100,576,615,44100
2163039/audio.mp3,mpeg,lame,1105,Lavc59.37,576,1647,48000
2163071/audio.ogg,ogg,,,,,,
2163456/audio.mp3,mpeg,lame,1105,Lavc57.33,576,0,44100
2163859/audio.ogg,ogg,,,,,,
2164249/audio.ogg,ogg,,,,,,
2164393/audio.mp3,mpeg,lame,1105,Lavc59.37,576,830,44100
2164405/audio.mp3,mpeg,lame,1105,LAME3.100,576,1651,44100
2164584/audio.mp3,mpeg,none,0,,0,0,44100
2165022/audio.ogg,ogg,,,,,,
2165041/audio.mp3,mpeg,none,0,,0,0,44100
2165116/audio.ogg,ogg,,,,,,
2165373/audio.ogg,ogg,,,,,,
2165501/audio.ogg,ogg,,,,,,
2165555/audio.ogg,ogg,,,,,,
2165632/audio.mp3,mpeg,lame,1105,LAME3.100,576,1462,44100
2165641/audio.ogg,ogg,,,,,,
2165863/audio.ogg,ogg,,,,,,
2166237/audio.mp3,mpeg,lame,1105,LAME3.100,576,1160,48000
2166316/audio.mp3,mpeg,lame,1105,LAME3.100,576,1105,48000
2166545/audio.mp3,mpeg,lame,1105,LAME3.99r,576,576,44100
2166655/audio.ogg,ogg,,,,,,
2166852/audio.ogg,ogg,,,,,,
2166981/audio.ogg,ogg,,,,,,
2167128/audio.ogg,ogg,,,,,,
2167548/audio.ogg,ogg,,,,,,
2167608/audio.mp3,mpeg,none,0,,0,0,44100
2168317/audio.mp3,mpeg,lame,1105,LAME3.100,576,576,48000
2168474/audio.mp3,mpeg,lame,1105,Lavc58.54,576,1344,48000
2168512/audio.mp3,mpeg,lame,1105,LAME3.100,576,963,44100
2168587/audio.ogg,ogg,,,,,,
2168811/audio.ogg,ogg,,,,,,
2168878/audio.mp3,mpeg,lame,1105,LAME3.100,576,1105,48000
2168908/audio.mp3,mpeg,lame,1105,LAME3.100,576,925,48000
2169074/luv.mp3,mpeg,lame,1105,LAME3.99r,576,1248,48000
2169409/audio.mp3,mpeg,none,0,,0,0,44100
2169793/audio.mp3,mpeg,lame,1105,Lavc57.33,576,0,44100
2169819/audio.mp3,mpeg,lame,1105,Lavc58.54,576,1044,44100
2170119/audio.ogg,ogg,,,,,,
2170463/audio.mp3,mpeg,lame,1105,LAME3.100,576,1600,48000
2171297/audio.mp3,mpeg,lame,1105,LAME3.100,576,960,48000
2171494/audio.ogg,ogg,,,,,,
2171598/audio.ogg,ogg,,,,,,
2172347/audio.ogg,ogg,,,,,,
2172856/audio.ogg,ogg,,,,,,
2172905/audio.ogg,ogg,,,,,,
2172910/audio.ogg,ogg,,,,,,
2172951/audio.ogg,ogg,,,,,,
2172974/audio.ogg,ogg,,,,,,
2173079/audio.mp3,mpeg,none,0,,0,0,44100
2173214/audio.mp3,mpeg,lame,1105,Lavc57.33,576,0,44100
2173319/audio.mp3,mpeg,lame,1105,LAME3.100,576,1344,44100
2173396/audio.mp3,mpeg,lame,1105,LAME3.100,576,1530,44100
2173713/audio.ogg,ogg,,,,,,
2173832/audio.ogg,ogg,,,,,,
2173999/audio.ogg,ogg,,,,,,
2174468/Yuki Setsuna (CV Kusunoki Tomori) - LIKE IT! LOVE IT! (Game Ver.).mp3,mpeg,none,0,,0,0,44100
2174509/audio.ogg,ogg,,,,,,
2174565/audio.mp3,mpeg,lame,1105,Lavc57.33,576,0,44100
2174621/audio.mp3,mpeg,lame,1105,Lavc57.33,576,0,48000
2174796/audio.mp3,mpeg,lame,1105,Lavc57.33,576,0,44100
2174817/audio.mp3,mpeg,lame,1105,Lavc60.3.,576,1088,48000
2174987/audio.ogg,ogg,,,,,,
2175251/audio.ogg,ogg,,,,,,
2175431/audio.ogg,ogg,,,,,,
2175865/audio.mp3,mpeg,lame,1105,LAME3.100,576,703,44100
2176060/audio.mp3,mpeg,lame,1105,LAME3.100,576,1248,48000
2176266/audio.mp3,mpeg,lame,1105,Lavc60.37,576,1656,48000
2176413/audio.ogg,ogg,,,,,,
2176601/audio.mp3,mpeg,lame,1105,Lavc57.33,576,0,44100
2176690/audio.ogg,ogg,,,,,,
2177058/himitsu.ogg,ogg,,,,,,
2177219/Quale.mp3,mpeg,lame,1105,LAME3.100,576,1562,44100
217722/2-18 Fable.mp3,mpeg,none,0,,0,0,44100
2177223/audio.mp3,mpeg,lame,1105,LAME3.100,576,768,44100
2177238/audio.mp3,mpeg,lame,1105,LAME3.100,576,1449,44100
2177582/audio.mp3,mpeg,lame,1105,LAME3.100,576,784,44100
2177636/audio.mp3,mpeg,xing,0,Lavf,0,0,48000
2177641/audio.ogg,ogg,,,,,,
2177689/audio.mp3,mpeg,lame,1105,Lavc58.13,576,1629,44100
2177949/audio.ogg,ogg,,,,,,
2178068/audio.mp3,mpeg,lame,1105,LAME3.100,576,791,44100
2178089/audio.ogg,ogg,,,,,,
2178361/audio.mp3,mpeg,lame,1105,LAME3.99r,576,576,44100
2178391/audio.ogg,ogg,,,,,,
2178469/audio.ogg,ogg,,,,,,
2178615/audio.mp3,mpeg,lame,1105,LAME3.100,576,1368,48000
2179395/audio.mp3,mpeg,lame,1105,LAME3.100,576,576,44100
217951/xi - Quietus Ray.mp3,mpeg,lame,1105,LAME3.98r,576,1458,44100
217956/Oboro.mp3,mpeg,none,0,,0,0,44100
2180051/audio.mp3,mpeg,lame,1105,Lavc58.54,576,1464,44100
2180088/audio.mp3,mpeg,lame,1105,Lavf56.4.,576,0,44100
2180235/audio.ogg,ogg,,,,,,
2180255/audio.ogg,ogg,,,,,,
2180882/audio.mp3,mpeg,lame,1105,LAME3.100,576,576,48000
2181168/audio.mp3,mpeg,lame,1105,LAME3.100,576,1368,48000
2181186/audio.mp3,mpeg,lame,1105,Lavc57.33,576,0,48000
2181733/audio.ogg,ogg,,,,,,
2181828/audio.ogg,ogg,,,,,,
2181933/audio.ogg,ogg,,,,,,
2182176/audio.mp3,mpeg,lame,1105,LAME3.100,576,1139,48000
2182214/audio.ogg,ogg,,,,,,
2182334/audio.ogg,ogg,,,,,,
2182464/audio.mp3,mpeg,none,0,,0,0,44100
2183002/audio.mp3,mpeg,lame,1105,LAME3.100,576,576,44100
2183006/audio.mp3,mpeg,lame,1105,LAME3.100,576,1016,48000
2183073/audio.ogg,ogg,,,,,,
2183107/TWS - Oh Mymy  7s.mp3,mpeg,lame,1105,Lavc58.54,576,1248,44100
2183286/audio.mp3,mpeg,lame,1105,LAME3.100,576,576,44100
2183289/audio.ogg,ogg,,,,,,
2183684/audio.ogg,ogg,,,,,,
2183742/audio.ogg,ogg,,,,,,
2184200/drizzy_fade.ogg,ogg,,,,,,
2184241/audio.mp3,mpeg,none,0,,0,0,44100
2184250/audio.mp3,mpeg,lame,1105,LAME3.99r,576,956,44100
2184265/audio.mp3,mpeg,lame,1105,LAME3.100,576,1105,44100
2184269/audio.ogg,ogg,,,,,,
2184597/audio.mp3,mpeg,lame,1105,LAME3.100,576,1080,44100
218482/MikitoP feat.Matsushita - Kunoichi demo Koi ga shitai.mp3,mpeg,none,0,,0,0,44100
2184884/audio.ogg,ogg,,,,,,
2185197/audio.ogg,ogg,,,,,,
2185362/audio.ogg,ogg,,,,,,
2185399/audio.mp3,mpeg,none,0,,0,0,48000
2185785/audio.ogg,ogg,,,,,,
2185836/audio.mp3,mpeg,lame,1105,Lavc61.5.,576,576,48000
2186066/audio.mp3,mpeg,lame,1105,LAME3.100,576,720,44100
2186562/audio.mp3,mpeg,lame,1105,LAME3.100,576,1725,48000
2186584/audio.mp3,mpeg,lame,1105,Lavc57.33,576,0,44100
2186926/beatmap-638521678364375087-audio.mp3,mpeg,lame,1105,LAME3.100,576,1629,44100
2187276/audio.mp3,mpeg,lame,1105,LAME3.99r,576,576,44100
2187480/audio.mp3,mpeg,lame,1105,LAME3.100,576,1102,44100
2188045/audio.ogg,ogg,,,,,,
2188328/audio.mp3,mpeg,none,0,,0,0,44100
2188394/audio.mp3,mpeg,lame,1105,LAME3.100,576,816,44100
2189113/audio.mp3,mpeg,lame,1105,Lavc60.6.,576,1632,44100
2189267/audio.ogg,ogg,,,,,,
2190084/audio.mp3,mpeg,lame,1105,LAME3.100,576,960,48000
2190293/audio.mp3,mpeg,lame,1105,LAME3.99r,576,576,48000
2190646/audio.mp3,mpeg,lame,1105,LAME3.100,576,576,44100
2190885/audio.ogg,ogg,,,,,,
219104/sign.mp3,mpeg,lame,1105,LAME3.98r,576,576,44100
2191414/yapping ui.ogg,ogg,,,,,,
2191437/audio.ogg,ogg,,,,,,
2192438/audio.mp3,mpeg,lame,1105,Lavc57.33,576,0,44100
2192542/audio.mp3,mpeg,lame,1105,Lavc59.12,576,1232,44100
2192590/audio.mp3,mpeg,lame,1105,LAME3.100,576,576,44100
2192796/audio.mp3,mpeg,lame,1105,LAME3.99r,576,957,44100
2193107/audio.ogg,ogg,,,,,,
2193529/audio.mp3,mpeg,lame,1105,Lavc57.33,576,0,44100
2194018/audio.mp3,mpeg,none,0,,0,0,44100
2194037/audio.ogg,ogg,,,,,,
2194050/audio.mp3,mpeg,lame,1105,LAME3.100,576,832,48000
2194306/audio.mp3,mpeg,lame,1105,Lavc59.18,576,623,48000
2194386/audio.mp3,mpeg,lame,1105,Lavc57.33,576,0,44100
2194620/audio.ogg,ogg,,,,,,
2195081/audio.mp3,mpeg,lame,1105,LAME3.100,576,950,44100
2195327/audio.mp3,mpeg,lame,1105,Lavc57.33,576,0,48000
2195440/audio.mp3,mpeg,lame,1105,LAME3.100,576,798,48000
2195531/audio.mp3,mpeg,lame,1105,Lavc60.3.,576,952,48000
2196828/audio.mp3,mpeg,lame,1105,LAME3.100,576,996,44100
2196834/audio.mp3,mpeg,lame,1105,Lavf55.19,576,0,44100
2196883/audio.mp3,mpeg,lame,1105,LAME3.100,576,1428,44100
2196929/audio.mp3,mpeg,lame,1105,Lavc57.33,576,0,44100
2197076/audio.mp3,mpeg,lame,1105,Lavc57.33,576,0,44100
2197162/audio.mp3,mpeg,lame,1105,LAME3.100,576,1105,44100
2197177/audio.ogg,ogg,,,,,,
2197205/audio.ogg,ogg,,,,,,
2197260/audio.ogg,ogg,,,,,,
2197536/audio.mp3,mpeg,lame,1105,LAME3.99r,576,1152,44100
2197600/audio.mp3,mpeg,lame,1105,LAME3.100,576,1416,44100
2197940/audio.mp3,mpeg,none,0,,0,0,44100
2197956/audio.ogg,ogg,,,,,,
2198166/Kou - Quantielectromolecularifeline_Tunnelling.mp3,mpeg,lame,1105,LAME3.100,576,648,48000
2198312/audio.ogg,ogg,,,,,,
2198420/audio.mp3,mpeg,lame,1105,Lavc58.13,576,913,44100
2198509/audio.mp3,mpeg,lame,1105,LAME3.100,576,576,48000
2198573/audio.mp3,mpeg,lame,1105,Lavc57.33,576,0,44100
2198662/audio.mp3,mpeg,lame,1105,LAME3.100,576,896,44100
2198998/audio.mp3,mpeg,none,0,,0,0,44100
2199031/audio.ogg,ogg,,,,,,
2199033/audio.ogg,ogg,,,,,,
2199104/audio.mp3,mpeg,lame,1105,LAME3.100,576,936,44100
2199111/audio.ogg,ogg,,,,,,
2199114/audio.mp3,mpeg,lame,1105,Lavc60.3.,576,1344,48000
2199117/audio.mp3,mpeg,lame,1105,Lavc57.33,576,0,44100
2199316/audio.mp3,mpeg,lame,1105,LAME3.99r,576,1139,44100
2199446/audio.mp3,mpeg,lame,1105,LAME3.100,576,1392,48000
2199634/audio.ogg,ogg,,,,,,
2199638/audio.mp3,mpeg,lame,1105,LAME3.100,576,686,48000
2199757/audio.ogg,ogg,,,,,,
2199863/audio.ogg,ogg,,,,,,
2200258/audio.ogg,ogg,,,,,,
2200733/audio.mp3,mpeg,lame,1105,LAME3.100,576,888,44100
2200740/audio.mp3,mpeg,lame,1105,Lavc59.37,576,576,44100
2200770/audio.ogg,ogg,,,,,,
2200806/audio.mp3,mpeg,lame,1105,Lavc60.6.,576,1596,44100
2200847/audio.mp3,mpeg,lame,1105,Lavc57.33,576,0,48000
2201473/audio.mp3,mpeg,lame,1105,LAME3.100,576,576,44100
2201820/audio.ogg,ogg,,,,,,
2201840/audio.ogg,ogg,,,,,,
2202018/audio.mp3,mpeg,lame,1105,Lavc57.10,576,1292,48000
2202208/audio.mp3,mpeg,none,0,,0,0,44100
2202209/audio.mp3,mpeg,none,0,,0,0,44100
2202551/audio.ogg,ogg,,,,,,
2202560/audio.ogg,ogg,,,,,,
2202688/audio.mp3,mpeg,lame,1105,Lavc57.33,576,0,48000
2203071/audio.mp3,mpeg,lame,1105,LAME3.100,576,576,44100
2203087/audio.ogg,ogg,,,,,,
2203155/audio.ogg,ogg,,,,,,
2203456/audio.mp3,mpeg,lame,1105,Lavc57.33,576,0,48000
2203534/audio.ogg,ogg,,,,,,
2204139/audio.ogg,ogg,,,,,,
2204705/Laur - Koto no Ha.ogg,ogg,,,,,,
2205553/audio.mp3,mpeg,lame,1105,LAME3.100,576,839,44100
2205779/audio.mp3,mpeg,lame,1105,LAME3.100,576,1404,44100
2205899/scattered.mp3,mpeg,lame,1105,LAME3.100,576,576,48000
2206149/audio.mp3,mpeg,lame,1105,Lavc57.33,576,0,48000
2206478/audio.mp3,mpeg,lame,1105,Lavc60.41,576,576,48000
2206480/audio.ogg,ogg,,,,,,
2206539/beatmap-638553751638317478-BABYMONSTER - FOREVER.mp3,mpeg,lame,1105,Lavc58.13,576,884,44100
2206786/audio.ogg,ogg,,,,,,
2206788/audio.mp3,mpeg,lame,1105,LAME3.100,576,582,44100
2206847/audio.ogg,ogg,,,,,,
2207100/audio.mp3,mpeg,lame,1105,LAME3.100,576,1722,44100
2207220/audio.ogg,ogg,,,,,,
2207305/audio.ogg,ogg,,,,,,
220733/INTO YOUR HEART (Ruffage remix).mp3,mpeg,xing,0,,0,0,44100
2207932/audio.mp3,mpeg,lame,1105,Lavc60.3.,576,588,44100
2207952/audio.mp3,mpeg,lame,1105,Lavc57.10,576,1600,48000
2208105/shikairo days.ogg,ogg,,,,,,
2208331/audio.ogg,ogg,,,,,,
2208337/audio.ogg,ogg,,,,,,
2208349/audio.ogg,ogg,,,,,,
2208435/audio.ogg,ogg,,,,,,
2208658/audio.mp3,mpeg,lame,1105,Lavc57.33,576,0,48000
2208975/audio.ogg,ogg,,,,,,
2209085/audio.mp3,mpeg,lame,1105,Lavc59.26,576,1661,44100
2209444/audio.ogg,ogg,,,,,,
2210015/audio.mp3,mpeg,lame,1105,LAME3.99r,576,1514,44100
2210030/audio.ogg,ogg,,,,,,
2210039/audio.mp3,mpeg,lame,1105,LAME3.99r,576,735,44100
2210057/audio.mp3,mpeg,lame,1105,Lavc57.33,576,0,44100
2210365/audio.ogg,ogg,,,,,,
2211019/audio.mp3,mpeg,lame,1105,LAME3.100,576,1123,44100
2211127/audio.ogg,ogg,,,,,,
2211147/audio.ogg,ogg,,,,,,
2211311/audio.mp3,mpeg,lame,1105,LAME3.100,576,910,44100
2211365/audio.ogg,ogg,,,,,,
2211531/audio.mp3,mpeg,lame,1105,Lavc57.33,576,0,44100
2211610/audio.mp3,mpeg,lame,1105,LAME3.100,576,927,44100
2211735/audio.mp3,mpeg,lame,1105,LAME3.100,576,1315,48000
2211742/audio.ogg,ogg,,,,,,
2211868/audio.ogg,ogg,,,,,,
2212044/audio.ogg,ogg,,,,,,
2212131/chuowo.ogg,ogg,,,,,,
2212169/audio.mp3,mpeg,lame,1105,LAME3.100,576,576,44100
2212214/audio.mp3,mpeg,lame,1105,LAME3.100,576,635,44100
2212354/audio.ogg,ogg,,,,,,
2212704/audio.mp3,mpeg,none,0,,0,0,44100
2213181/audio.ogg,ogg,,,,,,
2214176/audio.mp3,mpeg,none,0,,0,0,44100
2214270/audio.ogg,ogg,,,,,,
2214345/audio.mp3,mpeg,lame,1105,LAME3.100,576,1024,44100
2214814/audio.mp3,mpeg,lame,1105,Lavc56.56,576,0,44100
2214906/audio.ogg,ogg,,,,,,
2215021/audio.mp3,mpeg,lame,1105,LAME3.100,576,576,44100
2215608/audio.mp3,mpeg,lame,1105,Lavc57.33,576,0,48000
2215734/audio.mp3,mpeg,lame,1105,Lavc57.33,576,0,44100
2215969/audio.mp3,mpeg,lame,1105,Lavc61.19,576,1458,44100
2216111/audio.mp3,mpeg,lame,1105,Lavc59.18,576,941,44100
2216356/audio.ogg,ogg,,,,,,
2216672/smile.ogg,ogg,,,,,,
2217144/audio.mp3,mpeg,lame,1105,LAME3.100,576,576,48000
2217776/audio.mp3,mpeg,lame,1105,LAME3.100,576,576,44100
2217940/audio.mp3,mpeg,lame,1105,Lavc57.33,576,0,44100
2218336/audio.mp3,mpeg,lame,1105,Lavc59.18,576,941,44100
2218360/audio.ogg,ogg,,,,,,
2218442/audio.mp3,mpeg,lame,1105,LAME3.99r,576,1592,44100
2218443/audio.mp3,mpeg,none,0,,0,0,44100
2218815/audio.mp3,mpeg,lame,1105,LAME3.100,576,1080,44100
2219032/audio.ogg,ogg,,,,,,
2219140/audio.mp3,mpeg,none,0,,0,0,44100
2219230/audio.mp3,mpeg,lame,1105,LAME3.100,576,591,44100
2219350/audio.mp3,mpeg,lame,1105,LAME3.100,576,1047,48000
2219430/audio.ogg,ogg,,,,,,
2219679/audio.mp3,mpeg,lame,1105,LAME3.100,576,576,48000
2219697/output.ogg,ogg,,,,,,
2220140/audio.mp3,mpeg,lame,1105,LAME3.99r,576,1668,44100
2220369/audio.mp3,mpeg,lame,1105,LAME3.100,576,1123,44100
2220426/audio.mp3,mpeg,lame,1105,LAME3.100,576,1681,48000
2220445/audio.ogg,ogg,,,,,,
2220738/audio.mp3,mpeg,lame,1105,LAME3.100,576,1338,44100
2220977/audio.ogg,ogg,,,,,,
2221093/audio.mp3,mpeg,lame,1105,Lavf,576,1600,48000
2221283/audio.mp3,mpeg,lame,1105,LAME3.100,576,688,44100
2221620/audio.mp3,mpeg,lame,1105,LAME3.99r,576,612,44100
2221720/audio.mp3,mpeg,lame,1105,LAME3.99r,576,1092,44100
2221730/audio.ogg,ogg,,,,,,
2221787/audio.ogg,ogg,,,,,,
2221840/audio.mp3,mpeg,lame,1105,Lavc57.33,576,0,44100
2222223/audio.mp3,mpeg,lame,1105,LAME3.99r,576,1031,44100
2222380/audio.ogg,ogg,,,,,,
2222536/audio.mp3,mpeg,lame,1105,LAME3.100,576,869,44100
2222680/audio.ogg,ogg,,,,,,
2222809/audio.ogg,ogg,,,,,,
2223535/audio.mp3,mpeg,none,0,,0,0,48000
2223599/audio.mp3,mpeg,lame,1105,LAME3.100,576,872,44100
2223694/audio.ogg,ogg,,,,,,
2223905/audio.mp3,mpeg,lame,1105,LAME3.100,576,576,44100
2224035/audio.ogg,ogg,,,,,,
2224218/audio.mp3,mpeg,lame,1105,Lavc58.13,576,1185,48000
2224325/audio.mp3,mpeg,lame,1105,Lavc59.18,576,576,48000
2224358/audio.mp3,mpeg,lame,1105,Lavc61.10,576,1681,44100
2224538/audio.mp3,mpeg,lame,1105,Lavc61.19,576,576,44100
2224883/audio.mp3,mpeg,lame,1105,Lavc58.13,576,576,48000
2225091/audio.mp3,mpeg,lame,1105,Lavc59.37,576,1527,44100
2225367/audio.mp3,mpeg,lame,1105,Lavc57.33,576,0,44100
2225397/audio.mp3,mpeg,lame,1105,Lavc57.33,576,0,44100
2225599/audio.mp3,mpeg,lame,1105,Lavc59.18,576,1387,44100
2225613/audio.ogg,ogg,,,,,,
2225653/audio.mp3,mpeg,lame,1105,Lavc57.33,576,0,44100
2225660/audio.ogg,ogg,,,,,,
2226584/audio.mp3,mpeg,none,0,,0,0,44100
2226603/audio.mp3,mpeg,lame,1105,LAME3.100,576,968,48000
2227714/audio.mp3,mpeg,lame,1105,LAME3.100,576,1056,44100
2228034/audio.mp3,mpeg,lame,1105,LAME3.100,576,1083,44100
2228330/audio.ogg,ogg,,,,,,
2228992/audio.mp3,mpeg,lame,1105,Lavc58.35,576,1681,44100
2229913/audio.mp3,mpeg,lame,1105,Lavc59.37,576,959,48000
2229950/audio.mp3,mpeg,lame,1105,LAME3.100,576,576,48000
2229971/audio.mp3,mpeg,lame,1105,LAME3.99r,576,1440,44100
2230124/audio.ogg,ogg,,,,,,
2230145/HIMEHINA - Hitogata (6Tan Bootleg).mp3,mpeg,lame,1105,Lavc60.22,576,1404,44100
2230743/audio.mp3,mpeg,lame,1105,Lavc57.33,576,0,44100
2231037/audio.mp3,mpeg,lame,1105,LAME3.99r,576,576,44100
2231151/Illegal Trap.mp3,mpeg,lame,1105,LAME3.100,576,1524,44100
2231331/audio.mp3,mpeg,lame,1105,LAME3.100,576,1303,44100
2232150/audio.ogg,ogg,,,,,,
2232153/audio.ogg,ogg,,,,,,
2232770/audio.mp3,mpeg,lame,1105,LAME3.100,576,828,44100
2232941/audio.ogg,ogg,,,,,,
2233010/audio.mp3,mpeg,lame,1105,Lavc58.76,576,1202,44100
2233240/audio.mp3,mpeg,lame,1105,LAME3.100,576,721,44100
2233584/audio.mp3,mpeg,lame,1105,LAME3.100,576,1079,44100
2234425/audio.ogg,ogg,,,,,,
2234518/audio.mp3,mpeg,lame,1105,LAME3.100,576,1488,44100
2234576/audio.mp3,mpeg,lame,1105,Lavc57.33,576,0,44100
2234584/audio.ogg,ogg,,,,,,
2234592/audio.mp3,mpeg,none,0,,0,0,44100
2234596/audio.mp3,mpeg,lame,1105,LAME3.100,576,1404,44100
2234881/audio.ogg,ogg,,,,,,
2234897/audio.mp3,mpeg,lame,1105,LAME3.100,576,576,44100
2235140/cassiopeia.ogg,ogg,,,,,,
2235143/audio.ogg,ogg,,,,,,
2235144/audio.ogg,ogg,,,,,,
2235435/audio.ogg,ogg,,,,,,
2235466/audio.ogg,ogg,,,,,,
2235627/audio.mp3,mpeg,lame,1105,Lavc56.26,576,0,44100
2236202/audio.ogg,ogg,,,,,,
2236810/audio.ogg,ogg,,,,,,
2236887/audio.ogg,ogg,,,,,,
2237062/audio.mp3,mpeg,lame,1105,Lavf56.4.,576,0,44100
2237237/audio.mp3,mpeg,lame,1105,Lavc58.54,576,1305,44100
2237256/audio.mp3,mpeg,lame,1105,LAME3.100,576,576,44100
2238570/16-Bruno Coulais-Les avions en papier.ogg,ogg,,,,,,
2238682/audio.mp3,mpeg,lame,1105,LAME3.100,576,576,44100
2240334/audio.ogg,ogg,,,,,,
224058/LiSA - Rising Hope.mp3,mpeg,lame,1105,LAME3.99r,576,576,44100
2240864/audio.ogg,ogg,,,,,,
2240934/audio.mp3,mpeg,lame,1105,Lavc62.11,576,704,44100
2241559/audio.ogg,ogg,,,,,,
2241760/audio.ogg,ogg,,,,,,
2242640/Tree of Misery.ogg,ogg,,,,,,
2242700/audio.ogg,ogg,,,,,,
224299/Martin Garrix - Animals.mp3,mpeg,lame,1105,LAME3.99r,576,1299,44100
2243512/audio.mp3,mpeg,lame,1105,Lavc57.33,576,0,44100
2243822/audio.mp3,mpeg,lame,1105,LAME3.100,576,960,48000
2244060/audio.mp3,mpeg,lame,1105,LAME3.100,576,1296,48000
2244128/audio.mp3,mpeg,lame,1105,LAME3.99r,576,576,44100
2244768/audio.ogg,ogg,,,,,,
224498/ideal white.mp3,mpeg,none,0,,0,0,44100
2244982/audio.ogg,ogg,,,,,,
2245252/audio.ogg,ogg,,,,,,
2246218/audio.mp3,mpeg,lame,1105,LAME3.100,576,576,44100
2246343/audio.mp3,mpeg,lame,1105,LAME3.100,576,735,44100
2246375/audio.mp3,mpeg,lame,1105,LAME3.100,576,680,44100
2246382/audio.mp3,mpeg,lame,1105,Lavc59.18,576,941,44100
2247080/audio.ogg,ogg,,,,,,
2247182/audio.ogg,ogg,,,,,,
2247399/audio.mp3,mpeg,lame,1105,LAME3.100,576,672,48000
2247538/audio.ogg,ogg,,,,,,
2247839/audio.mp3,mpeg,lame,1105,LAME3.100,576,756,44100
2248167/audio.mp3,mpeg,lame,1105,LAME3.99r,576,576,44100
2248194/audio.mp3,mpeg,lame,1105,LAME3.101,576,1682,44100
2249088/audio.ogg,ogg,,,,,,
2249106/audio.ogg,ogg,,,,,,
2249252/audio.mp3,mpeg,none,0,,0,0,44100
2249309/audio.mp3,mpeg,lame,1105,LAME3.99r,576,576,44100
2249518/audio.ogg,ogg,,,,,,
2249616/audio.mp3,mpeg,none,0,,0,0,44100
2249768/audio.ogg,ogg,,,,,,
2249869/audio.mp3,mpeg,lame,1105,Lavc58.54,576,576,44100
2249870/audio.ogg,ogg,,,,,,
2250076/audio.mp3,mpeg,lame,1105,LAME3.100,576,1090,44100
2250586/audio.mp3,mpeg,lame,1105,Lavc57.33,576,0,44100
2250620/audio.ogg,ogg,,,,,,
2250850/audio.mp3,mpeg,lame,1105,LAME3.100,576,675,44100
2251497/audio.mp3,mpeg,none,0,,0,0,48000
2251546/audio.ogg,ogg,,,,,,
2251564/audio.ogg,ogg,,,,,,
2251577/audio.ogg,ogg,,,,,,
2251635/audio.mp3,mpeg,lame,1105,Lavc57.33,576,0,44100
2252195/audio.mp3,mpeg,lame,1105,LAME3.100,576,1120,44100
2252594/audio.ogg,ogg,,,,,,
2252748/audio.mp3,mpeg,lame,1105,LAME3.100,576,1105,44100
2253116/audio.mp3,mpeg,lame,1105,Lavc60.3.,576,576,44100
2253414/audio.mp3,mpeg,lame,1105,LAME3.100,576,984,44100
2253779/audio.mp3,mpeg,lame,1105,Lavc58.54,576,832,48000
2253780/audio.mp3,mpeg,lame,1105,LAME3.100,576,576,48000
2253922/audio.ogg,ogg,,,,,,
2253988/audio.mp3,mpeg,lame,1105,LAME3.100,576,954,44100
2254087/audio.mp3,mpeg,lame,1105,LAME3.100,576,940,44100
2254202/audio.mp3,mpeg,lame,1105,Lavc57.33,576,0,44100
2254325/audio.mp3,mpeg,lame,1105,LAME3.100,576,684,44100
2254458/audio.mp3,mpeg,lame,1105,LAME3.100,576,642,48000
2254567/audio.ogg,ogg,,,,,,
2254598/audio.mp3,mpeg,lame,1105,LAME3.100,576,576,44100
2254787/audio.mp3,mpeg,lame,1105,LAME3.100,576,576,48000
2254939/audio.ogg,ogg,,,,,,
2255300/audio.ogg,ogg,,,,,,
2255371/audio.ogg,ogg,,,,,,
2255571/audio.mp3,mpeg,none,0,,0,0,44100
2255671/audio.mp3,mpeg,lame,1105,Lavc57.33,576,0,44100
2255729/audio.mp3,mpeg,none,0,,0,0,44100
2255758/audio.mp3,mpeg,lame,1105,LAME3.99r,576,576,44100
2255831/audio.mp3,mpeg,lame,1105,LAME3.100,576,1421,48000
2255834/audio.ogg,ogg,,,,,,
2255835/audio.mp3,mpeg,lame,1105,Lavc60.3.,576,972,44100
2255910/audio.mp3,mpeg,lame,1105,LAME3.100,576,1681,44100
2255966/Kalte.mp3,mpeg,none,0,,0,0,44100
2258064/audio.mp3,mpeg,none,0,,0,0,44100
2258164/audio.mp3,mpeg,none,0,,0,0,44100
2258384/audio.ogg,ogg,,,,,,
2258498/audio.ogg,ogg,,,,,,
2258793/audio.mp3,mpeg,lame,1105,Lavc57.33,576,0,44100
2258999/audio.mp3,mpeg,none,0,,0,0,44100
2259021/audio.mp3,mpeg,lame,1105,Lavc57.33,576,0,44100
2259178/audio.mp3,mpeg,lame,1105,LAME3.100,576,958,48000
2259234/audio.ogg,ogg,,,,,,
2259286/Official HIGE DANdism - Same Blue.ogg,ogg,,,,,,
2259433/audio.mp3,mpeg,none,0,,0,0,44100
2259450/audio.ogg,ogg,,,,,,
2259588/audio.mp3,mpeg,none,0,,0,0,44100
2259728/audio.mp3,mpeg,lame,1105,Lavc60.3.,576,1518,44100
2259859/audio.mp3,mpeg,lame,1105,LAME3.99r,576,1440,44100
2259890/audio.mp3,mpeg,lame,1105,Lavc60.3.,576,1508,44100
2260328/neonglow.ogg,ogg,,,,,,
2260598/audio.mp3,mpeg,lame,1105,LAME3.100,576,1212,44100
2261148/audio.mp3,mpeg,lame,1105,Lavc57.33,576,0,44100
2261727/audio.mp3,mpeg,lame,1105,LAME3.100,576,1080,44100
2262089/audio.mp3,mpeg,lame,1105,LAME3.100,576,824,44100
2262139/audio.ogg,ogg,,,,,,
2262507/audio.mp3,mpeg,none,0,,0,0,44100
2263141/audio.ogg,ogg,,,,,,
2263362/audio.mp3,mpeg,none,0,,0,0,44100
2263581/audio.ogg,ogg,,,,,,
2264588/audio.mp3,mpeg,lame,1105,Lavc57.33,576,0,44100
2264736/audio.mp3,mpeg,lame,1105,LAME3.100,576,1468,44100
2264739/audio.ogg,ogg,,,,,,
2265035/audio.mp3,mpeg,lame,1105,LAME3.99r,576,576,44100
2265270/audio.mp3,mpeg,lame,1105,LAME3.100,576,576,48000
2266064/audio.mp3,mpeg,none,0,,0,0,48000
2266540/POP IN2.ogg,ogg,,,,,,
2266555/audio.mp3,mpeg,lame,1105,LAME3.100,576,768,44100
2266557/audio.mp3,mpeg,lame,1105,Lavf,576,576,44100
2266660/audio.mp3,mpeg,lame,1105,Lavc57.33,576,0,44100
2266951/audio.mp3,mpeg,lame,1105,LAME3.100,576,1171,44100
2267033/audio.mp3,mpeg,lame,1105,Lavc57.33,576,0,44100
2267481/audio.mp3,mpeg,lame,1105,LAME3.100,576,1113,44100
2267606/audio.ogg,ogg,,,,,,
2267930/audio.ogg,ogg,,,,,,
2268066/audio.ogg,ogg,,,,,,
2268395/audio.mp3,mpeg,lame,1105,LAME3.100,576,1502,44100
2268603/audio.mp3,mpeg,lame,1105,LAME3.100,576,872,44100
2268829/audio.mp3,mpeg,lame,1105,LAME3.99r,576,1134,44100
2268842/audio.mp3,mpeg,none,0,,0,0,44100
2269020/01. Burning Desires.ogg,ogg,,,,,,
2269057/audio.ogg,ogg,,,,,,
2269689/audio 1.100x (pitch raised).mp3,mpeg,lame,1105,LAME3.100,576,1519,44100
2270035/audio.mp3,mpeg,lame,1105,Lavc58.13,576,982,44100
2270163/audio.ogg,ogg,,,,,,
2270268/audio.ogg,ogg,,,,,,
2270381/audio.mp3,mpeg,lame,1105,LAME3.100,576,1638,44100
2270658/audio.ogg,ogg,,,,,,
2270676/audio.mp3,mpeg,none,0,,0,0,44100
2270815/audio.mp3,mpeg,none,0,,0,0,44100
2271002/audio.mp3,mpeg,lame,1105,LAME3.99r,576,576,44100
2271210/audio.ogg,ogg,,,,,,
2271381/audio.mp3,mpeg,lame,1105,Lavc58.35,576,720,44100
2271479/audio.ogg,ogg,,,,,,
2271487/audio.mp3,mpeg,lame,1105,Lavc59.46,576,842,44100
2271502/audio.mp3,mpeg,lame,1105,LAME3.100,576,1404,44100
2271687/audio.mp3,mpeg,none,0,,0,0,44100
2272567/audio.ogg,ogg,,,,,,
2273153/audio.mp3,mpeg,none,0,,0,0,44100
2273322/audio.ogg,ogg,,,,,,
2273363/audio.mp3,mpeg,lame,1105,Lavc60.31,576,906,48000
2273554/audio.ogg,ogg,,,,,,
2273615/audio.ogg,ogg,,,,,,
2273744/audio.mp3,mpeg,lame,1105,Lavc58.54,576,1517,48000
2273820/audio.mp3,mpeg,lame,1105,LAME3.100,576,1222,44100
2273948/audio.ogg,ogg,,,,,,
2274043/audio.ogg,ogg,,,,,,
2275105/audio.mp3,mpeg,lame,1105,Lavc57.33,576,0,48000
2275128/audio.mp3,mpeg,lame,1105,Lavc61.3.,576,832,48000
2275174/audio.ogg,ogg,,,,,,
2275248/Colorful Canvas.ogg,ogg,,,,,,
2275557/audio.mp3,mpeg,lame,1105,LAME3.100,576,768,48000
2275559/audio.mp3,mpeg,lame,1105,LAME3.99r,576,576,44100
2275590/audio.mp3,mpeg,lame,1105,LAME3.100,576,692,44100
2275724/audio.mp3,mpeg,lame,1105,LAME3.100,576,1578,44100
2275730/audio.ogg,ogg,,,,,,
2276044/audio.ogg,ogg,,,,,,
2276154/audio.mp3,mpeg,lame,1105,LAME3.95,576,2268,44100
2276471/audio.mp3,mpeg,lame,1105,LAME3.100,576,576,44100
2276850/audio.mp3,mpeg,lame,1105,LAME3.100,576,845,44100
2277257/audio.mp3,mpeg,lame,1105,Lavf,576,0,44100
2277301/audio.ogg,ogg,,,,,,
2277416/audio.ogg,ogg,,,,,,
2277451/audio.ogg,ogg,,,,,,
2277552/audio.mp3,mpeg,lame,1105,Lavc57.33,576,0,44100
2277697/audio.mp3,mpeg,lame,1105,LAME3.100,576,1440,44100
2277738/audio.mp3,mpeg,lame,1105,Lavc56.38,576,0,44100
2277758/audio.ogg,ogg,,,,,,
2277761/audio.mp3,mpeg,none,0,,0,0,48000
2277779/audio.mp3,mpeg,lame,1105,Lavc57.33,576,0,44100
2277848/audio.mp3,mpeg,lame,1105,Lavc58.54,576,1105,44100
2278208/audio.ogg,ogg,,,,,,
2278354/audio.mp3,mpeg,lame,1105,LAME3.100,576,576,44100
2278487/audio.mp3,mpeg,lame,1105,LAME3.100,576,576,44100
2278515/audio.ogg,ogg,,,,,,
2278655/sewer sate.mp3,mpeg,lame,1105,LAME3.100,576,698,44100
2278843/audio.mp3,mpeg,lame,1105,LAME3.100,576,704,48000
2278902/audio.mp3,mpeg,lame,1105,LAME3.100,576,1464,48000
2278976/audio.mp3,mpeg,lame,1105,Lavc60.22,576,935,44100
2279591/audio.mp3,mpeg,lame,1105,LAME3.100,576,1080,48000
2279815/audio.mp3,mpeg,lame,1105,Lavc58.35,576,1116,44100
228000/02  -DIVA version-.mp3,mpeg,none,0,,0,0,44100
2280150/audio.ogg,ogg,,,,,,
2280366/audio.mp3,mpeg,lame,1105,Lavc57.33,576,0,44100
2281835/audio.mp3,mpeg,lame,1105,Lavc59.18,576,1303,48000
2281895/audio.mp3,mpeg,none,0,,0,0,44100
2282279/audio.mp3,mpeg,lame,1105,LAME3.100,576,624,44100
2282702/audio.ogg,ogg,,,,,,
2282976/audio.mp3,mpeg,none,0,,0,0,44100
2283051/audio.mp3,mpeg,lame,1105,LAME3.98r,576,806,44100
2283120/audio.mp3,mpeg,lame,1105,Lavc61.21,576,1344,48000
2283337/audio.ogg,ogg,,,,,,
2283365/audio.ogg,ogg,,,,,,
2283410/audio.mp3,mpeg,lame,1105,LAME3.99r,576,1692,44100
2283423/audio.mp3,mpeg,none,0,,0,0,48000
2283585/audio.mp3,mpeg,lame,1105,LAME3.100,576,1239,44100
2283870/audio.ogg,ogg,,,,,,
2284083/audio.mp3,mpeg,lame,1105,Lavc59.26,576,576,48000
2284735/audio.ogg,ogg,,,,,,
2284801/audio.mp3,mpeg,lame,1105,LAME3.100,576,576,44100
2285361/audio.ogg,ogg,,,,,,
2285483/audio.ogg,ogg,,,,,,
2285560/audio.mp3,mpeg,lame,1105,Lavc57.33,576,0,44100
2285764/audio.ogg,ogg,,,,,,
2285995/audio.mp3,mpeg,lame,1105,LAME3.100,576,1628,44100
2286192/audio.ogg,ogg,,,,,,
2286535/audio.ogg,ogg,,,,,,
2286773/audio.mp3,mpeg,lame,1105,LAME3.100,576,960,44100
2287128/audio.mp3,mpeg,lame,1105,LAME3.99r,576,597,44100
2287627/audio.ogg,ogg,,,,,,
2287693/audio.mp3,mpeg,lame,1105,Lavc57.33,576,0,44100
2287873/audio.mp3,mpeg,lame,1105,LAME3.100,576,896,44100
2288274/audio.mp3,mpeg,lame,1105,LAME3.100,576,576,48000
2288379/audio.mp3,mpeg,lame,1105,LAME3.100,576,576,44100
2288397/audio.mp3,mpeg,none,0,,0,0,44100
2288423/audio.mp3,mpeg,lame,1105,Lavc58.54,576,576,44100
2288428/audio.mp3,mpeg,lame,1105,LAME3.100,576,1105,48000
2288436/audio.mp3,mpeg,lame,1105,LAME3.100,576,1472,44100
228853/Hypernite Industries - Speedcore 300 (speedcore).mp3,mpeg,none,0,,0,0,44100
2288685/audio.mp3,mpeg,lame,1105,Lavc57.33,576,0,44100
2288732/audio.ogg,ogg,,,,,,
2288761/audio.ogg,ogg,,,,,,
2288990/audio.mp3,mpeg,lame,1105,LAME3.99r,576,851,44100
2289293/ruin of opals.ogg,ogg,,,,,,
2289415/audio.mp3,mpeg,lame,1105,LAME3.100,576,576,44100
2289421/audio.mp3,mpeg,lame,1105,LAME3.100,576,1089,44100
2289821/audio.mp3,mpeg,lame,1105,LAME3.100,576,1126,44100
2290034/audio.mp3,mpeg,lame,1105,LAME3.100,576,576,44100
2290277/audio.mp3,mpeg,lame,1105,Lavc57.33,576,0,44100
2290384/audio.ogg,ogg,,,,,,
2290609/Mushi no Sumu Tokoro.mp3,mpeg,lame,1105,LAME3.100,576,756,44100
2290662/audio.mp3,mpeg,lame,1105,LAME3.100,576,948,44100
2290902/audio.ogg,ogg,,,,,,
2291202/audio.ogg,ogg,,,,,,
2291408/audio.ogg,ogg,,,,,,
2291491/audio.mp3,mpeg,lame,1105,Lavc57.33,576,0,44100
2291928/audio.ogg,ogg,,,,,,
2292233/audio.mp3,mpeg,lame,1105,LAME3.100,576,1280,48000
2292265/audio.mp3,mpeg,lame,1105,LAME3.100,576,1168,44100
2292680/audio.ogg,ogg,,,,,,
2292728/audio.mp3,mpeg,lame,1105,Lavc59.12,576,1176,44100
2292934/audio.ogg,ogg,,,,,,
2293067/audio.ogg,ogg,,,,,,
2293949/audio.mp3,mpeg,lame,1105,Lavc61.21,576,1522,48000
2294403/audio.ogg,ogg,,,,,,
2294719/audio.mp3,mpeg,lame,1105,LAME3.100,576,1444,48000
2294836/audio.mp3,mpeg,lame,1105,LAME3.100,576,1458,44100
2294944/audio.ogg,ogg,,,,,,
2295373/audio.ogg,ogg,,,,,,
2295514/audio.ogg,ogg,,,,,,
2295635/1732888364.ogg,ogg,,,,,,
2295966/audio.ogg,ogg,,,,,,
2296093/audio.mp3,mpeg,lame,1105,Lavf55.19,576,0,44100
2296402/audio.ogg,ogg,,,,,,
2296404/audio.ogg,ogg,,,,,,
2296661/audio.mp3,mpeg,lame,1105,Lavc61.1.,576,663,48000
2296722/audio.mp3,mpeg,none,0,,0,0,44100
2296888/audio.ogg,ogg,,,,,,
2296917/audio.ogg,ogg,,,,,,
2297007/audio.ogg,ogg,,,,,,
2297053/audio.mp3,mpeg,lame,1105,LAME3.100,576,812,48000
2297393/audio.mp3,mpeg,lame,1105,LAME3.100,576,576,48000
2297849/audio.mp3,mpeg,lame,1105,Lavc61.21,576,736,48000
2298120/audio.mp3,mpeg,lame,1105,LAME3.99r,576,1370,44100
2298125/audio.ogg,ogg,,,,,,
2298168/audio.mp3,mpeg,lame,1105,LAME3.100,576,1056,44100
2298254/audio.ogg,ogg,,,,,,
2298494/audio.ogg,ogg,,,,,,
2298502/audio.ogg,ogg,,,,,,
2298514/audio.mp3,mpeg,lame,1105,LAME3.100,576,1044,44100
2298580/audio.mp3,mpeg,lame,1105,Lavc62.11,576,1589,44100
2298930/audio.ogg,ogg,,,,,,
2299124/audio.mp3,mpeg,lame,1105,LAME3.100,576,1584,44100
2299375/audio.mp3,mpeg,lame,1105,LAME3.100,576,576,44100
2299394/audio.ogg,ogg,,,,,,
2299667/audio.mp3,mpeg,lame,1105,LAME3.99r,576,805,44100
2299672/audio.mp3,mpeg,xing,0,,0,0,48000
2299698/audio.mp3,mpeg,lame,1105,LAME3.100,576,576,44100
2299919/audio.mp3,mpeg,lame,1105,LAME3.100,576,667,44100
2300542/audio.mp3,mpeg,lame,1105,Lavc57.33,576,0,44100
2300548/audio.mp3,mpeg,lame,1105,Lavc57.33,576,0,48000
2300685/audio.mp3,mpeg,lame,1105,Lavc57.33,576,0,48000
2301291/audio.mp3,mpeg,lame,1105,Lavc58.13,576,576,44100
2301545/audio.mp3,mpeg,lame,1105,Lavc58.13,576,1472,48000
2301881/Puter.mp3,mpeg,lame,1105,LAME3.100,576,1208,44100
2302109/audio.mp3,mpeg,lame,1105,LAME3.100,576,1296,44100
2302403/audio.mp3,mpeg,lame,1105,Lavc58.54,576,1579,48000
2302416/audio.mp3,mpeg,lame,1105,LAME3.100,576,1560,44100
2303401/audio.ogg,ogg,,,,,,
2303845/audio.mp3,mpeg,lame,1105,LAME3.100,576,908,44100
2304280/audio.ogg,ogg,,,,,,
2304311/audio.mp3,mpeg,lame,1105,LAME3.99r,576,1020,44100
2304643/audio.mp3,mpeg,lame,1105,Lavc59.37,576,1681,44100
2304774/audio.mp3,mpeg,lame,1105,LAME3.100,576,1105,44100
2304810/audio.mp3,mpeg,lame,1105,LAME3.100,576,733,48000
2304854/audio.mp3,mpeg,lame,1105,Lavc57.33,576,0,44100
2305181/audio.mp3,mpeg,lame,1105,Lavc57.33,576,0,44100
2305269/audio.mp3,mpeg,lame,1105,Lavc57.39,576,0,48000
2305447/audio.ogg,ogg,,,,,,
2305457/audio.mp3,mpeg,lame,1105,Lavc61.19,576,984,44100
2305663/audio.mp3,mpeg,lame,1105,LAME3.100,576,576,44100
2305676/audio.mp3,mpeg,lame,1105,Lavc62.16,576,704,48000
2305737/audio.mp3,mpeg,lame,1105,Lavc60.22,576,935,44100
2305790/audio.mp3,mpeg,lame,1105,LAME3.100,576,1535,44100
2305939/audio.mp3,mpeg,lame,1105,LAME3.100,576,1105,48000
2306063/audio.mp3,mpeg,lame,1105,LAME3.100,576,576,48000
2306091/audio.mp3,mpeg,lame,1105,Lavc59.37,576,1680,44100
2306112/audio.mp3,mpeg,lame,1105,LAME3.100,576,1335,44100
2306183/audio.mp3,mpeg,lame,1105,LAME3.100,576,1105,48000
2306539/audio.mp3,mpeg,lame,1105,LAME3.100,576,1456,44100
2306989/Adtruck.mp3,mpeg,lame,1105,LAME3.100,576,1539,48000
2308073/audio.ogg,ogg,,,,,,
2308228/audio.ogg,ogg,,,,,,
2308571/audio.mp3,mpeg,lame,1105,Lavc57.33,576,0,44100
2308698/audio.mp3,mpeg,lame,1105,LAME3.99r,576,576,44100
2309188/audio.mp3,mpeg,lame,1105,LAME3.100,576,1440,44100
230948/summer.mp3,mpeg,xing,0,,0,0,48000
2309618/audio.mp3,mpeg,lame,1105,LAME3.100,576,576,44100
2310219/audio.ogg,ogg,,,,,,
2310487/lycoris.mp3,mpeg,lame,1105,LAME3.100,576,1078,44100
2310596/audio.mp3,mpeg,lame,1105,LAME3.100,576,576,48000
2310746/audio.mp3,mpeg,lame,1105,LAME3.100,576,972,44100
2310809/audio.ogg,ogg,,,,,,
2311045/audio.ogg,ogg,,,,,,
2311665/audio.mp3,mpeg,lame,1105,Lavc57.33,576,0,44100
2311928/audio.ogg,ogg,,,,,,
2312164/audio.mp3,mpeg,lame,1105,LAME3.100,576,576,44100
2312367/audio.mp3,mpeg,lame,1105,LAME3.100,576,1681,44100
2312406/audio.ogg,ogg,,,,,,
2312852/audio.mp3,mpeg,lame,1105,LAME3.100,576,1104,48000
2313303/audio.mp3,mpeg,lame,1105,LAME3.99r,576,576,44100
2313304/audio.mp3,mpeg,lame,1105,LAME3.99r,576,1320,44100
2313635/audio.mp3,mpeg,lame,1105,Lavc57.33,576,0,48000
2313760/audio.mp3,mpeg,lame,1105,Lavc59.37,576,1404,44100
2313824/audio.mp3,mpeg,lame,1105,Lavc57.33,576,0,44100
2314271/audio.mp3,mpeg,none,0,,0,0,44100
2314502/audio.ogg,ogg,,,,,,
2314515/audio.mp3,mpeg,lame,1105,LAME3.100,576,1656,44100
2314605/audio.ogg,ogg,,,,,,
2314654/audio.mp3,mpeg,lame,1105,LAME3.100,576,1404,44100
2314974/audio.mp3,mpeg,lame,1105,LAME3.100,576,576,48000
2315558/audio.ogg,ogg,,,,,,
2316429/audio.mp3,mpeg,lame,1105,LAME3.100,576,1039,44100
2317060/audio.mp3,mpeg,lame,1105,LAME3.98r,576,877,44100
2317222/audio.mp3,mpeg,lame,1105,Lavc62.8.,576,576,48000
2317300/audio.ogg,ogg,,,,,,
2317469/audio.mp3,mpeg,lame,1105,Lavc58.54,576,1202,44100
2318291/audio.ogg,ogg,,,,,,
2318416/audio.mp3,mpeg,none,0,,0,0,44100
2319270/audio.mp3,mpeg,lame,1105,LAME3.99r,576,891,44100
2319352/audio.mp3,mpeg,lame,1105,Lavc57.33,576,0,44100
2319545/audio.ogg,ogg,,,,,,
2319885/audio.mp3,mpeg,lame,1105,LAME3.100,576,1460,44100
2320053/audio.ogg,ogg,,,,,,
2320109/audio.mp3,mpeg,lame,1105,LAME3.100,576,1222,44100
2320382/audio.mp3,mpeg,lame,1105,Lavc58.54,576,1032,44100
2320454/audio.mp3,mpeg,lame,1105,Lavc57.33,576,0,44100
2320547/audio.mp3,mpeg,lame,1105,Lavc57.33,576,0,44100
2320672/Kegarenaki.mp3,mpeg,lame,1105,Lavc57.33,576,0,44100
2321017/audio.mp3,mpeg,lame,1105,Lavc58.91,576,1681,44100
2321051/audio.ogg,ogg,,,,,,
2321648/audio.mp3,mpeg,none,0,,0,0,44100
2321724/audio.ogg,ogg,,,,,,
2321857/audio.ogg,ogg,,,,,,
2321887/audio.mp3,mpeg,lame,1105,LAME3.100,576,576,44100
2322139/audio.mp3,mpeg,lame,1105,Lavc57.33,576,0,44100
2322143/audio.mp3,mpeg,lame,1105,LAME3.100,576,636,44100
2322155/audio.mp3,mpeg,lame,1105,LAME3.100,576,576,44100
2322183/audio.mp3,mpeg,lame,1105,Lavc58.36,576,1437,44100
2322234/observation.ogg,ogg,,,,,,
2322253/audio.ogg,ogg,,,,,,
2322259/audio.mp3,mpeg,lame,1105,Lavc57.33,576,0,44100
2322300/audio.mp3,mpeg,lame,1105,LAME3.100,576,973,44100
2322411/audio.mp3,mpeg,lame,1105,Lavc60.3.,576,1088,44100
2322717/audio.mp3,mpeg,lame,1105,LAME3.100,576,1699,44100
2322733/audio.mp3,mpeg,lame,1105,LAME3.100,576,576,48000
2323003/audio.mp3,mpeg,lame,1105,Lavc57.33,576,0,44100
2323158/audio.mp3,mpeg,lame,1105,Lavc58.19,576,1200,44100
2323330/audio.mp3,mpeg,lame,1105,LAME3.100,576,576,44100
2323413/audio.mp3,mpeg,none,0,,0,0,44100
2323780/audio.ogg,ogg,,,,,,
2323787/audio.mp3,mpeg,none,0,,0,0,44100
2324506/audio.mp3,mpeg,lame,1105,LAME3.100,576,1007,48000
2324636/audio.ogg,ogg,,,,,,
2324877/audio.mp3,mpeg,lame,1105,LAME3.100,576,615,44100
2325707/audio.mp3,mpeg,none,0,,0,0,44100
2325733/audio.ogg,ogg,,,,,,
2325734/audio.ogg,ogg,,,,,,
2325770/audio.mp3,mpeg,lame,1105,LAME3.99r,576,1404,44100
2326063/audio.mp3,mpeg,none,0,,0,0,44100
2326263/audio.mp3,mpeg,lame,1105,LAME3.100,576,576,48000
232650/[SDVX II ] Wish upon Twin Stars [NOFX].mp3,mpeg,lame,1105,Lavf55.40,576,0,44100
2326621/audio.ogg,ogg,,,,,,
2326852/audio.mp3,mpeg,lame,1105,LAME3.100,576,1105,48000
2327005/audio.ogg,ogg,,,,,,
2327008/audio.mp3,mpeg,lame,1105,LAME3.100,576,943,44100
2327500/audio.mp3,mpeg,lame,1105,LAME3.100,576,1125,44100
2327605/audio.ogg,ogg,,,,,,
2328093/audio.ogg,ogg,,,,,,
2328626/audio.mp3,mpeg,lame,1105,LAME3.100,576,1403,44100
2328743/audio.mp3,mpeg,lame,1105,Lavc59.54,576,831,44100
2329176/audio.mp3,mpeg,lame,1105,LAME3.100,576,948,44100
2329261/audio.ogg,ogg,,,,,,
2329454/audio.mp3,mpeg,lame,1105,LAME3.100,576,960,44100
2329509/audio.mp3,mpeg,none,0,,0,0,44100
2329600/audio.ogg,ogg,,,,,,
2329905/audio.mp3,mpeg,lame,1105,Lavc61.19,576,1333,44100
2330144/audio.ogg,ogg,,,,,,
2330192/audio.mp3,mpeg,lame,1105,Lavc60.6.,576,770,44100
2330527/audio.ogg,ogg,,,,,,
2330972/audio.ogg,ogg,,,,,,
2331539/audio.mp3,mpeg,lame,1105,Lavc61.19,576,806,44100
2332078/audio.ogg,ogg,,,,,,
2332834/audio.mp3,mpeg,none,0,,0,0,44100
2332985/audio.mp3,mpeg,lame,1105,LAME3.100,576,1404,44100
2333334/audio.ogg,ogg,,,,,,
2333609/audio.mp3,mpeg,lame,1105,LAME3.100,576,1064,44100
2333957/audio.mp3,mpeg,xing,0,Lavf,0,0,48000
2333969/audio.ogg,ogg,,,,,,
2333975/audio.ogg,ogg,,,,,,
2334158/audio.mp3,mpeg,lame,1105,LAME3.100,576,672,48000
2334475/audio.mp3,mpeg,none,0,,0,0,44100
2334479/audio.ogg,ogg,,,,,,
2334930/audio.mp3,mpeg,lame,1105,LAME3.100,576,612,44100
2335052/audio.ogg,ogg,,,,,,
2335426/audio.mp3,mpeg,none,0,,0,0,44100
2335579/audio.ogg,ogg,,,,,,
2335673/audio.mp3,mpeg,lame,1105,LAME3.100,576,616,44100
2336049/audio.ogg,ogg,,,,,,
2336927/audio.mp3,mpeg,none,0,,0,0,48000
2336958/audio.mp3,mpeg,lame,1105,Lavc57.33,576,0,44100
2337474/audio.mp3,mpeg,lame,1105,Lavc58.35,576,630,44100
2337498/audio.ogg,ogg,,,,,,
2337763/audio.ogg,ogg,,,,,,
2338039/dio.mp3,mpeg,lame,1105,LAME3.100,576,1556,44100
2338118/audio.mp3,mpeg,lame,1105,LAME3.100,576,576,44100
2338601/audio.ogg,ogg,,,,,,
2338903/audio.mp3,mpeg,lame,1105,Lavc57.33,576,0,44100
2339001/audio.mp3,mpeg,none,0,,0,0,44100
2339429/audio.mp3,mpeg,lame,1105,LAME3.100,576,576,44100
2339554/audio.mp3,mpeg,lame,1105,Lavc60.3.,576,1200,44100
2339687/audio.mp3,mpeg,lame,1105,Lavc59.37,576,1200,48000
2339867/Aisthimata.mp3,mpeg,lame,1105,Lavc58.34,576,704,44100
2340101/audiodisco.mp3,mpeg,lame,1105,LAME3.100,576,576,48000
2340442/audio.ogg,ogg,,,,,,
2340582/audio.mp3,mpeg,lame,1105,Lavc58.60,576,600,44100
2340628/audio.mp3,mpeg,lame,1105,LAME3.100,576,1208,44100
2341138/audio.mp3,mpeg,lame,1105,Lavc57.33,576,0,44100
2341330/audio.ogg,ogg,,,,,,
2341595/audio.mp3,mpeg,none,0,,0,0,48000
2341766/MILIGHT CONNECT.ogg,ogg,,,,,,
2342660/audio.ogg,ogg,,,,,,
2342694/audio.ogg,ogg,,,,,,
2342737/audio.mp3,mpeg,lame,1105,LAME3.100,576,1440,44100
2342939/audio.mp3,mpeg,lame,1105,Lavc60.31,576,704,44100
2343116/audio.ogg,ogg,,,,,,
2343293/audio.mp3,mpeg,lame,1105,Lavc57.33,576,0,44100
2343633/Bad Apple!! feat. nomico (REBIRTHED Original Vocal).ogg,ogg,,,,,,
2344107/audio.ogg,ogg,,,,,,
2344264/audio.ogg,ogg,,,,,,
2344392/audio.mp3,mpeg,lame,1105,Lavc57.33,576,0,44100
2344912/audio.ogg,ogg,,,,,,
2345029/audio.mp3,mpeg,none,0,,0,0,48000
2345407/audio.mp3,mpeg,lame,1105,Lavc57.33,576,0,44100
2345628/audio.ogg,ogg,,,,,,
2346082/audio.mp3,mpeg,lame,1105,Lavc61.33,576,1552,48000
2346444/audio.mp3,mpeg,lame,1105,LAME3.100,576,642,44100
2346523/audio.ogg,ogg,,,,,,
2346990/audio.ogg,ogg,,,,,,
2347454/audio.ogg,ogg,,,,,,
"2347713/IOSYS - Bow Down, You Ignorant Fools!.mp3",mpeg,lame,1105,LAME3.100,576,1105,44100
2348502/audio.ogg,ogg,,,,,,
2348607/audio.ogg,ogg,,,,,,
2348610/audio.mp3,mpeg,lame,1105,LAME3.100,576,717,48000
2349092/audio.mp3,mpeg,lame,1105,LAME3.100,576,576,44100
2349182/audio.ogg,ogg,,,,,,
2349208/audio.ogg,ogg,,,,,,
2349242/audio.mp3,mpeg,none,0,,0,0,44100
2349355/audio.mp3,mpeg,lame,1105,LAME3.100,576,840,44100
2349383/audio.mp3,mpeg,lame,1105,LAME3.100,576,1283,48000
2349490/audio.ogg,ogg,,,,,,
2349815/audio.mp3,mpeg,lame,1105,Lavc57.33,576,0,44100
2349851/audio.ogg,ogg,,,,,,
2349894/audio.mp3,mpeg,lame,1105,LAME3.100,576,1667,48000
2349987/audio.ogg,ogg,,,,,,
2350443/audio.ogg,ogg,,,,,,
2350645/audio.mp3,mpeg,lame,1105,Lavc59.59,576,576,44100
2350858/audio.mp3,mpeg,lame,1105,Lavc57.33,576,0,44100
235098/bgm.mp3,mpeg,none,0,,0,0,44100
2351212/audio.mp3,mpeg,lame,1105,Lavc57.33,576,0,44100
235126/Soleily - Violet Soul.mp3,mpeg,xing,0,,0,0,44100
2351766/audio.mp3,mpeg,lame,1105,LAME3.100,576,576,44100
2351884/audio.mp3,mpeg,lame,1105,LAME3.99r,576,1547,48000
2352150/audio.mp3,mpeg,lame,1105,LAME3.100,576,576,44100
2352480/audio.ogg,ogg,,,,,,
235278/lycoris.mp3,mpeg,lame,1105,Lavf55.19,576,0,44100
2353806/audio.mp3,mpeg,lame,1105,Lavc57.33,576,0,44100
2354321/audio.ogg,ogg,,,,,,
2354625/audio.mp3,mpeg,lame,1105,LAME3.100,576,1606,44100
2355208/audio.ogg,ogg,,,,,,
2355421/audio.mp3,mpeg,lame,1105,Lavc57.33,576,0,44100
2355701/audio.mp3,mpeg,lame,1105,Lavc57.33,576,0,44100
2355912/audio.mp3,mpeg,lame,1105,LAME3.100,576,832,44100
2356075/audio.ogg,ogg,,,,,,
2356585/audio.mp3,mpeg,none,0,,0,0,44100
2356945/audio.mp3,mpeg,lame,1105,LAME3.99r,576,576,44100
2357346/audio.mp3,mpeg,lame,1105,Lavc57.33,576,0,44100
2357381/audio.mp3,mpeg,lame,1105,LAME3.100,576,1375,44100
2357385/audio.mp3,mpeg,lame,1105,LAME3.100,576,1105,48000
2357684/audio.ogg,ogg,,,,,,
2358079/audio.ogg,ogg,,,,,,
2358116/audio.ogg,ogg,,,,,,
2358356/audio.mp3,mpeg,lame,1105,Lavc57.33,576,0,44100
2358506/audio.ogg,ogg,,,,,,
2358613/audio.mp3,mpeg,lame,1105,Lavc62.5.,576,1681,48000
2358631/audio.mp3,mpeg,lame,1105,LAME3.100,576,1257,44100
2359058/audio.ogg,ogg,,,,,,
2359141/audio.mp3,mpeg,lame,1105,Lavc59.1.,576,1236,48000
2359162/audio.ogg,ogg,,,,,,
235927/[SDVX III] F.K.S. [EXH].mp3,mpeg,none,0,,0,0,44100
2359689/audio.ogg,ogg,,,,,,
2360491/azure.mp3,mpeg,lame,1105,LAME3.100,576,1588,44100
2360534/audio.ogg,ogg,,,,,,
2361089/audio.mp3,mpeg,lame,1105,Lavc57.33,576,0,44100
2361107/audio.mp3,mpeg,lame,1105,Lavc57.33,576,0,44100
2361455/audio.mp3,mpeg,lame,1105,LAME3.100,576,1272,48000
2361526/audio.mp3,mpeg,lame,1105,Lavc59.37,576,1344,44100
2362219/audio.ogg,ogg,,,,,,
2362343/audio.mp3,mpeg,lame,1105,Lavc58.13,576,704,48000
2362621/audio.mp3,mpeg,lame,1105,LAME3.100,576,1532,44100
2362903/audio.mp3,mpeg,lame,1105,LAME3.100,576,898,44100
2363447/audio.mp3,mpeg,lame,1105,Lavc57.33,576,0,44100
2363513/audio.ogg,ogg,,,,,,
2363527/audio.ogg,ogg,,,,,,
2363694/audio.mp3,mpeg,lame,1105,Lavc57.33,576,0,44100
2364079/audio.mp3,mpeg,lame,1105,LAME3.100,576,576,44100
2364686/audio.ogg,ogg,,,,,,
2364931/audio.mp3,mpeg,lame,1105,Lavc57.33,576,0,44100
2364970/audio.ogg,ogg,,,,,,
2365306/audio.ogg,ogg,,,,,,
2365323/audio.mp3,mpeg,lame,1105,Lavc61.19,576,576,44100
2365469/audio.ogg,ogg,,,,,,
236553/Holy Night.mp3,mpeg,none,0,,0,0,44100
2365717/audio.ogg,ogg,,,,,,
2365859/audio.mp3,mpeg,lame,1105,Lavc60.3.,576,672,44100
2366018/audio.mp3,mpeg,lame,1105,Lavc59.37,576,1283,44100
2366679/audio.mp3,mpeg,lame,1105,Lavc61.19,576,1173,44100
2366811/audio.ogg,ogg,,,,,,
2366876/audio.ogg,ogg,,,,,,
2367080/audio.ogg,ogg,,,,,,
2367084/audio.mp3,mpeg,lame,1105,LAME3.100,576,963,44100
2367105/audio.ogg,ogg,,,,,,
2367582/audio.mp3,mpeg,lame,1105,Lavc57.33,576,0,44100
2367599/audio.ogg,ogg,,,,,,
2367885/audio.mp3,mpeg,lame,1105,LAME3.100,576,1330,44100
2368620/audio.mp3,mpeg,lame,1105,LAME3.100,576,1188,48000
2369027/audio.ogg,ogg,,,,,,
2369185/audio.mp3,mpeg,lame,1105,LAME3.100,576,1305,44100
2369290/audio.mp3,mpeg,lame,1105,Lavc59.37,576,576,48000
2369438/audio.mp3,mpeg,none,0,,0,0,44100
2370102/audio.mp3,mpeg,lame,1105,LAME3.100,576,1121,48000
2370273/audio.mp3,mpeg,lame,1105,Lavc57.33,576,0,44100
2370841/audio.ogg,ogg,,,,,,
2371088/audio.mp3,mpeg,lame,1105,LAME3.99r,576,1440,44100
2372053/audio.mp3,mpeg,lame,1105,Lavc57.33,576,0,44100
237212/LEMON SUMMER.mp3,mpeg,none,0,,0,0,44100
2372221/audio.mp3,mpeg,lame,1105,Lavc57.33,576,0,44100
2372657/audio.ogg,ogg,,,,,,
2372720/audio.mp3,mpeg,lame,1105,LAME3.99r,576,576,44100
2373152/audio.ogg,ogg,,,,,,
2373541/audio.ogg,ogg,,,,,,
2373896/audio.mp3,mpeg,lame,1105,Lavc58.13,576,789,48000
2374747/Raindrop.ogg,ogg,,,,,,
2375406/audio.mp3,mpeg,lame,1105,LAME3.100,576,838,44100
2375481/audio.mp3,mpeg,lame,1105,LAME3.99r,576,1523,44100
2375712/audio.mp3,mpeg,lame,1105,Lavc57.33,576,0,44100
2375864/audio.mp3,mpeg,lame,1105,Lavc59.18,576,1113,44100
2376250/audio.mp3,mpeg,lame,1105,Lavc57.33,576,0,44100
2377346/audio.mp3,mpeg,lame,1105,Lavc57.33,576,0,44100
2377521/audio.mp3,mpeg,lame,1105,LAME3.100,576,576,48000
2377755/audio.ogg,ogg,,,,,,
2378029/audio.mp3,mpeg,lame,1105,Lavc57.33,576,0,44100
2378077/audio.mp3,mpeg,lame,1105,LAME3.100,576,576,44100
2378281/audio.ogg,ogg,,,,,,
2378766/audio.mp3,mpeg,lame,1105,Lavc57.33,576,0,44100
2379162/audio.mp3,mpeg,none,0,,0,0,44100
2379595/audio.ogg,ogg,,,,,,
2379880/audio.mp3,mpeg,lame,1105,Lavc57.33,576,0,44100
2380576/audio.mp3,mpeg,lame,1105,LAME3.100,576,1545,44100
2380657/audio.ogg,ogg,,,,,,
2380757/audio.ogg,ogg,,,,,,
2380977/audio.ogg,ogg,,,,,,
2381413/audio.mp3,mpeg,lame,1105,LAME3.100,576,981,44100
2382741/audio.ogg,ogg,,,,,,
2382977/audio.mp3,mpeg,lame,1105,Lavc58.36,576,1351,44100
2383044/audio.mp3,mpeg,lame,1105,Lavc59.12,576,711,44100
2383175/audio.mp3,mpeg,lame,1105,Lavc58.54,576,1472,44100
2383229/audio.ogg,ogg,,,,,,
2383590/audio.ogg,ogg,,,,,,
2383821/audio.mp3,mpeg,lame,1105,LAME3.100,576,1392,44100
2384735/audio.mp3,mpeg,lame,1105,Lavc57.33,576,0,44100
2384794/audio.ogg,ogg,,,,,,
2384832/audio.mp3,mpeg,lame,1105,LAME3.100,576,1488,44100
2384836/audio.ogg,ogg,,,,,,
2385350/audio.mp3,mpeg,lame,1105,LAME3.100,576,1320,44100
2385615/audio.ogg,ogg,,,,,,
2385707/audio.mp3,mpeg,lame,1105,Lavc57.33,576,0,44100
2385880/audio.ogg,ogg,,,,,,
2385890/audio.ogg,ogg,,,,,,
2386075/audio.mp3,mpeg,lame,1105,LAME3.100,576,871,48000
2386206/audio.ogg,ogg,,,,,,
2386306/audio.mp3,mpeg,lame,1105,Lavc57.33,576,0,44100
2386451/audio.mp3,mpeg,lame,1105,LAME3.100,576,1248,48000
2386495/audioedit.ogg,ogg,,,,,,
2386651/audio.mp3,mpeg,lame,1105,Lavc57.33,576,0,44100
2386915/audio.mp3,mpeg,lame,1105,LAME3.100,576,1105,44100
2387241/audio.ogg,ogg,,,,,,
2387328/audio.ogg,ogg,,,,,,
2387779/audio.mp3,mpeg,lame,1105,LAME3.100,576,1681,44100
2387847/audio.mp3,mpeg,lame,1105,LAME3.100,576,924,48000
2388601/unravel.mp3,mpeg,lame,1105,LAME3.100,576,576,44100
2388836/audio.ogg,ogg,,,,,,
2389146/audio.mp3,mpeg,lame,1105,LAME3.100,576,936,44100
2389260/audio.ogg,ogg,,,,,,
2389364/virgen.ogg,ogg,,,,,,
2389419/audio.mp3,mpeg,lame,1105,Lavc59.18,576,807,44100
2389734/audio.mp3,mpeg,lame,1105,Lavc58.13,576,1116,44100
2390428/audio.mp3,mpeg,lame,1105,LAME3.99r,576,1404,44100
239048/03. Renatus - Soleily 192kbps.mp3,mpeg,lame,1105,LAME3.98r,576,576,44100
2390727/audio.mp3,mpeg,lame,1105,LAME3.100,576,1284,44100
2390813/audio.mp3,mpeg,lame,1105,LAME3.99r,576,1330,44100
2391392/audio.mp3,mpeg,lame,1105,LAME3.100,576,828,44100
2391527/audio.mp3,mpeg,lame,1105,Lavc61.19,576,1501,44100
2391603/audio.mp3,mpeg,none,0,,0,0,44100
2391704/audio.ogg,ogg,,,,,,
2391949/audio.mp3,mpeg,lame,1105,LAME3.100,576,1105,48000
2392491/audio.mp3,mpeg,lame,1105,Lavc57.33,576,0,48000
2392855/audio.mp3,mpeg,lame,1105,Lavc57.33,576,0,44100
2393041/audio.ogg,ogg,,,,,,
2393200/audio.mp3,mpeg,lame,1105,Lavc57.33,576,0,44100
2393282/audio.mp3,mpeg,lame,1105,Lavc59.59,576,576,44100
2393429/audio.mp3,mpeg,lame,1105,LAME3.99r,576,1548,44100
2393803/audio.mp3,mpeg,lame,1105,LAME3.100,576,881,44100
2394064/audio.ogg,ogg,,,,,,
2394070/audio.mp3,mpeg,lame,1105,Lavc61.19,576,576,44100
2394177/audio.mp3,mpeg,lame,1105,LAME3.100,576,1437,44100
2394398/audio.ogg,ogg,,,,,,
2394604/audio.ogg,ogg,,,,,,
2394857/audio.mp3,mpeg,lame,1105,Lavc58.35,576,1600,44100
2395433/audio.ogg,ogg,,,,,,
2395447/audio.mp3,mpeg,lame,1105,LAME3.100,576,673,44100
2395454/audio.mp3,mpeg,lame,1105,LAME3.100,576,960,48000
2396349/audio.mp3,mpeg,lame,1105,LAME3.100,576,1088,48000
2396502/audio.ogg,ogg,,,,,,
2396544/audio.mp3,mpeg,lame,1105,Lavc61.19,576,1028,44100
2396624/audio.mp3,mpeg,lame,1105,LAME3.100,576,832,44100
2396967/audio.mp3,mpeg,lame,1105,Lavc57.33,576,0,44100
2397851/audio.mp3,mpeg,lame,1105,Lavc57.33,576,0,44100
2397874/audio.mp3,mpeg,none,0,,0,0,44100
2398086/audio.mp3,mpeg,lame,1105,Lavc57.33,576,0,44100
2398089/audio.ogg,ogg,,,,,,
2398146/audio.mp3,mpeg,lame,1105,Lavc57.33,576,0,48000
2398300/audio.mp3,mpeg,lame,1105,LAME3.100,576,1407,48000
2398352/audio.mp3,mpeg,lame,1105,LAME3.100,576,576,44100
2398405/audio.mp3,mpeg,lame,1105,Lavc56.26,576,0,44100
2398641/audio.mp3,mpeg,none,0,,0,0,44100
2398715/audio.ogg,ogg,,,,,,
2398759/audio.mp3,mpeg,lame,1105,Lavc57.33,576,0,44100
2399246/audio.mp3,mpeg,lame,1105,LAME3.100,576,576,44100
2399327/audio.mp3,mpeg,lame,1105,Lavc58.13,576,747,44100
2399586/audio.ogg,ogg,,,,,,
2399655/audio.ogg,ogg,,,,,,
2399677/audio.mp3,mpeg,lame,1105,Lavc57.33,576,0,44100
2399709/audio.mp3,mpeg,lame,1105,LAME3.98r,576,1728,44100
2399746/audio.ogg,ogg,,,,,,
2399964/audio.mp3,mpeg,lame,1105,Lavc57.33,576,0,44100
2400066/audio.ogg,ogg,,,,,,
2400069/audio.ogg,ogg,,,,,,
2400282/audio.ogg,ogg,,,,,,
2400382/audio.mp3,mpeg,lame,1105,Lavc57.33,576,0,44100
2400478/audio.mp3,mpeg,lame,1105,LAME3.100,576,1198,44100
2400873/audio.mp3,mpeg,lame,1105,LAME3.100,576,664,44100
2400881/audio.ogg,ogg,,,,,,
2400884/audio.mp3,mpeg,lame,1105,LAME3.100,576,1105,48000
2400944/audio.mp3,mpeg,none,0,,0,0,44100
2400967/audio.mp3,mpeg,lame,1105,LAME3.99r,576,1256,44100
2400976/audio.mp3,mpeg,lame,1105,LAME3.100,576,576,48000
2401327/bakushin.mp3,mpeg,lame,1105,LAME3.100,576,704,48000
2401466/audio.mp3,mpeg,lame,1105,LAME3.99r,576,1600,48000
2401621/bakushin.mp3,mpeg,lame,1105,LAME3.100,576,704,48000
2402191/audio.mp3,mpeg,none,0,,0,0,44100
2402243/audio.mp3,mpeg,lame,1105,Lavc58.13,576,1681,48000
2402266/audio.mp3,mpeg,lame,1105,LAME3.100,576,1524,44100
2402676/audio.mp3,mpeg,none,0,,0,0,48000
2402875/audio.ogg,ogg,,,,,,
2402893/audio.ogg,ogg,,,,,,
2402997/audio.mp3,mpeg,lame,1105,LAME3.100,576,1021,44100
2403016/audio.mp3,mpeg,lame,1105,Lavc57.33,576,0,44100
2403127/audio.ogg,ogg,,,,,,
2403206/audio.mp3,mpeg,lame,1105,Lavc61.3.,576,636,44100
2403306/audio.ogg,ogg,,,,,,
2403524/audio.mp3,mpeg,lame,1105,Lavc57.33,576,0,44100
2403736/audio.mp3,mpeg,lame,1105,LAME3.99r,576,576,44100
2403854/audio.mp3,mpeg,none,0,,0,0,44100
2403887/audio.mp3,mpeg,lame,1105,Lavc57.33,576,0,48000
240415/SiM-EXiSTENCE.mp3,mpeg,none,0,,0,0,44100
2404247/audio.mp3,mpeg,lame,1105,LAME3.100,576,1660,44100
2404600/audio.mp3,mpeg,lame,1105,Lavc57.33,576,0,48000
2404667/audio.ogg,ogg,,,,,,
2404717/g&m.mp3,mpeg,none,0,,0,0,44100
2405108/audio.ogg,ogg,,,,,,
2405166/audio.mp3,mpeg,lame,1105,LAME3.99r,576,576,48000
2405176/audio.mp3,mpeg,lame,1105,LAME3.99r,576,1681,44100
2405300/output.ogg,ogg,,,,,,
2405754/audio.mp3,mpeg,lame,1105,LAME3.99r,576,1696,48000
2406416/audio.mp3,mpeg,lame,1105,LAME3.100,576,1105,44100
2406493/audio.ogg,ogg,,,,,,
2406499/audio.mp3,mpeg,lame,1105,LAME3.99a,576,309,44100
2406544/audio.ogg,ogg,,,,,,
2406615/audio.mp3,mpeg,lame,1105,Lavc59.37,576,576,48000
2406790/audio.mp3,mpeg,lame,1105,Lavc57.33,576,0,48000
2406971/audio.ogg,ogg,,,,,,
2406992/audio.ogg,ogg,,,,,,
2407003/audio.mp3,mpeg,lame,1105,LAME3.100,576,1648,48000
2407090/audio.mp3,mpeg,lame,1105,Lavc61.19,576,1309,44100
2407113/audio.mp3,mpeg,lame,1105,Lavc57.33,576,0,44100
2407378/audio.mp3,mpeg,lame,1105,Lavc58.35,576,1600,44100
2407387/audio.ogg,ogg,,,,,,
2407557/audio.ogg,ogg,,,,,,
2407919/audio.mp3,mpeg,lame,1105,LAME3.100,576,1582,44100
2407955/audio.mp3,mpeg,lame,1105,LAME3.99r,576,1384,48000
2407978/audio.mp3,mpeg,lame,1105,LAME3.100,576,1012,44100
2408250/audio.ogg,ogg,,,,,,
2408275/audio.mp3,mpeg,lame,1105,LAME3.100,576,912,44100
2408490/audio.mp3,mpeg,lame,1105,LAME3.100,576,576,44100
2408538/audio.mp3,mpeg,lame,1105,LAME3.100,576,576,48000
2408680/audio.mp3,mpeg,lame,1105,Lavc57.33,576,0,44100
2408720/audio.ogg,ogg,,,,,,
2409256/audio.mp3,mpeg,lame,1105,Lavc59.37,576,1293,44100
2409301/audio.mp3,mpeg,none,0,,0,0,44100
2409371/audio.mp3,mpeg,lame,1105,LAME3.100,576,1644,44100
2410087/audio.ogg,ogg,,,,,,
2410189/audio.ogg,ogg,,,,,,
2410226/audio.mp3,mpeg,none,0,,0,0,44100
2410227/audio.ogg,ogg,,,,,,
2410611/audio.mp3,mpeg,none,0,,0,0,44100
2410685/audio.mp3,mpeg,none,0,,0,0,44100
2411291/audio.mp3,mpeg,none,0,,0,0,44100
2411877/audio.ogg,ogg,,,,,,
2412216/05. COLORS.ogg,ogg,,,,,,
2412369/audio.mp3,mpeg,lame,1105,LAME3.100,576,1229,48000
2412599/audio.mp3,mpeg,lame,1105,LAME3.100,576,864,44100
2412636/audio.ogg,ogg,,,,,,
2412637/audio.mp3,mpeg,lame,1105,Lavc57.33,576,0,44100
241328/movielrg (1)_Jfs59kYd.mp3,mpeg,none,0,,0,0,44100
2413535/audio.ogg,ogg,,,,,,
2413757/audio.mp3,mpeg,lame,1105,LAME3.100,576,1681,44100
2414349/audio.mp3,mpeg,lame,1105,LAME3.100,576,954,48000
2414592/audio.ogg,ogg,,,,,,
2414887/audio.ogg,ogg,,,,,,
2414899/audio.mp3,mpeg,none,0,,0,0,48000
2414909/audio.ogg,ogg,,,,,,
2415342/audio.mp3,mpeg,lame,1105,LAME3.100,576,1390,44100
2415363/audio.ogg,ogg,,,,,,
2415880/audio.ogg,ogg,,,,,,
2416159/audio.mp3,mpeg,lame,1105,Lavc60.3.,576,1200,44100
2416336/audio.mp3,mpeg,lame,1105,Lavc59.37,576,1681,44100
2416343/audio.mp3,mpeg,lame,1105,Lavc58.13,576,1555,44100
2416350/audio.mp3,mpeg,lame,1105,Lavc60.6.,576,1681,44100
2416410/audio.mp3,mpeg,lame,1105,Lavc57.33,576,0,48000
2416532/audio.mp3,mpeg,none,0,,0,0,44100
2416670/audio.mp3,mpeg,lame,1105,Lavc58.13,576,960,48000
2416723/audio.mp3,mpeg,lame,1105,LAME3.100,576,981,44100
2417552/audio.mp3,mpeg,lame,1105,Lavc60.31,576,1375,44100
2417924/audio.mp3,mpeg,lame,1105,LAME3.99r,576,1302,44100
2418138/audio.ogg,ogg,,,,,,
2418209/audio.mp3,mpeg,lame,1105,Lavc59.39,576,768,48000
2418280/audio.mp3,mpeg,lame,1105,LAME3.100,576,576,44100
241832/Sekai Wa Koi Ni Ochiteiru.mp3,mpeg,lame,1105,LAME3.99r,576,576,44100
2418706/audio.mp3,mpeg,lame,1105,Lavc57.33,576,0,44100
2419051/audio.mp3,mpeg,lame,1105,Lavc57.33,576,0,44100
2419077/audio.mp3,mpeg,lame,1105,LAME3.100,576,1427,44100
2419084/audio.ogg,ogg,,,,,,
2419203/audio.ogg,ogg,,,,,,
2419237/audio.mp3,mpeg,lame,1105,LAME3.100,576,969,44100
2419665/audio.ogg,ogg,,,,,,
2419712/audio.ogg,ogg,,,,,,
2419751/audio.mp3,mpeg,lame,1105,Lavc57.33,576,0,44100
2420203/audio.mp3,mpeg,lame,1105,LAME3.99r,576,1152,44100
2420210/audio.mp3,mpeg,lame,1105,Lavc57.33,576,0,48000
2420331/audio.mp3,mpeg,lame,1105,LAME3.100,576,614,44100
2420379/audio.ogg,ogg,,,,,,
2420578/audio.mp3,mpeg,lame,1105,Lavc57.33,576,0,44100
2420912/audio.ogg,ogg,,,,,,
2420930/audio.mp3,mpeg,lame,1105,LAME3.100,576,576,44100
2421096/audio.ogg,ogg,,,,,,
2421186/audio.ogg,ogg,,,,,,
2421243/nobore.mp3,mpeg,lame,1105,LAME3.99r,576,1189,44100
2421270/audio.mp3,mpeg,none,0,,0,0,48000
2421326/audio.mp3,mpeg,lame,1105,LAME3.100,576,1681,44100
2421444/audio.mp3,mpeg,lame,1105,Lavc57.33,576,0,44100
2421454/audio.ogg,ogg,,,,,,
2421919/audio.ogg,ogg,,,,,,
2422499/audio.mp3,mpeg,lame,1105,LAME3.99r,576,576,44100
2422504/audio.mp3,mpeg,lame,1105,Lavc57.33,576,0,44100
2422509/audio.mp3,mpeg,lame,1105,Lavc57.33,576,0,44100
2422601/audio.mp3,mpeg,lame,1105,Lavc59.18,576,1344,48000
2422832/audio.mp3,mpeg,lame,1105,Lavc57.33,576,0,48000
2423510/audio.mp3,mpeg,lame,1105,LAME3.100,576,890,44100
2423530/audio.mp3,mpeg,lame,1105,Lavc57.33,576,0,44100
2423757/audio.mp3,mpeg,lame,1105,Lavc60.31,576,1681,44100
2423919/audio.mp3,mpeg,lame,1105,Lavc59.37,576,898,44100
2424143/audio.mp3,mpeg,lame,1105,LAME3.99r,576,576,44100
2424356/audio.mp3,mpeg,lame,1105,Lavc57.33,576,0,44100
2424495/audio.mp3,mpeg,xing,0,Lavc61.3.,0,0,48000
2424737/audio.mp3,mpeg,none,0,,0,0,44100
242484/[SDVX II ] werewolf howls. [EXH].mp3,mpeg,lame,1105,Lavf54.63,576,0,44100
2425003/audio.mp3,mpeg,lame,1105,LAME3.100,576,576,44100
2425158/audio.ogg,ogg,,,,,,
2425501/audio.mp3,mpeg,lame,1105,Lavc62.0.,576,1449,44100
2425612/audio.mp3,mpeg,lame,1105,LAME3.99r,576,576,44100
2425769/audio.ogg,ogg,,,,,,
2425812/audio.ogg,ogg,,,,,,
2425829/audio.ogg,ogg,,,,,,
2425833/audio.ogg,ogg,,,,,,
2425955/audio.ogg,ogg,,,,,,
2426199/audio.ogg,ogg,,,,,,
2426253/audio.ogg,ogg,,,,,,
2426582/ai no shoumei.ogg,ogg,,,,,,
2426809/audio.ogg,ogg,,,,,,
2426813/audio.ogg,ogg,,,,,,
2426958/audio.ogg,ogg,,,,,,
2427146/audio.ogg,ogg,,,,,,
2427337/audio.mp3,mpeg,xing,0,,0,0,48000
2427972/audio.mp3,mpeg,lame,1105,Lavc60.3.,576,576,44100
2428522/audio.mp3,mpeg,lame,1105,Lavc57.33,576,0,44100
2428547/audio.mp3,mpeg,lame,1105,Lavc57.33,576,0,48000
2428561/audio.mp3,mpeg,lame,1105,Lavc61.19,576,576,48000
2428964/audio.ogg,ogg,,,,,,
2428969/audio.ogg,ogg,,,,,,
2429423/audio.ogg,ogg,,,,,,
2429511/audio.mp3,mpeg,lame,1105,Lavc57.33,576,0,44100
2429906/audio.mp3,mpeg,lame,1105,Lavc57.33,576,0,44100
2430234/audio.mp3,mpeg,lame,1105,LAME3.100,576,1088,48000
2430386/audio.ogg,ogg,,,,,,
2430695/audio.mp3,mpeg,lame,1105,Lavc60.38,576,959,44100
2430762/audio.ogg,ogg,,,,,,
2430780/audio.ogg,ogg,,,,,,
2431063/audio.ogg,ogg,,,,,,
2431171/Ame Nochi Ame Nochi Ame.ogg,ogg,,,,,,
2431316/audio.mp3,mpeg,lame,1105,Lavc58.13,576,1656,44100
2431330/audio.mp3,mpeg,lame,1105,Lavc57.33,576,0,44100
2431448/audio.mp3,mpeg,lame,1105,LAME3.100,576,1608,44100
2431466/audio.ogg,ogg,,,,,,
243180/zerogravity_inf.mp3,mpeg,lame,1105,LAME3.99r,576,1558,44100
2432016/audio.mp3,mpeg,lame,1105,Lavc61.19,576,576,44100
2432285/audio.ogg,ogg,,,,,,
2432404/audio.ogg,ogg,,,,,,
2432691/audio.mp3,mpeg,lame,1105,LAME3.100,576,576,44100
2432714/audio.mp3,mpeg,lame,1105,LAME3.100,576,1105,44100
243364/Linked Horizon - Guren no Yumiya (TV Size).mp3,mpeg,none,0,,0,0,44100
2433731/audio.mp3,mpeg,lame,1105,Lavc60.22,576,1600,48000
2434168/audio.mp3,mpeg,lame,1105,Lavc61.19,576,960,44100
2434670/audio.mp3,mpeg,lame,1105,LAME3.100,576,1105,48000
2434689/audio.ogg,ogg,,,,,,
2434745/audio.mp3,mpeg,lame,1105,LAME3.100,576,576,48000
2434750/audio.mp3,mpeg,lame,1105,LAME3.100,576,1420,48000
2434762/audio.ogg,ogg,,,,,,
2434802/audio.ogg,ogg,,,,,,
2435074/audio.ogg,ogg,,,,,,
2435183/audio.mp3,mpeg,lame,1105,LAME3.100,576,1315,44100
2435344/Surface Tension.mp3,mpeg,lame,1105,LAME3.100,576,824,44100
2435368/audio.mp3,mpeg,lame,1105,Lavc57.33,576,0,44100
2435372/audio.mp3,mpeg,lame,1105,Lavc61.19,576,576,44100
2435396/audio.mp3,mpeg,none,0,,0,0,48000
2436127/audio.mp3,mpeg,lame,1105,Lavc61.1.,576,576,44100
2436239/audio.ogg,ogg,,,,,,
243654/Tatsh - HEAVENLY MOON.mp3,mpeg,none,0,,0,0,44100
2436546/audio.ogg,ogg,,,,,,
2436630/audio.ogg,ogg,,,,,,
2436740/audio.mp3,mpeg,lame,1105,LAME3.99r,576,1404,44100
2437142/audio.ogg,ogg,,,,,,
2437815/audio.mp3,mpeg,lame,1105,Lavc57.33,576,0,44100
2437941/audio.ogg,ogg,,,,,,
2438278/audio.mp3,mpeg,none,0,,0,0,48000
2438322/audio.ogg,ogg,,,,,,
2438566/audio.mp3,mpeg,none,0,,0,0,48000
2438662/audio.mp3,mpeg,lame,1105,Lavc57.33,576,0,48000
2438724/audio.mp3,mpeg,none,0,,0,0,48000
2438731/audio.mp3,mpeg,lame,1105,Lavc57.33,576,0,44100
2438737/audio.ogg,ogg,,,,,,
2438872/audio.mp3,mpeg,lame,1105,Lavc57.33,576,0,48000
2438960/audio.mp3,mpeg,lame,1105,Lavc60.37,576,1588,48000
2439051/audio.ogg,ogg,,,,,,
2439075/audio.mp3,mpeg,lame,1105,LAME3.100,576,576,44100
2439228/audio.mp3,mpeg,lame,1105,LAME3.100,576,1110,44100
2439365/audio.mp3,mpeg,lame,1105,LAME3.100,576,1415,44100
2439440/audio.mp3,mpeg,lame,1105,LAME3.99a,576,332,44100
2439785/audio.ogg,ogg,,,,,,
2440353/audio.mp3,mpeg,lame,1105,Lavc57.33,576,0,44100
2441237/audio.ogg,ogg,,,,,,
2441425/audio.mp3,mpeg,none,0,,0,0,44100
2441719/audio.mp3,mpeg,lame,1105,LAME3.100,576,602,44100
2441875/audio.mp3,mpeg,lame,1105,Lavf56.4.,576,0,44100
2441893/audio.mp3,mpeg,none,0,,0,0,44100
2442176/audio.ogg,ogg,,,,,,
2442604/audio.ogg,ogg,,,,,,
2442615/audio.ogg,ogg,,,,,,
2442758/audio.mp3,mpeg,lame,1105,LAME3.100,576,592,44100
2442764/audio.ogg,ogg,,,,,,
2442798/audio.ogg,ogg,,,,,,
2442891/audio.ogg,ogg,,,,,,
2443056/audio.ogg,ogg,,,,,,
2443256/audio.ogg,ogg,,,,,,
2445136/audio.ogg,ogg,,,,,,
2445518/audio.ogg,ogg,,,,,,
"244565/Fear, and Loathing in Las Vegas.mp3",mpeg,none,0,,0,0,44100
2445798/audio.mp3,mpeg,lame,1105,LAME3.100,576,1305,44100
2445853/audio.mp3,mpeg,none,0,,0,0,48000
2445891/audio.mp3,mpeg,lame,1105,Lavc57.33,576,0,44100
2445956/audio.mp3,mpeg,lame,1105,Lavc57.33,576,0,44100
2445989/audio.mp3,mpeg,lame,1105,Lavc58.91,576,832,48000
2446560/audio.mp3,mpeg,lame,1105,LAME3.100,576,803,48000
2446772/audio.mp3,mpeg,lame,1105,Lavc57.33,576,0,44100
2447241/audio.mp3,mpeg,lame,1105,Lavc57.33,576,0,44100
2447308/audio.mp3,mpeg,none,0,,0,0,44100
2447773/audio.mp3,mpeg,lame,1105,Lavc57.33,576,0,44100
2447781/audio.mp3,mpeg,lame,1105,LAME3.100,576,576,44100
2447855/audio.ogg,ogg,,,,,,
244796/butterfly (UPSWING MIX).mp3,mpeg,none,0,,0,0,44100
2448852/audio.ogg,ogg,,,,,,
2448902/audio.mp3,mpeg,lame,1105,LAME3.100,576,886,48000
2448917/audio.ogg,ogg,,,,,,
2448938/audio.mp3,mpeg,lame,1105,Lavc57.33,576,0,44100
2448964/audio.ogg,ogg,,,,,,
2449327/audio.mp3,mpeg,lame,1105,LAME3.100,576,1452,44100
2449429/audio.ogg,ogg,,,,,,
244997/Over the Clouds -Burst Mix-.mp3,mpeg,none,0,,0,0,44100
2450653/audio.ogg,ogg,,,,,,
2450931/audio.mp3,mpeg,lame,1105,Lavc57.33,576,0,44100
2450998/audio.ogg,ogg,,,,,,
2452086/audio.mp3,mpeg,lame,1105,Lavc57.33,576,0,44100
2452664/audio.mp3,mpeg,none,0,,0,0,44100
2452954/audio.mp3,mpeg,none,0,,0,0,44100
2453409/audio.mp3,mpeg,lame,1105,LAME3.100,576,828,44100
2453500/audio.mp3,mpeg,lame,1105,Lavc59.37,576,1088,48000
2453558/audio.ogg,ogg,,,,,,
2453821/audio.ogg,ogg,,,,,,
245393/Jinsei Wa Hoeru.mp3,mpeg,lame,1105,Lavf54.29,576,0,44100
2454214/audio.ogg,ogg,,,,,,
2455211/audio.ogg,ogg,,,,,,
2455603/audio.mp3,mpeg,none,0,,0,0,44100
2455636/audio.mp3,mpeg,lame,1105,LAME3.99r,576,1152,48000
2455736/audio.mp3,mpeg,none,0,,0,0,44100
2455961/audio.mp3,mpeg,lame,1105,Lavc59.37,576,1638,44100
2456002/audio.mp3,mpeg,lame,1105,LAME3.100,576,576,48000
2456045/audio.mp3,mpeg,lame,1105,LAME3.100,576,576,44100
2456432/audio.mp3,mpeg,lame,1105,LAME3.100,576,1426,44100
2456780/audio.ogg,ogg,,,,,,
2456796/audio.mp3,mpeg,lame,1105,Lavc58.54,576,576,48000
2456838/audio.ogg,ogg,,,,,,
2457670/audio.mp3,mpeg,lame,1105,LAME3.100,576,1344,48000
2457809/audio.mp3,mpeg,lame,1105,LAME3.100,576,1224,44100
2458045/audio.ogg,ogg,,,,,,
2458496/audio.mp3,mpeg,lame,1105,LAME3.100,576,1088,48000
2458508/audio.mp3,mpeg,lame,1105,Lavc60.3.,576,861,44100
2458512/audio.ogg,ogg,,,,,,
2458618/audio.mp3,mpeg,none,0,,0,0,44100
2458692/audio.mp3,mpeg,lame,1105,LAME3.100,576,1024,44100
2458974/audio.ogg,ogg,,,,,,
2459122/audio.mp3,mpeg,none,0,,0,0,44100
2460238/audio.ogg,ogg,,,,,,
2460253/audio.mp3,mpeg,lame,1105,Lavc57.33,576,0,48000
2460312/audio.mp3,mpeg,lame,1105,LAME3.100,576,815,44100
2460402/audio.mp3,mpeg,lame,1105,LAME3.100,576,1359,44100
2460566/audio.mp3,mpeg,none,0,,0,0,44100
246059/~SUWAKI.mp3,mpeg,none,0,,0,0,44100
2460785/audio.ogg,ogg,,,,,,
2461083/audio.mp3,mpeg,lame,1105,LAME3.100,576,840,44100
2461103/audio.ogg,ogg,,,,,,
2461104/audio.mp3,mpeg,lame,1105,LAME3.100,576,761,44100
2461298/audio.mp3,mpeg,lame,1105,LAME3.100,576,1408,44100
2461518/audio.mp3,mpeg,lame,1105,Lavc57.33,576,0,44100
2461763/audio.mp3,mpeg,lame,1105,Lavc57.33,576,0,44100
2461806/audio.mp3,mpeg,lame,1105,Lavc57.33,576,0,44100
2461864/audio.mp3,mpeg,lame,1105,LAME3.100,576,1404,44100
2462093/audio.ogg,ogg,,,,,,
2462575/audio.ogg,ogg,,,,,,
2462632/audio.ogg,ogg,,,,,,
2462963/audio.ogg,ogg,,,,,,
2463674/audio.mp3,mpeg,lame,1105,Lavc57.33,576,0,48000
2463828/audio.ogg,ogg,,,,,,
2463881/audio.mp3,mpeg,none,0,,0,0,48000
2463906/audio.ogg,ogg,,,,,,
2464093/audio.mp3,mpeg,lame,1105,Lavc59.37,576,1030,44100
2465056/audio.ogg,ogg,,,,,,
2465080/audio.mp3,mpeg,lame,1105,Lavc57.33,576,0,44100
2465081/audio.mp3,mpeg,lame,1105,Lavc57.33,576,0,44100
2465370/audio.ogg,ogg,,,,,,
2465808/christmas song nante iranai.mp3,mpeg,lame,1105,LAME3.100,576,1472,44100
2466060/audio.mp3,mpeg,none,0,,0,0,44100
2466086/audio.mp3,mpeg,lame,1105,LAME3.100,576,891,44100
2466770/audio.mp3,mpeg,lame,1105,LAME3.99r,576,576,44100
2466933/audio.mp3,mpeg,lame,1105,Lavc57.33,576,0,48000
2467043/audio.mp3,mpeg,lame,1105,Lavc57.33,576,0,44100
2467187/audio.ogg,ogg,,,,,,
2468041/audio.ogg,ogg,,,,,,
2468221/audio.mp3,mpeg,lame,1105,Lavc57.33,576,0,48000
2468393/audio.mp3,mpeg,lame,1105,LAME3.99r,576,1584,44100
2468895/audio.ogg,ogg,,,,,,
2469290/audio.ogg,ogg,,,,,,
2469450/audio.mp3,mpeg,lame,1105,LAME3.100,576,770,44100
2469458/audio.ogg,ogg,,,,,,
2469874/audio.mp3,mpeg,lame,1105,Lavc57.33,576,0,44100
2470068/audio.ogg,ogg,,,,,,
2470141/audio.mp3,mpeg,lame,1105,Lavc57.33,576,0,44100
2471067/audio.mp3,mpeg,lame,1105,LAME3.100,576,837,48000
2471251/audio.mp3,mpeg,lame,1105,LAME3.100,576,1305,44100
2471567/audio.mp3,mpeg,lame,1105,LAME3.100,576,776,44100
2471685/audio.mp3,mpeg,lame,1105,Lavc59.37,576,1404,44100
2471841/audio.mp3,mpeg,none,0,,0,0,44100
2472364/audio.mp3,mpeg,lame,1105,LAME3.100,576,1259,44100
2472371/audio.ogg,ogg,,,,,,
2472516/audio.ogg,ogg,,,,,,
2473122/audio.ogg,ogg,,,,,,
2473390/audio.mp3,mpeg,lame,1105,LAME3.100,576,1617,44100
2473457/audio.mp3,mpeg,lame,1105,LAME3.100,576,576,44100
2473516/audio.mp3,mpeg,lame,1105,LAME3.100,576,769,48000
2473546/audio.mp3,mpeg,lame,1105,LAME3.100,576,1008,48000
2473741/audio.ogg,ogg,,,,,,
2474010/audio.mp3,mpeg,lame,1105,Lavc57.33,576,0,44100
2474422/audio.mp3,mpeg,lame,1105,Lavc58.13,576,1344,48000
2474711/audio.ogg,ogg,,,,,,
2474963/audio.ogg,ogg,,,,,,
2475292/audio.mp3,mpeg,lame,1105,Lavc57.33,576,0,44100
2475483/audio.mp3,mpeg,none,0,,0,0,44100
2475778/audio.mp3,mpeg,none,0,,0,0,44100
2476427/audio.ogg,ogg,,,,,,
2476448/audio.ogg,ogg,,,,,,
2476525/audio.mp3,mpeg,none,0,,0,0,44100
2477002/audio.ogg,ogg,,,,,,
2477332/audio.ogg,ogg,,,,,,
2477403/audio.ogg,ogg,,,,,,
2477633/audio.mp3,mpeg,lame,1105,LAME3.100,576,576,48000
2477885/audio.mp3,mpeg,lame,1105,LAME3.99r,576,972,44100
2478095/audio.ogg,ogg,,,,,,
2478242/audio.ogg,ogg,,,,,,
2478325/audio.mp3,mpeg,lame,1105,Lavc57.33,576,0,44100
2478381/audio.ogg,ogg,,,,,,
2478382/audio.mp3,mpeg,lame,1105,Lavc61.19,576,1344,44100
2478474/audio.mp3,mpeg,lame,1105,Lavc58.13,576,748,44100
2478789/audio.mp3,mpeg,lame,1105,Lavc61.19,576,1560,44100
2479291/audio.mp3,mpeg,lame,1105,Lavc57.33,576,0,44100
2479706/audio.mp3,mpeg,lame,1105,LAME3.99r,576,576,44100
2479871/Anchorite.ogg,ogg,,,,,,
2479881/audio.ogg,ogg,,,,,,
2480184/audio.mp3,mpeg,lame,1105,LAME3.100,576,890,48000
2480686/audio.ogg,ogg,,,,,,
2481117/audio.mp3,mpeg,lame,1105,Lavc57.33,576,0,44100
2481415/audio.mp3,mpeg,lame,1105,Lavc56.26,576,0,44100
2481465/audio.ogg,ogg,,,,,,
2481624/audio.mp3,mpeg,lame,1105,LAME3.100,576,905,44100
2481633/audio.mp3,mpeg,lame,1105,Lavc61.20,576,959,44100
2481996/audio.mp3,mpeg,lame,1105,Lavc60.4.,576,1344,48000
2482204/audio.mp3,mpeg,lame,1105,Lavc62.29,576,1656,44100
2483083/audio.mp3,mpeg,lame,1105,LAME3.100,576,856,44100
2483415/audio.mp3,mpeg,lame,1105,LAME3.100,576,1343,44100
2483449/audio.mp3,mpeg,lame,1105,Lavc57.33,576,0,44100
2483755/audio.mp3,mpeg,none,0,,0,0,44100
2483891/audio.mp3,mpeg,lame,1105,Lavc57.33,576,0,44100
2484096/audio.mp3,mpeg,none,0,,0,0,44100
2484237/carbonskin.mp3,mpeg,lame,1105,Lavc60.6.,576,1680,48000
2485116/audio.mp3,mpeg,lame,1105,Lavc59.37,576,1681,44100
2485980/audio.mp3,mpeg,lame,1105,Lavc57.33,576,0,44100
2486763/audio.mp3,mpeg,lame,1105,LAME3.99r,576,1164,44100
2486779/audio.ogg,ogg,,,,,,
2486893/audio.mp3,mpeg,lame,1105,LAME3.100,576,840,44100
2486976/audio.mp3,mpeg,lame,1105,LAME3.100,576,900,48000
2487191/audio.ogg,ogg,,,,,,
2487339/audio.mp3,mpeg,lame,1105,Lavc62.23,576,764,48000
2487660/audio.mp3,mpeg,lame,1105,LAME3.100,576,578,44100
2487799/audio.mp3,mpeg,lame,1105,LAME3.100,576,576,48000
2488299/audio.mp3,mpeg,none,0,,0,0,44100
2488508/audio.mp3,mpeg,lame,1105,Lavc58.13,576,1681,44100
2488585/audio.ogg,ogg,,,,,,
2488779/audio.mp3,mpeg,lame,1105,Lavc57.33,576,0,44100
2489038/audio.ogg,ogg,,,,,,
2489203/audio.mp3,mpeg,lame,1105,Lavc57.33,576,0,48000
2489234/audio.mp3,mpeg,lame,1105,LAME3.100,576,1135,44100
2489291/audio.mp3,mpeg,none,0,,0,0,44100
2489537/audio.mp3,mpeg,lame,1105,Lavc57.33,576,0,48000
2489861/audio.mp3,mpeg,lame,1105,LAME3.100,576,1403,44100
2490158/audio.ogg,ogg,,,,,,
2490429/audio.ogg,ogg,,,,,,
2490848/audio.mp3,mpeg,lame,1105,Lavc58.13,576,1681,48000
2490960/audio.mp3,mpeg,lame,1105,LAME3.100,576,1684,44100
2491936/audio.mp3,mpeg,lame,1105,Lavc57.33,576,0,44100
2492026/audio.mp3,mpeg,lame,1105,LAME3.100,576,952,44100
2492129/corre nina.mp3,mpeg,lame,1105,Lavc62.16,576,1600,48000
2492303/audio.mp3,mpeg,lame,1105,LAME3.100,576,704,44100
2492349/audio.ogg,ogg,,,,,,
2492718/audio.mp3,mpeg,none,0,,0,0,48000
2493125/audio.ogg,ogg,,,,,,
2493152/audio.ogg,ogg,,,,,,
2493980/audio.ogg,ogg,,,,,,
2494314/audio.ogg,ogg,,,,,,
2494863/audio.mp3,mpeg,none,0,,0,0,44100
2495115/audio.mp3,mpeg,lame,1105,LAME3.100,576,1404,44100
2495168/audio.mp3,mpeg,none,0,,0,0,44100
2495364/audio.ogg,ogg,,,,,,
2495468/audio.mp3,mpeg,lame,1105,LAME3.100,576,1344,48000
2495730/audio.mp3,mpeg,lame,1105,Lavc59.39,576,1472,44100
2496007/audio.ogg,ogg,,,,,,
2496215/audio.mp3,mpeg,none,0,,0,0,48000
2496712/audio.mp3,mpeg,lame,1105,Lavc57.33,576,0,48000
2496763/audio.ogg,ogg,,,,,,
2496837/audio.mp3,mpeg,lame,1105,Lavc59.37,576,1638,44100
2497157/audio.ogg,ogg,,,,,,
2498083/audio.ogg,ogg,,,,,,
2498155/audio.mp3,mpeg,lame,1105,Lavc57.33,576,0,44100
2498268/audio.ogg,ogg,,,,,,
2498671/audio.mp3,mpeg,lame,1105,LAME3.100,576,960,44100
2498821/audio.ogg,ogg,,,,,,
2499016/audio.ogg,ogg,,,,,,
2499207/audio.ogg,ogg,,,,,,
2499321/audio.mp3,mpeg,lame,1105,LAME3.100,576,1548,44100
2499477/audio.mp3,mpeg,lame,1105,Lavc57.33,576,0,44100
2499942/audio.mp3,mpeg,lame,1105,Lavc57.33,576,0,44100
2500063/audio.ogg,ogg,,,,,,
2500155/audio.ogg,ogg,,,,,,
2500422/reply.ogg,ogg,,,,,,
2500904/audio.ogg,ogg,,,,,,
2501685/audio.ogg,ogg,,,,,,
2501706/audio.mp3,mpeg,lame,1105,LAME3.100,576,576,44100
2501801/audio.mp3,mpeg,lame,1105,Lavc57.33,576,0,48000
2502080/audio.ogg,ogg,,,,,,
2502631/audio.mp3,mpeg,lame,1105,Lavc59.37,576,1681,48000
2502887/audio.mp3,mpeg,lame,1105,LAME3.100,576,1424,44100
2502888/audio.mp3,mpeg,lame,1105,LAME3.99r,576,576,44100
2502992/audio.ogg,ogg,,,,,,
2503137/audio.ogg,ogg,,,,,,
2503211/audio.mp3,mpeg,lame,1105,LAME3.100,576,1709,44100
2503440/audio.ogg,ogg,,,,,,
2504403/audio.ogg,ogg,,,,,,
2504508/audio.mp3,mpeg,lame,1105,LAME3.100,576,1220,44100
2506235/audio.mp3,mpeg,lame,1105,LAME3.100,576,598,44100
2506453/audio.ogg,ogg,,,,,,
2506607/audio.mp3,mpeg,lame,1105,Lavc57.33,576,0,44100
2506744/audio.ogg,ogg,,,,,,
2506807/audio.ogg,ogg,,,,,,
2508959/audio.ogg,ogg,,,,,,
2509179/audio.mp3,mpeg,lame,1105,LAME3.100,576,1188,44100
2509182/audio.mp3,mpeg,lame,1105,LAME3.100,576,1566,44100
2509312/audio.mp3,mpeg,lame,1105,Lavc62.11,576,768,44100
2509473/audio.ogg,ogg,,,,,,
2509474/audio.mp3,mpeg,lame,1105,LAME3.100,576,840,44100
2509542/audio_01.mp3,mpeg,none,0,,0,0,48000
2510048/audio.ogg,ogg,,,,,,
2510738/audio.ogg,ogg,,,,,,
2511082/audio.mp3,mpeg,lame,1105,LAME3.100,576,1584,48000
2511269/audio.mp3,mpeg,lame,1105,LAME3.100,576,576,48000
2511321/audio.mp3,mpeg,lame,1105,Lavc56.26,576,0,44100
2511397/audio.mp3,mpeg,lame,1105,LAME3.100,576,1063,44100
2511666/audio.mp3,mpeg,lame,1105,LAME3.100,576,1275,48000
2511760/audio.ogg,ogg,,,,,,
2511932/audio.ogg,ogg,,,,,,
2512348/audio.mp3,mpeg,lame,1105,LAME3.100,576,783,48000
2513401/audio.mp3,mpeg,lame,1105,LAME3.100,576,1584,48000
251365/Sentimental Skyscraper.mp3,mpeg,none,0,,0,0,44100
2513755/audio.mp3,mpeg,lame,1105,LAME3.99r,576,1524,44100
2513899/audio.ogg,ogg,,,,,,
2514096/audio.ogg,ogg,,,,,,
2514525/audio.mp3,mpeg,lame,1105,LAME3.100,576,1080,48000
2514545/audio.ogg,ogg,,,,,,
2514857/audio.mp3,mpeg,lame,1105,LAME3.100,576,576,48000
2515207/audio.mp3,mpeg,lame,1105,Lavc58.91,576,1384,44100
2515787/audio.mp3,mpeg,none,0,,0,0,48000
2515927/audio.ogg,ogg,,,,,,
2516285/audio.mp3,mpeg,lame,1105,LAME3.100,576,1676,44100
2516888/audio.ogg,ogg,,,,,,
2516975/audio.mp3,mpeg,lame,1105,LAME3.100,576,576,48000
2517047/audio.ogg,ogg,,,,,,
2518008/audio.mp3,mpeg,lame,1105,Lavc61.19,576,704,44100
2518293/audio.mp3,mpeg,lame,1105,Lavc57.33,576,0,44100
2518613/audio.mp3,mpeg,lame,1105,Lavc60.31,576,1600,44100
2518911/audio.mp3,mpeg,lame,1105,LAME3.100,576,576,44100
2520931/audio.mp3,mpeg,lame,1105,LAME3.100,576,845,44100
2521385/audio.mp3,mpeg,lame,1105,Lavc62.11,576,684,44100
2521501/audio.mp3,mpeg,lame,1105,LAME3.100,576,676,44100
2521712/audio.mp3,mpeg,lame,1105,LAME3.100,576,576,44100
2522324/audio.mp3,mpeg,lame,1105,LAME3.100,576,1176,44100
2522371/audio.mp3,mpeg,none,0,,0,0,44100
2522406/audio.mp3,mpeg,lame,1105,Lavc57.33,576,0,44100
2522417/audio.ogg,ogg,,,,,,
2522815/audio.mp3,mpeg,none,0,,0,0,44100
2523370/audio.mp3,mpeg,lame,1105,Lavc57.33,576,0,44100
2523377/audio.mp3,mpeg,none,0,,0,0,44100
2523383/audio.mp3,mpeg,lame,1105,Lavc57.33,576,0,44100
2523458/audio.mp3,mpeg,lame,1105,Lavc57.33,576,0,44100
2523537/audio.mp3,mpeg,lame,1105,Lavc57.33,576,0,44100
252357/Chinese Restaurant - Memme [Pump it up Prime 2015]HQ.mp3,mpeg,lame,1105,LAME3.99r,576,576,44100
2523660/audio.mp3,mpeg,lame,1105,Lavc61.19,576,576,48000
2523688/audio.mp3,mpeg,lame,1105,Lavc57.33,576,0,44100
2523700/audio.mp3,mpeg,lame,1105,Lavc57.33,576,0,44100
2523771/audio.mp3,mpeg,lame,1105,LAME3.99r,576,856,44100
2523883/audio.mp3,mpeg,lame,1105,Lavc57.33,576,0,48000
2523928/audio.mp3,mpeg,lame,1105,LAME3.100,576,786,44100
2524007/audio.mp3,mpeg,lame,1105,LAME3.100,576,1163,44100
2524447/audio.mp3,mpeg,lame,1105,LAME3.100,576,576,48000
2524546/audio.mp3,mpeg,lame,1105,LAME3.100,576,576,48000
2524611/audio.ogg,ogg,,,,,,
2524635/audio.mp3,mpeg,lame,1105,LAME3.100,576,1617,44100
2524797/audio.ogg,ogg,,,,,,
2525226/audio.mp3,mpeg,lame,1105,Lavc57.33,576,0,48000
2525312/audio.mp3,mpeg,lame,1105,LAME3.100,576,576,44100
2525692/audio.mp3,mpeg,lame,1105,LAME3.99r,576,576,44100
2525813/audio.mp3,mpeg,lame,1105,LAME3.100,576,852,44100
2526405/audio.mp3,mpeg,lame,1105,LAME3.100,576,943,44100
2526770/audio.mp3,mpeg,none,0,,0,0,48000
2526970/audio.mp3,mpeg,lame,1105,Lavc57.33,576,0,44100
2527014/audio.mp3,mpeg,lame,1105,LAME3.100,576,1404,44100
2527220/audio.mp3,mpeg,lame,1105,Lavc57.33,576,0,44100
2527391/audio.mp3,mpeg,lame,1105,LAME3.100,576,1234,44100
2527757/audio.mp3,mpeg,lame,1105,Lavc61.19,576,576,44100
2527825/audio.mp3,mpeg,lame,1105,Lavc57.33,576,0,44100
2527829/audio.mp3,mpeg,xing,0,LAME3.82,0,0,44100
2527897/audio.ogg,ogg,,,,,,
2528018/audio.mp3,mpeg,lame,1105,Lavc57.33,576,0,44100
2528060/audio.mp3,mpeg,lame,1105,Lavc57.33,576,0,44100
2528075/audio.ogg,ogg,,,,,,
2528729/audio.mp3,mpeg,lame,1105,Lavc57.33,576,0,44100
2529021/audio.mp3,mpeg,lame,1105,Lavc57.33,576,0,44100
2529073/audio.mp3,mpeg,lame,1105,Lavc62.11,576,1459,44100
2529434/audio.ogg,ogg,,,,,,
2529640/audio.mp3,mpeg,lame,1105,LAME3.100,576,757,44100
2529695/audio.mp3,mpeg,lame,1105,LAME3.100,576,1584,48000
2529807/Cosmic Kaguya.ogg,ogg,,,,,,
2529925/audio.mp3,mpeg,lame,1105,Lavc57.33,576,0,44100
2529930/audio.ogg,ogg,,,,,,
2530258/audio.mp3,mpeg,lame,1105,Lavc57.33,576,0,44100
2530315/audio.mp3,mpeg,none,0,,0,0,44100
2530520/audio.mp3,mpeg,lame,1105,LAME3.100,576,1608,44100
2530843/audio.mp3,mpeg,lame,1105,LAME3.99r,576,576,44100
2531080/audio.ogg,ogg,,,,,,
2531098/audio.mp3,mpeg,lame,1105,Lavc57.10,576,576,44100
2531219/audio.mp3,mpeg,none,0,,0,0,44100
2531874/audio.ogg,ogg,,,,,,
2532180/audio.mp3,mpeg,lame,1105,Lavc57.33,576,0,48000
2532288/audio.mp3,mpeg,lame,1105,LAME3.100,576,883,44100
253231/Dormir - Une mage blanche [Reflec Beat limelight ORIGINAL SOUNDTRACK].mp3,mpeg,lame,1105,Lavf54.29,576,0,44100
2532655/audio.ogg,ogg,,,,,,
2532676/audio.ogg,ogg,,,,,,
2532856/audio.mp3,mpeg,none,0,,0,0,44100
2533018/audio.ogg,ogg,,,,,,
2533221/audio.mp3,mpeg,lame,1105,Lavc57.33,576,0,44100
2533319/audio.ogg,ogg,,,,,,
2534039/audio.ogg,ogg,,,,,,
2534093/audio.ogg,ogg,,,,,,
2534361/audio.mp3,mpeg,lame,1105,Lavc57.33,576,0,44100
2534445/audio.mp3,mpeg,lame,1105,Lavc57.33,576,0,44100
2534786/audio.mp3,mpeg,lame,1105,Lavc60.6.,576,612,44100
2534821/audio.mp3,mpeg,lame,1105,Lavc57.33,576,0,44100
2535257/audio.mp3,mpeg,lame,1105,Lavc57.33,576,0,44100
2535368/audio.mp3,mpeg,lame,1105,Lavc57.33,576,0,44100
2535552/audio.mp3,mpeg,lame,1105,Lavc57.33,576,0,44100
2535725/audio.mp3,mpeg,lame,1105,Lavc57.33,576,0,44100
2536062/audio.mp3,mpeg,none,0,,0,0,48000
2536605/audio.mp3,mpeg,lame,1105,Lavc57.33,576,0,44100
2536648/audio.mp3,mpeg,lame,1105,Lavc57.33,576,0,48000
2536810/audio.mp3,mpeg,lame,1105,Lavc57.33,576,0,44100
2537170/audio.mp3,mpeg,lame,1105,LAME3.100,576,1681,48000
2537599/audio.ogg,ogg,,,,,,
2537709/audio.ogg,ogg,,,,,,
2537768/audio.mp3,mpeg,lame,1105,Lavc59.37,576,576,44100
2538293/audio.mp3,mpeg,lame,1105,Lavc57.33,576,0,44100
2538892/audio.ogg,ogg,,,,,,
2538971/audio.mp3,mpeg,lame,1105,Lavc57.33,576,0,48000
2538996/audio.mp3,mpeg,lame,1105,Lavc57.33,576,0,48000
2539338/audio.ogg,ogg,,,,,,
2539345/audio.mp3,mpeg,lame,1105,LAME3.100,576,696,48000
2539608/audio.mp3,mpeg,lame,1105,Lavc57.33,576,0,44100
2539679/audio.mp3,mpeg,lame,1105,LAME3.99r,576,1440,44100
2539716/audio.mp3,mpeg,lame,1105,Lavc59.37,576,913,48000
2539974/audio.mp3,mpeg,lame,1105,LAME3.100,576,808,44100
2540109/audio.mp3,mpeg,lame,1105,LAME3.99r,576,576,44100
2540169/audio.mp3,mpeg,lame,1105,LAME3.100,576,579,44100
2540267/audio.mp3,mpeg,lame,1105,Lavc57.33,576,0,44100
2540707/kimiiro.mp3,mpeg,none,0,,0,0,48000
2540935/audio.mp3,mpeg,lame,1105,Lavc57.33,576,0,44100
2541052/audio.mp3,mpeg,lame,1105,LAME3.100,576,576,44100
2541183/audio.mp3,mpeg,lame,1105,Lavc57.33,576,0,48000
2541305/audio.ogg,ogg,,,,,,
2541937/audio.mp3,mpeg,lame,1105,LAME3.98r,576,1344,48000
2542206/audio.ogg,ogg,,,,,,
2542664/audio.ogg,ogg,,,,,,
2542686/audio.mp3,mpeg,lame,1105,LAME3.100,576,828,44100
2543113/audio.mp3,mpeg,lame,1105,Lavc57.33,576,0,44100
2543185/audio.mp3,mpeg,lame,1105,LAME3.100,576,576,44100
2543543/audio.ogg,ogg,,,,,,
2543656/audio.ogg,ogg,,,,,,
2543663/audio.ogg,ogg,,,,,,
2543797/audio.mp3,mpeg,lame,1105,Lavc57.33,576,0,44100
2544108/audio.mp3,mpeg,lame,1105,LAME3.99r,576,1379,44100
2544540/audio.mp3,mpeg,lame,1105,Lavc57.33,576,0,48000
2545184/audio.mp3,mpeg,lame,1105,Lavc57.33,576,0,48000
2545191/audio.ogg,ogg,,,,,,
2545208/audio.mp3,mpeg,lame,1105,Lavc62.11,576,627,44100
254581/Nightmare - Boulafacet.mp3,mpeg,none,0,,0,0,48000
2548471/audio.ogg,ogg,,,,,,
2548855/audio.mp3,mpeg,xing,0,Lavf,0,0,44100
2549278/audio.mp3,mpeg,lame,1105,Lavc62.11,576,795,44100
2549289/audio.mp3,mpeg,lame,1105,Lavc57.33,576,0,44100
2550171/audio.mp3,mpeg,lame,1105,Lavc57.33,576,0,44100
2551126/audio.mp3,mpeg,lame,1105,Lavc57.33,576,0,44100
2551283/mirai.mp3,mpeg,lame,1105,Lavc62.11,576,1681,44100
2551391/audio.mp3,mpeg,lame,1105,Lavc61.19,576,576,48000
2551467/audio.mp3,mpeg,lame,1105,Lavc59.37,576,900,44100
2552497/audio.mp3,mpeg,lame,1105,LAME3.99r,576,1022,44100
2552559/audio.mp3,mpeg,lame,1105,LAME3.100,576,576,48000
2553092/pururin.mp3,mpeg,lame,1105,LAME3.100,576,597,44100
2553140/audio.mp3,mpeg,lame,1105,Lavc57.33,576,0,48000
2553525/audio.ogg,ogg,,,,,,
2553755/audio.mp3,mpeg,lame,1105,LAME3.99r,576,867,44100
255431/ginkiha - EOS -INFINITE EDIT- [EXH].mp3,mpeg,lame,1105,Lavf55.19,576,0,48000
2554595/audio.mp3,mpeg,lame,1105,Lavc57.33,576,0,44100
2554749/audio.mp3,mpeg,lame,1105,LAME3.100,576,828,44100
2554787/audio.mp3,mpeg,lame,1105,Lavc57.33,576,0,44100
2554830/audio.mp3,mpeg,lame,1105,Lavc61.19,576,1015,44100
2555103/audio full.mp3,mpeg,lame,1105,LAME3.100,576,1044,44100
2555143/audio.mp3,mpeg,lame,1105,Lavc57.33,576,0,48000
2555245/audio.mp3,mpeg,lame,1105,LAME3.100,576,1727,44100
2555375/audio.mp3,mpeg,lame,1105,LAME3.100,576,942,48000
2555395/audio.mp3,mpeg,none,0,,0,0,44100
2555412/audio.mp3,mpeg,lame,1105,Lavc57.33,576,0,44100
2555651/audio.mp3,mpeg,lame,1105,Lavc57.33,576,0,48000
2555699/audio.mp3,mpeg,lame,1105,LAME3.100,576,1191,48000
2555719/audio.mp3,mpeg,lame,1105,Lavc62.29,576,1339,32000
2555754/audio.mp3,mpeg,lame,1105,LAME3.100,576,1501,44100
2555988/audio.mp3,mpeg,lame,1105,Lavc57.33,576,0,44100
2556183/audio.mp3,mpeg,lame,1105,LAME3.100,576,1727,44100
2559426/intro.mp3,mpeg,lame,1105,LAME3.100,576,1404,44100
2559435/audio.ogg,ogg,,,,,,
2559688/audio.mp3,mpeg,lame,1105,Lavc57.33,576,0,48000
2559951/audio.mp3,mpeg,lame,1105,Lavc58.13,576,1600,44100
2560261/audio.ogg,ogg,,,,,,
2560335/audio.ogg,ogg,,,,,,
2560847/audio.ogg,ogg,,,,,,
2561773/audio.mp3,mpeg,lame,1105,LAME3.100,576,1557,44100
2561883/audio.mp3,mpeg,lame,1105,LAME3.100,576,840,44100
2562207/audio.mp3,mpeg,lame,1105,Lavc62.11,576,817,44100
2562340/audio.ogg,ogg,,,,,,
2563643/audio.mp3,mpeg,lame,1105,Lavc58.91,576,576,44100
256365/Absolute Soul.mp3,mpeg,none,0,,0,0,44100
2563805/audio.mp3,mpeg,lame,1105,LAME3.100,576,576,44100
2564470/audio.mp3,mpeg,none,0,,0,0,48000
2564557/audio.mp3,mpeg,lame,1105,LAME3.100,576,1152,44100
256623/OP.mp3,mpeg,lame,1105,LAME3.99r,576,1708,44100
2567115/audio.mp3,mpeg,lame,1105,LAME3.100,576,1453,44100
2567618/audio.ogg,ogg,,,,,,
2568765/audio.ogg,ogg,,,,,,
2569825/gaucho.mp3,mpeg,lame,1105,LAME3.100,576,1492,44100
257325/Absolute Duo ED (Believe x Believe).mp3,mpeg,lame,1105,LAME3.99r,576,576,44100
257351/BRiGHT FLiGHT ( Cut ver. ).mp3,mpeg,none,0,,0,0,44100
2573847/audio.mp3,mpeg,lame,1105,LAME3.100,576,576,48000
2574711/audio.mp3,mpeg,lame,1105,Lavc60.31,576,832,44100
2576176/audio.mp3,mpeg,none,0,,0,0,44100
2576437/audio.mp3,mpeg,lame,1105,Lavc57.33,576,0,44100
2577589/audio.mp3,mpeg,none,0,,0,0,44100
2578511/audio.mp3,mpeg,lame,1105,Lavc57.33,576,0,44100
2578594/audio.mp3,mpeg,lame,1105,LAME3.100,576,576,44100
2578823/audio.mp3,mpeg,lame,1105,Lavc62.16,576,1165,48000
2580819/audio.mp3,mpeg,lame,1105,Lavc57.33,576,0,48000
258097/NATO - Yog Sothoth.mp3,mpeg,lame,1105,LAME3.98r,576,1700,48000
258121/Shanghai Kouchakan ~ Chinese Tea Orchid Remix.mp3,mpeg,none,0,,0,0,44100
2583521/audio.mp3,mpeg,lame,1105,Lavc57.33,576,0,44100
2588771/audio.mp3,mpeg,lame,1105,LAME3.99r,576,684,44100
2589624/audio.ogg,ogg,,,,,,
261911/Blu.mp3,mpeg,none,0,,0,0,44100
263983/Bye Bye ('Kimi to Boku.' Opening Ver.).mp3,mpeg,lame,1105,LAME3.99r,576,801,44100
264127/OKRM.mp3,mpeg,none,0,,0,0,44100
264749/[SDVX II ] Verse IV  [NOFX].mp3,mpeg,xing,0,,0,0,44100
266129/Gavin G - Refresh cut.mp3,mpeg,lame,1105,LAME3.98r,576,1105,44100
271957/L.miranic ( Cut ver. ).mp3,mpeg,lame,1105,LAME3.99r,576,1586,44100
272643/01 HAELEQUIN (Extended ver.).mp3,mpeg,lame,1105,LAME3.99r,576,1152,44100
272785/Celldweller - Pulsar.mp3,mpeg,lame,1105,LAME3.98r,576,648,44100
273267/105 Go Novice Alchemist.mp3,mpeg,lame,1105,LAME3.99r,576,576,44100
273355/Kac.mp3,mpeg,none,0,,0,0,44100
274111/okirre.mp3,mpeg,lame,1105,LAME3.99r,576,1209,44100
275817/Rolling Star.mp3,mpeg,none,0,,0,0,44100
275841/Between August and December [e  OST] - Blow With The Fires.mp3,mpeg,lame,1105,Lavf54.63,576,0,48000
277353/Akito Matsuda - After After.mp3,mpeg,lame,1105,Lavc56.21,576,0,44100
277421/Senbonzakura - Lindsey Stirling.mp3,mpeg,lame,1105,LAME3.99r,576,1660,44100
279063/danger_and_danger.mp3,mpeg,none,0,,0,0,44100
279429/op.mp3,mpeg,lame,1105,Lavf55.33,576,0,44100
283727/Seitokai Yakuindomo op.mp3,mpeg,none,0,,0,0,44100
283841/mp3.mp3,mpeg,lame,1105,Lavf55.19,576,0,44100
284229/DJ Okawari - Canon.mp3,mpeg,none,0,,0,0,44100
284973/KISS KISS KISS MIX.mp3,mpeg,lame,1105,LAME3.98,576,1368,44100
285577/08 MariannE.mp3,mpeg,lame,1105,LAME3.99r,576,576,44100
285730/BlackY's BEATFLOOR - Creutz=Wilknare (short ver.) (1).mp3,mpeg,none,0,,0,0,44100
285795/Cirno Break by Sawawa.mp3,mpeg,lame,1105,LAME3.98r,576,1645,44100
286262/08. Lunatic Rough Party!! (Long Ver.).mp3,mpeg,none,0,,0,0,44100
286309/Dear You.mp3,mpeg,none,0,,0,0,44100
286411/yue_01.mp3,mpeg,none,0,,0,0,44100
287052/Qrispy Joybox - licca.mp3,mpeg,lame,1105,Lavf55.19,576,0,44100
288794/Wheee.mp3,mpeg,none,0,,0,0,44100
290598/Magnetic.mp3,mpeg,none,0,,0,0,44100
291772/LEVEL5 judgelight.mp3,mpeg,lame,1105,LAME3.99,576,700,44100
292558/eclair au chocolat.mp3,mpeg,lame,1105,LAME3.99r,576,576,44100
292936/kuroma - Black Emperor.mp3,mpeg,none,0,,0,0,44100
293130/pochi.mp3,mpeg,lame,1105,LAME3.98r,576,1728,44100
293235/basic.mp3,mpeg,none,0,,0,0,44100
293923/Third Japanese Opening - Season 2 Episode 14 - My Little Pony- Tomodachi wa Mahou.mp3,mpeg,lame,1105,LAME3.99r,576,576,44100
294740/Scattered Rose mp3.mp3,mpeg,none,0,,0,0,44100
295336/03 [192].mp3,mpeg,lame,1105,LAME3.99r,576,576,44100
296478/FLOOR LEGENDS -KAC 2012- - KAC 2012 ULTIMATE MEDLEY -HISTORIA SOUND VOLTEX-.mp3,mpeg,none,0,,0,0,44100
296752/miku 4U.mp3,mpeg,lame,1105,LAME3.99r,576,576,44100
297170/nekopara.mp3,mpeg,lame,1105,LAME3.99r,576,1132,48000
297960/BSPower Explosion1.mp3,mpeg,none,0,,0,0,48000
298006/exh.mp3,mpeg,xing,0,,0,0,44100
298499/Genryuu Kaiko.mp3,mpeg,none,0,,0,0,44100
300599/192 snow storm -euphoria-.mp3,mpeg,none,0,,0,0,44100
301189/DE.mp3,mpeg,none,0,,0,0,44100
301331/Asu no Yozora Shoukaihan.mp3,mpeg,none,0,,0,0,44100
"302693/05 World's End, Girl's Rondo(Asterisk DnB Remix).mp3",mpeg,none,0,,0,0,44100
302726/YellowSmile.mp3,mpeg,lame,1105,LAME3.99r,576,576,44100
303649/Rally Go Round.mp3,mpeg,lame,1105,LAME3.99r,576,576,44100
303998/C18H27NO3.mp3,mpeg,lame,1105,Lavf54.63,576,0,48000
303999/_Dysnomia_7A.mp3,mpeg,lame,1105,LAME3.99r,576,1374,44100
304831/Identity part III.mp3,mpeg,xing,0,,0,0,44100
305110/Otome Ryoran Mai Sakihokore.mp3,mpeg,none,0,,0,0,44100
305187/kimiiro signal.mp3,mpeg,lame,1105,LAME3.99r,576,576,44100
306595/SHOW BY ROCK!!Non Stop!.mp3,mpeg,lame,1105,LAME3.99r,576,576,44100
"307276/[Reflec Beat colette, Jubeat saucer] kors k - Our Faith.mp3",mpeg,lame,1105,Lavf54.63,576,0,44100
307371/furioso melodia.mp3,mpeg,lame,1105,LAME3.99r,576,576,48000
309176/0104.mp3,mpeg,lame,1105,LAME3.99r,576,736,44100
309237/11. Sedap Malam.mp3,mpeg,none,0,,0,0,44100
309328/xi - Hesperides.mp3,mpeg,lame,1105,LAME3.99r,576,1692,44100
309881/goreshit_-_burn_this_moment_into_the_retina_of_my_eye.mp3,mpeg,xing,0,,0,0,44100
310229/08. Deconstruction Star.mp3,mpeg,lame,1105,LAME3.99r,576,576,44100
310607/t+pazolite - Electric Sister Bitch.mp3,mpeg,lame,1105,Lavc56.14,576,0,44100
310656/Kaito.mp3,mpeg,lame,1105,Lavf56.4.,576,0,44100
310793/OP Silhouette.mp3,mpeg,none,0,,0,0,44100
310861/[SDVX--] Hello world! [NOFX].mp3,mpeg,xing,0,,0,0,44100
311403/nora2r - B.B.K.K.B.K.K. (Extended Mix).mp3,mpeg,none,0,,0,0,44100
311458/ginkiha - EOS.mp3,mpeg,none,0,,0,0,44100
313208/Haru Modoki.mp3,mpeg,xing,0,,0,0,44100
313844/gravityfalls.mp3,mpeg,none,0,,0,0,44100
314071/masaka in nightmare inst_01.mp3,mpeg,none,0,,0,0,44100
315350/t.mp3,mpeg,xing,0,,0,0,44100
315435/The Empress.mp3,mpeg,lame,1105,LAME3.99r,576,1487,44100
315793/garasu no sora.mp3,mpeg,lame,1105,LAME3.99r,576,1472,44100
317861/Grimoire of Crimson.mp3,mpeg,lame,1105,Lavf54.63,576,0,48000
319117/28-horrible-heartbeat-stage-5-from-contra.mp3,mpeg,lame,1105,Lavf55.19,576,0,44100
319969/symphony.mp3,mpeg,lame,1105,LAME3.99r,576,1667,44100
320905/SOUND VOLTEX BOOTH - Max Burning!! (NOFX).mp3,mpeg,none,0,,0,0,44100
321428/Tell your world.mp3,mpeg,none,0,,0,0,44100
322428/Rei Yasuda Mirror.mp3,mpeg,lame,1105,Lavf54.63,576,0,48000
322526/Vajra-vajra-.mp3,mpeg,lame,1105,Lavf54.63,576,0,48000
323163/Lifetheory - Daisy...mp3,mpeg,lame,1105,LAME3.99r,576,0,44100
323413/Korekara no Someday by u's.mp3,mpeg,none,0,,0,0,44100
323493/overcomplexification.mp3,mpeg,lame,1105,LAME3.99r,576,730,44100
323988/chant.mp3,mpeg,xing,0,,0,0,44100
324288/anima.mp3,mpeg,none,0,,0,0,32000
324294/nora2r - New World.mp3,mpeg,lame,1105,LAME3.98r,576,1452,44100
324992/Destroy!.mp3,mpeg,none,0,,0,0,44100
325566/04 - VISION.mp3,mpeg,lame,1105,Lavf55.19,576,0,44100
326079/croiX - TeamGrimoire+Amaneko.mp3,mpeg,lame,1105,LAME3.99r,576,576,44100
326337/Pendulum - Blood Sugar .mp3,mpeg,none,0,,0,0,44100
327114/The Starry true.mp3,mpeg,lame,1105,LAME3.99r,576,576,44100
328356/REDSHiFT Vocaloid Project - Inikah Cinta.mp3,mpeg,lame,1105,LAME3.99r,576,576,44100
329497/UNDEAD+CORPORATION-++feat..mp3,mpeg,lame,1105,Lavf54.32,576,0,44100
329538/bgm_mz_2_03.mp3,mpeg,lame,1105,LAME3.99r,576,991,44100
330461/Sweet Days.mp3,mpeg,lame,1105,LAME3.99r,576,576,44100
331485/Secret arms.mp3,mpeg,xing,0,Lavf,0,0,44100
332130/Yuzuki Yukari - Story In Everlasting Princess.mp3,mpeg,lame,1105,LAME3.99r,576,576,44100
332338/kors k as teranoid - Bad Maniacs.mp3,mpeg,lame,1105,LAME3.99r,576,960,48000
332623/ratsyks.mp3,mpeg,none,0,,0,0,44100
333351/True Story.mp3,mpeg,lame,1105,Lavf55.19,576,0,48000
333398/darkness.mp3,mpeg,xing,0,,0,0,48000
333815/opto.mp3,mpeg,lame,1105,LAME3.99r,576,832,44100
334363/Ascalon4K.mp3,mpeg,lame,1105,Lavf55.19,576,0,44100
335828/True Meaning.mp3,mpeg,none,0,,0,0,44100
336043/katharsis.mp3,mpeg,lame,1105,LAME3.99r,576,1370,44100
337204/jubeat knitY&Co. feat. Karin - Sweet Rain.mp3,mpeg,xing,0,,0,0,44100
339362/jubeat saucer Romancing Layer - TAG.mp3,mpeg,lame,1105,LAME3.99r,576,576,44100
339822/ETIA. - Claiomh Solais.mp3,mpeg,xing,0,,0,0,44100
340297/wa. remixed celas - Gin no Kaze.mp3,mpeg,none,0,,0,0,44100
340430/7!! - Orange.mp3,mpeg,none,0,,0,0,44100
340517/15. S-C-U - Ambitious.mp3,mpeg,lame,1105,LAME3.99r,576,576,44100
340810/BLUE DRAGON.mp3,mpeg,lame,1105,LAME3.99r,576,1440,44100
341573/Charlotte ED 2.mp3,mpeg,xing,0,Lavf55.19,0,0,48000
342327/Next Stop - with you.mp3,mpeg,xing,0,,0,0,44100
343093/Haru Modoki (Asterisk DnB Remix Cut).mp3,mpeg,lame,1105,LAME3.99r,576,1200,44100
343317/Zoku Sayonara Zetsubou Sensei OST - Zetsubou no Minuet.mp3,mpeg,lame,1105,LAME3.99r,576,576,44100
345306/SHION.mp3,mpeg,lame,1105,Lavf55.19,576,0,44100
347453/Figue Folle - Igorrr & Ruby My Dear.mp3,mpeg,none,0,,0,0,44100
347650/typeMARS - Triumph & Regret.mp3,mpeg,lame,1105,LAME3.99r,576,576,44100
347779/Altale.mp3,mpeg,lame,1105,LAME3.99r,576,1080,44100
347890/Seiryu - Time to Air.mp3,mpeg,none,0,,0,0,44100
348498/nameless.mp3,mpeg,lame,1105,Lavc56.38,576,0,44100
349208/riotzz.mp3,mpeg,lame,1105,Lavc56.10,576,0,44100
349345/summer.mp3,mpeg,lame,1105,Lavf54.63,576,0,48000
349561/Nana.mp3,mpeg,lame,1105,LAME3.99r,576,1164,44100
349774/KakushintekiMetamaruphose!.mp3,mpeg,lame,1105,Lavf55.19,576,0,48000
350207/RAN - Dekat di Hati (REDSHiFT Remix).mp3,mpeg,lame,1105,LAME3.99r,576,1479,44100
350484/Daiuchuu Stage.mp3,mpeg,lame,1105,Lavf55.19,576,0,44100
351126/Caladborg - Invoker.mp3,mpeg,none,0,,0,0,44100
351314/audio.mp3,mpeg,lame,1105,LAME3.99r,576,679,44100
351320/over the top.mp3,mpeg,lame,1105,LAME3.99r,576,576,44100
353365/ED.mp3,mpeg,lame,1105,LAME3.99r,576,576,44100
353526/Ray - secret arms.mp3,mpeg,none,0,,0,0,44100
354157/Crow Solace.mp3,mpeg,xing,0,,0,0,44100
354454/[SDVX II --] Our Faith (Faithful MTL Remix) [NOFX].mp3,mpeg,lame,1105,LAME3.99r,576,576,44100
356253/ginkiha - Borealis.mp3,mpeg,lame,1105,LAME3.99r,576,576,44100
356681/Ops-Code -Rapture-.mp3,mpeg,lame,1105,Lavc56.26,576,0,44100
356968/Ayane - Go Love&Peace.mp3,mpeg,lame,1105,Lavf54.29,576,0,44100
357060/Kakuzetsu Thanatos.mp3,mpeg,none,0,,0,0,44100
358334/Soredemo.mp3,mpeg,lame,1105,Lavf54.63,576,0,48000
359023/SHK - Identity part 2.mp3,mpeg,lame,1105,Lavf56.4.,576,0,44100
359196/Sreved.mp3,mpeg,lame,1105,Lavc56.56,576,0,44100
359385/Brilliant Colors.mp3,mpeg,lame,1105,LAME3.99r,576,576,44100
360565/shousitu.mp3,mpeg,xing,0,,0,0,44100
360726/[Korean Cover]SeeU - The upper register test.mp3,mpeg,none,0,,0,0,44100
360918/Jitsu wa Watashi wa Ending.mp3,mpeg,xing,0,,0,0,44100
361016/Soutaisei VISION.mp3,mpeg,lame,1105,LAME3.99r,576,576,44100
361050/L.E.D. - KAIROS IN THE SPACE TIME.mp3,mpeg,none,0,,0,0,44100
361117/-Primary-yuiko-in the Garden-------.mp3,mpeg,xing,0,,0,0,44100
361535/GATE.mp3,mpeg,none,0,,0,0,44100
362395/Installation.mp3,mpeg,none,0,,0,0,44100
362534/Gundorada Workshop.mp3,mpeg,lame,1105,LAME3.98r,576,1728,44100
363594/KHK.mp3,mpeg,lame,1105,Lavf55.7.,576,0,48000
363919/2 MINUTES FIGHTERS.mp3,mpeg,xing,0,,0,0,44100
364159/ED.mp3,mpeg,lame,1105,LAME3.99r,576,1392,44100
364958/Qrispy_Joybox_-cloche.mp3,mpeg,lame,1105,LAME3.99r,576,576,44100
365534/176 - ikazuchi.mp3,mpeg,lame,1105,LAME3.99r,576,576,44100
365702/audio.ogg,ogg,,,,,,
365790/Nihil Kagura.mp3,mpeg,lame,1105,Lavf54.63,576,0,48000
366126/PUPA.mp3,mpeg,lame,1105,Lavf55.19,576,0,44100
366362/Arianrhod.mp3,mpeg,none,0,,0,0,44100
367484/Diceros Bicornis - Innocent Tempest.mp3,mpeg,xing,0,,0,0,44100
368064/03 Pierce The Veil - A Match Into Water.mp3,mpeg,none,0,,0,0,44100
368331/Ryu feat.Mayumi Morinaga - Din Don Dan.MP3,mpeg,none,0,,0,0,44100
368451/Trickl4sh 220-.mp3,mpeg,none,0,,0,0,44100
370502/Yumemiru! Shinjiru! Mirai Kanaete! - MLP FiM Japanese OP 3 - ! ! !.mp3,mpeg,none,0,,0,0,44100
370950/Krowia Piosenka.mp3,mpeg,none,0,,0,0,48000
371237/Ryu - Yukizukiyo.mp3,mpeg,none,0,,0,0,44100
372359/wtf.mp3,mpeg,none,0,,0,0,44100
375365/na-op.mp3,mpeg,none,0,,0,0,48000
375607/[SDVX]  [NOFX].mp3,mpeg,lame,1105,Lavc57.34,576,0,48000
376340/Critical Crystal.mp3,mpeg,none,0,,0,0,44100
377004/Kaneko Chiharu - Yukionna.mp3,mpeg,lame,1105,LAME3.99r,576,576,44100
378705/Imprinting.MP3,mpeg,none,0,,0,0,44100
379028/XYZ.mp3,mpeg,lame,1105,LAME3.98r,576,2087,48000
379430/Hanabi.mp3,mpeg,none,0,,0,0,44100
380680/After Burner.mp3,mpeg,lame,1105,LAME3.99r,576,576,44100
380740/Eisou Youga ~Meikyou Shisui~.mp3,mpeg,none,0,,0,0,44100
381334/Our Journey And Epilogue.mp3,mpeg,lame,1105,LAME3.99r,576,576,44100
381397/ginkiha - Anemoi.mp3,mpeg,lame,1105,Lavf54.63,576,0,48000
382365/bgm.mp3,mpeg,none,0,,0,0,44100
382403/PxLight - Gekkou Ranbu.mp3,mpeg,none,0,,0,0,44100
382668/light.mp3,mpeg,xing,0,,0,0,44100
383929/Belly Flopper.mp3,mpeg,lame,1105,Lavf54.63,576,0,48000
385444/eastwards.mp3,mpeg,lame,1105,LAME3.99r,576,576,44100
386415/Myosotis.mp3,mpeg,none,0,,0,0,32000
386950/Team Grimoire - G1ll35 d3 R415.mp3,mpeg,lame,1105,Lavc57.12,576,0,44100
387756/MariannE-Yooh.mp3,mpeg,xing,0,,0,0,44100
388162/NIRVANA.mp3,mpeg,none,0,,0,0,44100
393419/DJ TOTTO & Qrispy Joybox - Curtain Call Memories.mp3,mpeg,none,0,,0,0,44100
395250/blade.mp3,mpeg,xing,0,,0,0,44100
397784/The Hypocrisy.mp3,mpeg,lame,1105,LAME3.99r,576,1529,44100
398366/Deadmau5 - Orange File.mp3,mpeg,lame,1105,LAME3.98r,576,1728,44100
398656/ELPIS.mp3,mpeg,lame,1105,LAME3.99r,576,576,44100
398924/Iguchi Yuka - Kaga Misaki.mp3,mpeg,none,0,,0,0,44100
399702/nao - Dimension tripper!!!!.mp3,mpeg,lame,1105,Lavf55.1.,576,0,44100
400351/Dreadnought.mp3,mpeg,lame,1105,LAME3.99r,576,576,44100
404318/Waterflame - Electroman adventures.mp3,mpeg,lame,1105,LAME3.98r,576,1728,44100
405051/MEMERYUU KAIKO.mp3,mpeg,none,0,,0,0,44100
405221/MitiS - Movements.mp3,mpeg,xing,0,,0,0,44100
406858/02._Future_style.ogg,ogg,,,,,,
407186/R4V3 B0Y - S3RL Feat Krystal.mp3,mpeg,xing,0,LAME3.99r,0,0,44100
407237/Gabba Front Berlin - Lacrima Mosa Est!.mp3,mpeg,none,0,,0,0,44100
407447/Space Time (Amane Hardcore Remix).mp3,mpeg,none,0,,0,0,48000
409025/If You Can't Hang.mp3,mpeg,none,0,,0,0,44100
409152/100-200-400+-+Fascination+MAXX+(HQ).mp3,mpeg,lame,1105,Lavc56.26,576,0,44100
410466/ed.mp3,mpeg,lame,1105,LAME3.99r,576,1430,44100
411866/REANIMATE.mp3,mpeg,none,0,,0,0,44100
412353/What You've Optimised (Original Mix).mp3,mpeg,lame,1105,LAME3.99r,576,576,48000
412632/P-Light - YELLOW SPLASH!!.mp3,mpeg,none,0,,0,0,44100
413761/Girl meets Love.mp3,mpeg,none,0,,0,0,44100
414856/SDVX_III_Never_Ending_NOFX.mp3,mpeg,lame,1105,LAME3.99r,576,576,44100
415560/mp3.mp3,mpeg,none,0,,0,0,44100
415886/lachryma.mp3,mpeg,xing,0,,0,0,44100
416020/YUKARI.mp3,mpeg,none,0,,0,0,44100
418097/Exhibition Match Perfect Version.mp3,mpeg,lame,1105,LAME3.99r,576,744,44100
418942/audio.mp3,mpeg,lame,1105,LAME3.99r,576,576,44100
419012/Chrisye - Cintaku (REDSHiFT Remix).mp3,mpeg,lame,1105,Lavc60.3.,576,576,44100
419697/Beautiful Dream.mp3,mpeg,lame,1105,LAME3.99r,576,776,44100
420394/End to end.mp3,mpeg,lame,1105,Lavc56.26,576,0,44100
421341/miragecoordinator.mp3,mpeg,none,0,,0,0,44100
421497/audio.mp3,mpeg,xing,0,,0,0,44100
421518/07 - Heart's All Gone.mp3,mpeg,none,0,,0,0,44100
422313/audio.mp3,mpeg,none,0,,0,0,44100
424743/audio.mp3,mpeg,lame,1105,Lavf56.4.,576,0,44100
424754/Todestrieb.mp3,mpeg,none,0,,0,0,44100
426638/I_leaf.mp3,mpeg,none,0,,0,0,44100
426743/audio.mp3,mpeg,lame,1105,LAME3.99r,576,576,48000
427284/audio.mp3,mpeg,lame,1105,LAME3.96r,576,1728,44100
427559/sayang.mp3,mpeg,lame,1105,LAME3.99r,576,1151,44100
428023/ginkiha - Fading Star (banshi-remix).mp3,mpeg,lame,1105,LAME3.99r,576,576,44100
428509/audio.mp3,mpeg,none,0,,0,0,44100
428822/audio.mp3,mpeg,lame,1105,LAME3.99r,576,576,44100
429664/audio.mp3,mpeg,none,0,,0,0,44100
430151/Over the Starlit sky.mp3,mpeg,lame,1105,LAME3.99r,576,576,44100
430938/audio.mp3,mpeg,lame,1105,Lavc56.26,576,0,44100
432653/Dont let you down.mp3,mpeg,lame,1105,LAME3.99r,576,576,44100
434405/audio.mp3,mpeg,xing,0,,0,0,44100
435430/Brain Power.mp3,mpeg,lame,1105,LAME3.99r,576,1118,44100
436217/audio.mp3,mpeg,none,0,,0,0,44100
436623/Farewell.mp3,mpeg,lame,1105,LAME3.99r,576,1310,44100
436978/mushi.mp3,mpeg,lame,1105,LAME3.99r,576,576,44100
437171/soranosenritsu.mp3,mpeg,lame,1105,LAME3.99r,576,576,44100
437582/audio.mp3,mpeg,lame,1105,LAME3.99r,576,576,44100
437831/Yuyoyuppe - Eternity.mp3,mpeg,xing,0,,0,0,44100
438839/showdown.mp3,mpeg,lame,1105,LAME3.99r,576,1289,44100
440001/Machico - fantastic dreamer (TV-size).mp3,mpeg,lame,1105,LAME3.99r,576,576,44100
440089/192.MP3,mpeg,none,0,,0,0,44100
440508/money.mp3,mpeg,lame,1105,LAME3.99r,576,576,48000
440924/Gekkou Ranbu.mp3,mpeg,xing,0,,0,0,44100
"442691/Zedd,Jon Bellion - Beautiful Now (feat. Jon Bellion).mp3",mpeg,lame,1105,Lavf55.19,576,0,44100
443637/audio.mp3,mpeg,lame,1105,LAME3.99r,576,576,44100
444632/audio.mp3,mpeg,none,0,,0,0,44100
445079/Laplace.mp3,mpeg,lame,1105,Lavf56.4.,576,0,44100
448188/audio.mp3,mpeg,lame,1105,LAME3.99r,576,824,44100
449315/audio.mp3,mpeg,lame,1105,Lavc56.26,576,0,44100
451070/audio.mp3,mpeg,none,0,,0,0,48000
451309/audio.mp3,mpeg,none,0,,0,0,44100
451311/02-tonight_alive-little_lion_man.mp3,mpeg,none,0,,0,0,48000
451567/audio.mp3,mpeg,xing,0,,0,0,44100
453032/CHiCO with HoneyWorks - Koi-iro ni Sake.mp3,mpeg,lame,1105,Lavc57.24,576,0,48000
453378/goreshit-01-the nature of dying.mp3,mpeg,lame,1105,LAME3.96r,576,1728,44100
453960/Yooh - Dignity.mp3,mpeg,lame,1105,Lavf56.4.,576,0,44100
454071/Energy Flower 3007.mp3,mpeg,none,0,,0,0,44100
454494/audio.mp3,mpeg,lame,1105,LAME3.99r,576,576,44100
455164/audio.mp3,mpeg,lame,1105,Lavc56.56,576,0,44100
456709/Vospi - Reverence.mp3,mpeg,lame,1105,LAME3.96r,576,1933,44100
459223/Puppet Theatre of a Twee Box.mp3,mpeg,lame,1105,LAME3.99r,576,576,44100
459516/Mirai e no Resolve.mp3,mpeg,none,0,,0,0,44100
460142/audio.mp3,mpeg,none,0,,0,0,44100
460324/qseun - Dark Flight Dreamer.mp3,mpeg,lame,1105,Lavf55.34,576,0,44100
460679/audio.mp3,mpeg,none,0,,0,0,44100
461946/audio.mp3,mpeg,lame,1105,LAME3.99r,576,604,44100
462232/babi-bibi.mp3,mpeg,lame,1105,Lavf55.19,576,0,48000
463233/Ofuzake Mode.mp3,mpeg,none,0,,0,0,44100
464856/ITSUHA. - SELEN - Reverse World.ogg,ogg,,,,,,
465705/Yokomin feat. Yuzuki Yukari - Proof.mp3,mpeg,lame,1105,LAME3.99r,576,1551,44100
466552/audio.mp3,mpeg,lame,1105,LAME3.99r,576,1032,44100
468213/Marshmello - Alone.mp3,mpeg,lame,1105,LAME3.99r,576,1603,44100
468353/audio.mp3,mpeg,lame,1105,LAME3.98r,576,1098,44100
468634/audio.mp3,mpeg,lame,1105,LAME3.99r,576,576,44100
468778/audio.mp3,mpeg,lame,1105,LAME3.99r,576,576,44100
469334/Kotonoha.mp3,mpeg,lame,1105,LAME3.99r,576,576,44100
469498/audio.mp3,mpeg,lame,1105,Lavf,576,804,44100
472124/sakurak.mp3,mpeg,none,0,,0,0,44100
472269/audio.mp3,mpeg,xing,0,,0,0,44100
473048/nightfall.mp3,mpeg,lame,1105,Lavf54.63,576,0,48000
473736/Airborne Robots.mp3,mpeg,lame,1105,LAME3.99r,576,576,44100
473858/audio.mp3,mpeg,lame,1105,LAME3.98r,576,576,44100
474288/audio.mp3,mpeg,lame,1105,Lavc56.38,576,0,44100
474312/audio.mp3,mpeg,lame,1105,LAME3.100,576,576,44100
474900/Glorious Crown.mp3,mpeg,lame,1105,LAME3.99r,576,576,44100
475591/THH.mp3,mpeg,none,0,,0,0,44100
475698/audio.mp3,mpeg,none,0,,0,0,44100
476221/censored.mp3,mpeg,lame,1105,Lavf55.19,576,0,48000
476394/audio.mp3,mpeg,lame,1105,LAME3.99r,576,576,44100
476565/Ultimate Ascension.mp3,mpeg,xing,0,,0,0,44100
476589/audio.mp3,mpeg,lame,1105,Lavf54.63,576,0,48000
476691/Flower Dance.mp3,mpeg,lame,1105,Lavf55.19,576,0,44100
477058/Slow Motion.mp3,mpeg,none,0,,0,0,48000
478042/audio.mp3,mpeg,lame,1105,LAME3.99r,576,576,44100
478161/audio.mp3,mpeg,lame,1105,LAME3.99a,576,730,44100
478273/audio.mp3,mpeg,none,0,,0,0,44100
478451/Ikenai Borderline.mp3,mpeg,none,0,,0,0,44100
479188/audio.mp3,mpeg,lame,1105,LAME3.99r,576,1043,44100
480298/Mikasa.mp3,mpeg,lame,1105,LAME3.99r,576,605,44100
480769/SOUND HOLIC feat. Nana Takahashi - Wakusei_Lollipop.mp3,mpeg,lame,1105,LAME3.99r,576,576,44100
480904/nonet - Now On Stage!!.mp3,mpeg,none,0,,0,0,44100
480963/audio.mp3,mpeg,none,0,,0,0,44100
481279/audio.mp3,mpeg,lame,1105,Lavc57.16,576,0,44100
481371/audio.mp3,mpeg,xing,0,,0,0,44100
481786/mp3.mp3,mpeg,none,0,,0,0,44100
482242/3210630081.mp3,mpeg,lame,1105,LAME3.100,576,1105,44100
482617/audio.mp3,mpeg,xing,0,,0,0,44100
482869/KISIDA KYODAN & THE AKEBOSI ROCKETS - GATE II ~Sekai o Koete~ (TV-size).mp3,mpeg,lame,1105,LAME3.99r,576,869,44100
483147/audio.mp3,mpeg,lame,1105,Lavc57.44,576,0,48000
484214/Playing with Fire.mp3,mpeg,lame,1105,LAME3.100,576,1456,44100
484327/audio.mp3,mpeg,lame,1105,LAME3.99r,576,1716,44100
484996/audio.mp3,mpeg,none,0,,0,0,44100
485725/Dimension & Arctic Moon & Zedd feat. Foxes - Queensland's (Arctic Moon Mashup).Mp3,mpeg,lame,1105,LAME3.99r,576,576,44100
486123/audio.mp3,mpeg,lame,1105,LAME3.98r,576,1220,44100
487074/Shoujo - Reminiscing.mp3,mpeg,lame,1105,LAME3.99r,576,576,44100
487622/audio.mp3,mpeg,lame,1105,LAME3.99r,576,576,48000
488056/audio.mp3,mpeg,lame,1105,Lavc56.26,576,0,44100
488573/Seasons.mp3,mpeg,none,0,,0,0,44100
489950/audio.mp3,mpeg,lame,1105,Lavf56.4.,576,0,44100
490166/audio.mp3,mpeg,lame,1105,LAME3.99r,576,576,44100
490357/Gokuraku Jodo.mp3,mpeg,lame,1105,Lavc57.24,576,0,44100
490717/STRIP.mp3,mpeg,lame,1105,Lavf54.63,576,0,48000
491454/audio.mp3,mpeg,xing,0,,0,0,44100
491608/Tritonal x Cash Cash - Untouchable (Sacrofiz Remix).mp3,mpeg,lame,1105,LAME3.99r,576,999,44100
491959/Celestial stinger.mp3,mpeg,lame,1105,Lavc56.26,576,0,44100
494699/Yokomin - Colorful Pastel.mp3,mpeg,lame,1105,LAME3.99r,576,576,44100
495539/audio.mp3,mpeg,xing,0,,0,0,44100
495618/audio.mp3,mpeg,xing,0,,0,0,44100
495790/ra'am.mp3,mpeg,lame,1105,LAME3.99r,576,576,44100
497026/audio.mp3,mpeg,xing,0,,0,0,44100
497464/audio.mp3,mpeg,lame,1105,LAME3.99r,576,576,44100
497813/audio.mp3,mpeg,lame,1105,Lavc57.24,576,0,44100
499154/audio.mp3,mpeg,lame,1105,LAME3.99r,576,576,44100
499185/REANIMATE.mp3,mpeg,none,0,,0,0,44100
499643/audio.mp3,mpeg,none,0,,0,0,44100
499781/audio.mp3,mpeg,lame,1105,LAME3.99r,576,784,44100
501057/audio.mp3,mpeg,lame,1105,LAME3.99r,576,1224,44100
501333/audio.mp3,mpeg,lame,1105,Lavc56.26,576,0,44100
501481/neptuneED.mp3,mpeg,none,0,,0,0,44100
501877/audio.mp3,mpeg,none,0,,0,0,44100
506056/Grand_Chariot.mp3,mpeg,lame,1105,LAME3.100,576,1105,44100
506110/PxLight - Storm Buster.mp3,mpeg,none,0,,0,0,48000
507416/audio.mp3,mpeg,lame,1105,LAME3.100,576,1084,44100
507745/audio.mp3,mpeg,lame,1105,Lavc57.16,576,0,44100
508572/Culprate - Finger VIP.mp3,mpeg,none,0,,0,0,44100
508896/TAG - STERLING SILVER.mp3,mpeg,lame,1105,Lavf56.4.,576,0,44100
508929/audio.mp3,mpeg,lame,1105,LAME3.99r,576,691,44100
509270/audio.mp3,mpeg,lame,1105,LAME3.99r,576,833,48000
509624/audio.mp3,mpeg,lame,1105,LAME3.99r,576,576,44100
509694/mp3.mp3,mpeg,lame,1105,SIT4.50.0,576,1690,44100
510218/audio.mp3,mpeg,none,0,,0,0,44100
510666/audio.mp3,mpeg,none,0,,0,0,44100
510768/audio.mp3,mpeg,none,0,,0,0,44100
511125/audio.mp3,mpeg,lame,1105,LAME3.100,576,1105,44100
511435/audio.mp3,mpeg,none,0,,0,0,44100
511480/t+pazolite - Oshama Scramble!.mp3,mpeg,lame,1105,Lavc56.26,576,0,44100
511956/audio.mp3,mpeg,lame,1105,Lavf55.7.,576,0,48000
512408/FIRSTUTAU.mp3,mpeg,none,0,,0,0,44100
513064/audio.mp3,mpeg,xing,0,,0,0,44100
513701/audio.mp3,mpeg,lame,1105,LAME3.99r,576,1105,44100
514440/Marshmello - WaNt U 2.mp3,mpeg,lame,1105,LAME3.99r,576,994,48000
514461/audio.mp3,mpeg,lame,1105,Lavc56.60,576,0,44100
514826/audio.mp3,mpeg,xing,0,,0,0,44100
515178/audio.mp3,mpeg,lame,1105,LAME3.99r,576,576,44100
516638/audio.mp3,mpeg,none,0,,0,0,44100
516824/audio.mp3,mpeg,lame,1105,LAME3.99r,576,576,44100
517979/audio.mp3,mpeg,lame,1105,LAME3.99r,576,576,44100
518266/Helblinde - Memoria (Original Mix).mp3,mpeg,none,0,,0,0,44100
518351/audio.mp3,mpeg,lame,1105,LAME3.99r,576,1631,44100
518660/audio.mp3,mpeg,lame,1105,LAME3.99r,576,576,44100
522660/shelter.mp3,mpeg,lame,1105,LAME3.99r,576,576,44100
522725/audio.mp3,mpeg,none,0,,0,0,44100
523457/audio.mp3,mpeg,lame,1105,Lavc57.48,576,0,44100
524256/audio.mp3,mpeg,xing,0,,0,0,44100
524841/audio.mp3,mpeg,lame,1105,Lavf55.19,576,0,44100
525138/sayonaramemory.mp3,mpeg,none,0,,0,0,44100
525533/Memme - Cherry Blossom.ogg,ogg,,,,,,
526265/audio.mp3,mpeg,lame,1105,Lavc57.34,576,0,48000
527220/audio.mp3,mpeg,xing,0,,0,0,44100
527728/audio.mp3,mpeg,none,0,,0,0,44100
528131/audio.mp3,mpeg,none,0,,0,0,44100
528799/audio.mp3,mpeg,lame,1105,LAME3.99r,576,624,44100
529155/skyshifter.mp3,mpeg,lame,1105,LAME3.99r,576,1433,44100
529574/audio.mp3,mpeg,lame,1105,LAME3.99r,576,576,44100
529708/audio.mp3,mpeg,lame,1105,Lavc56.14,576,0,44100
530201/audio.mp3,mpeg,xing,0,,0,0,44100
530756/audio.mp3,mpeg,lame,1105,LAME3.99r,576,576,44100
531090/C-Show - On the FM.mp3,mpeg,lame,1105,Lavc57.24,576,0,44100
531425/audio.mp3,mpeg,lame,1105,Lavc57.22,576,0,44100
531713/audio.mp3,mpeg,none,0,,0,0,44100
531735/ChouCho - DreamRiser.mp3,mpeg,none,0,,0,0,44100
532375/audio.mp3,mpeg,lame,1105,LAME3.100,576,1352,44100
532594/audio.mp3,mpeg,lame,1105,LAME3.99r,576,576,44100
532917/audio.mp3,mpeg,lame,1105,LAME3.99r,576,1250,44100
533037/audio.mp3,mpeg,none,0,,0,0,44100
533472/audio.mp3,mpeg,lame,1105,LAME3.99r,576,576,44100
537792/audio.mp3,mpeg,none,0,,0,0,44100
537860/audio.mp3,mpeg,none,0,,0,0,44100
538085/Alola.mp3,mpeg,none,0,,0,0,48000
538857/audio.mp3,mpeg,lame,1105,LAME3.99r,576,576,44100
540058/audio.mp3,mpeg,lame,1105,LAME3.99r,576,576,44100
541483/audio.mp3,mpeg,lame,1105,Lavc57.48,576,0,44100
541765/audio.mp3,mpeg,lame,1105,LAME3.99r,576,576,44100
543534/audio.mp3,mpeg,lame,1105,LAME3.99r,576,576,44100
543830/syu.mp3,mpeg,lame,1105,Lavf55.19,576,0,44100
545855/sorahana.mp3,mpeg,none,0,,0,0,44100
546168/audio.mp3,mpeg,lame,1105,LAME3.98r,576,1728,44100
548030/audio.mp3,mpeg,lame,1105,LAME3.99r,576,774,44100
551771/audio.mp3,mpeg,lame,1105,Lavc56.21,576,0,44100
552521/audio.mp3,mpeg,lame,1105,Lavf55.19,576,0,48000
552868/a crowd of rebellion - M1917.mp3,mpeg,lame,1105,LAME3.99r,576,576,44100
553116/Reason of being.mp3,mpeg,none,0,,0,0,44100
553359/audio.ogg,ogg,,,,,,
553390/Ryu Vs. L.E.D.-G - PARADISE LOST.mp3,mpeg,none,0,,0,0,44100
553860/audio.mp3,mpeg,lame,1105,Lavf56.4.,576,0,44100
553866/audio.mp3,mpeg,none,0,,0,0,44100
554880/audio.mp3,mpeg,lame,1105,LAME3.96r,576,1628,44100
555076/audio.mp3,mpeg,none,0,,0,0,44100
555681/audio.mp3,mpeg,lame,1105,LAME3.99r,576,576,44100
557428/audio.mp3,mpeg,lame,1105,LAME3.99r,576,863,44100
560734/Wagamama.mp3,mpeg,lame,1105,LAME3.99r,576,1167,44100
561762/audio.mp3,mpeg,lame,1105,LAME3.99r,576,576,44100
561775/audio.mp3,mpeg,none,0,,0,0,44100
562394/220 - Kumano.mp3,mpeg,lame,1105,LAME3.99r,576,576,44100
562475/audio.mp3,mpeg,lame,1105,LAME3.99r,576,576,44100
562907/audio.mp3,mpeg,lame,1105,LAME3.99r,576,576,44100
563527/audio.mp3,mpeg,xing,0,,0,0,44100
563569/OVERDRIVERS.mp3,mpeg,lame,1105,LAME3.99r,576,576,48000
564014/audio.mp3,mpeg,xing,0,,0,0,44100
565431/ELFERIA.mp3,mpeg,none,0,,0,0,44100
565774/audio.mp3,mpeg,none,0,,0,0,44100
566381/Minus2.mp3,mpeg,lame,1105,Lavc57.24,576,0,44100
567907/audio.mp3,mpeg,lame,1105,LAME3.99r,576,576,44100
569392/audio.mp3,mpeg,lame,1105,LAME3.99r,576,576,44100
569665/audio.mp3,mpeg,lame,1105,LAME3.99r,576,576,48000
569903/audio.mp3,mpeg,lame,1105,Lavc57.24,576,0,44100
570325/bill wurtz - the high class audio.mp3,mpeg,lame,1105,LAME3.99r,576,0,44100
572338/audio.ogg,ogg,,,,,,
572415/audio.mp3,mpeg,none,0,,0,0,44100
572809/gab.mp3,mpeg,lame,1105,LAME3.99r,576,576,44100
572856/audio.mp3,mpeg,none,0,,0,0,48000
573280/audio.mp3,mpeg,lame,1105,Lavc57.48,576,0,44100
573298/BlackY vs. Yooh - Happy Voice.mp3,mpeg,none,0,,0,0,44100
574129/audio.mp3,mpeg,none,0,,0,0,44100
574578/audio.mp3,mpeg,none,0,,0,0,44100
574811/audio.mp3,mpeg,lame,1105,LAME3.99r,576,576,44100
575053/audio.mp3,mpeg,none,0,,0,0,44100
576112/audio.mp3,mpeg,lame,1105,LAME3.99r,576,1156,44100
577563/Angelic Jelly.mp3,mpeg,lame,1105,LAME3.99r,576,1657,44100
580273/audio.mp3,mpeg,lame,1105,LAME3.99r,576,1608,44100
581065/audio.mp3,mpeg,lame,1105,LAME3.99r,576,576,44100
58131/BraniacManiac.mp3,mpeg,lame,1105,LAME3.99r,576,576,44100
581509/audio.mp3,mpeg,none,0,,0,0,44100
581729/audio.mp3,mpeg,lame,1105,LAME3.99r,576,576,44100
582432/japaripa.mp3,mpeg,none,0,,0,0,48000
583943/audio.mp3,mpeg,lame,1105,LAME3.99r,576,1521,44100
584941/baper metal.mp3,mpeg,lame,1105,Lavf55.19,576,0,44100
586296/optc.mp3,mpeg,lame,1105,LAME3.99r,576,870,48000
586696/audio.mp3,mpeg,lame,1105,LAME3.99r,576,1006,44100
586805/audio.mp3,mpeg,lame,1105,LAME3.99r,576,1629,44100
586954/AK x LYNX ft. Veela - Virtual Paradise.mp3,mpeg,lame,1105,LAME3.99r,576,1194,44100
587266/audio.mp3,mpeg,lame,1105,Lavf56.4.,576,0,44100
587269/audio.mp3,mpeg,none,0,,0,0,44100
587439/audio.mp3,mpeg,lame,1105,LAME3.99r,576,0,44100
587904/zzz.mp3,mpeg,lame,1105,LAME3.99r,576,576,44100
588066/audio.mp3,mpeg,none,0,,0,0,44100
588635/audio.mp3,mpeg,lame,1105,Lavc57.48,576,0,44100
589167/audio.mp3,mpeg,lame,1105,LAME3.99r,576,1216,48000
590032/audio.mp3,mpeg,lame,1105,Lavc57.24,576,0,44100
590323/audio.mp3,mpeg,lame,1105,Lavc57.33,576,0,44100
590341/audio.mp3,mpeg,lame,1105,LAME3.99r,576,576,44100
591074/audio.mp3,mpeg,lame,1105,Lavc57.33,576,0,44100
591442/aaa.mp3,mpeg,lame,1105,LAME3.99r,576,576,48000
591660/audio.ogg,ogg,,,,,,
591748/audio.mp3,mpeg,lame,1105,LAME3.99r,576,864,44100
591786/audio.mp3,mpeg,lame,1105,LAME3.99r,576,1238,44100
591904/audio.mp3,mpeg,lame,1105,LAME3.99r,576,576,44100
592272/audio.mp3,mpeg,lame,1105,LAME3.98r,576,1681,44100
592476/audio.mp3,mpeg,lame,1105,LAME3.100,576,1416,44100
594867/audio.mp3,mpeg,lame,1105,LAME3.99r,576,576,44100
594912/Yakusoku.mp3,mpeg,lame,1105,LAME3.99r,576,576,44100
595792/Dive to Blue (short Ver.).mp3,mpeg,none,0,,0,0,44100
595844/audio.mp3,mpeg,lame,1105,LAME3.99r,576,576,44100
597690/Grimm (Kobaryo's FTN-Remix).mp3,mpeg,none,0,,0,0,44100
599960/nao - Toaru.mp3,mpeg,lame,1105,LAME3.100,576,1680,44100
599978/audio.mp3,mpeg,lame,1105,LAME3.99r,576,576,44100
600354/Rock oooooon.mp3,mpeg,lame,1105,LAME3.98r,576,1728,44100
600528/audio.mp3,mpeg,none,0,,0,0,44100
601403/audio.mp3,mpeg,lame,1105,LAME3.99r,576,576,44100
602861/audio.mp3,mpeg,lame,1105,LAME3.99r,576,576,44100
605435/audio.ogg,ogg,,,,,,
606334/audio.mp3,mpeg,lame,1105,Lavf56.4.,576,0,44100
607014/audio2.mp3,mpeg,lame,1105,LAME3.99r,576,576,44100
607139/audio.mp3,mpeg,none,0,,0,0,44100
608271/Yuuki no Pendant.mp3,mpeg,xing,0,,0,0,44100
609806/audio.mp3,mpeg,lame,1105,Lavf56.4.,576,0,44100
609900/audio.mp3,mpeg,lame,1105,Lavc57.48,576,0,44100
610067/Suzuki Konomi - Blow out.mp3,mpeg,lame,1105,LAME3.99r,576,576,44100
610167/audio.mp3,mpeg,none,0,,0,0,44100
610265/audio.mp3,mpeg,lame,1105,LAME3.99r,576,576,44100
610333/adrenalinemp3.mp3,mpeg,lame,1105,Lavc57.81,576,1105,44100
611200/audio.mp3,mpeg,lame,1105,LAME3.99r,576,576,44100
611552/Sanaas & Soleily - Supreme Starbow.mp3,mpeg,lame,1105,Lavc56.26,576,0,44100
612842/audio.mp3,mpeg,none,0,,0,0,44100
613792/audio.mp3,mpeg,none,0,,0,0,44100
614120/audio.mp3,mpeg,lame,1105,LAME3.99r,576,576,44100
614438/syu v2.mp3,mpeg,lame,1105,Lavc57.51,576,0,48000
616149/audio.mp3,mpeg,lame,1105,LAME3.99r,576,1436,44100
616765/audio.mp3,mpeg,lame,1105,LAME3.99r,576,1617,44100
616909/a crowd of rebellion - Rebuild.mp3,mpeg,lame,1105,LAME3.100,576,576,48000
617077/audio.mp3,mpeg,none,0,,0,0,44100
617846/audio.mp3,mpeg,none,0,,0,0,44100
618173/audio.mp3,mpeg,xing,0,,0,0,44100
620764/audio.mp3,mpeg,lame,1105,LAME3.99r,576,576,48000
620806/M2U - Nemesis.mp3,mpeg,none,0,,0,0,48000
621593/Silent Siren - Hachigatsu no Yoru.mp3,mpeg,lame,1105,LAME3.99r,576,965,44100
622417/audio.mp3,mpeg,lame,1105,Lavc57.33,576,0,44100
622946/audio (cut by A r M i N).mp3,mpeg,lame,1105,LAME3.99r,576,628,44100
623502/audio.mp3,mpeg,none,0,,0,0,44100
623951/audio.mp3,mpeg,lame,1105,LAME3.99r,576,576,44100
624003/audio.mp3,mpeg,lame,1105,LAME3.99r,576,1484,48000
624059/audio.mp3,mpeg,none,0,,0,0,44100
624069/audio.mp3,mpeg,lame,1105,LAME3.99r,576,576,44100
626034/audio.mp3,mpeg,lame,1105,LAME3.98r,576,2208,48000
626290/Endless Story.mp3,mpeg,none,0,,0,0,44100
626677/the capital city of indonesia is jakarta.mp3,mpeg,lame,1105,Lavf55.19,576,0,44100
628390/audio.mp3,mpeg,lame,1105,LAME3.99r,576,1282,44100
629560/Melody flag aaa.mp3,mpeg,none,0,,0,0,44100
629575/audio.mp3,mpeg,lame,1105,Lavc57.33,576,0,44100
629994/optc.ogg,ogg,,,,,,
63089/bgm-4hd.mp3,mpeg,none,0,,0,0,44100
63089/bgm-4mx.mp3,mpeg,none,0,,0,0,44100
63089/bgm-4nm.mp3,mpeg,none,0,,0,0,44100
631143/audio.mp3,mpeg,none,0,,0,0,44100
631624/audio.mp3,mpeg,lame,1105,LAME3.99r,576,576,48000
633186/audio.mp3,mpeg,none,0,,0,0,32000
633309/kue lumpur.mp3,mpeg,lame,1105,Lavf55.19,576,0,44100
633655/audio.ogg,ogg,,,,,,
634241/audio.mp3,mpeg,lame,1105,LAME3.100,576,717,44100
634468/audio.ogg,ogg,,,,,,
635897/audio.mp3,mpeg,none,0,,0,0,44100
636160/sweet witch girl.mp3,mpeg,lame,1105,Lavc58.54,576,1468,44100
636272/Marigold.mp3,mpeg,lame,1105,LAME3.99r,576,912,44100
636959/audio.ogg,ogg,,,,,,
637240/audio.mp3,mpeg,lame,1105,Lavc56.14,576,0,44100
637917/Alone.mp3,mpeg,lame,1105,LAME3.99r,576,576,44100
638263/audio.mp3,mpeg,lame,1105,Lavc57.16,576,0,44100
638795/audio.mp3,mpeg,lame,1105,LAME3.98r,576,1980,44100
639057/audio.mp3,mpeg,lame,1105,Lavc57.64,576,1600,44100
639358/audio.mp3,mpeg,none,0,,0,0,44100
639494/audio.mp3,mpeg,lame,1105,LAME3.100,576,1126,44100
639660/Mama.mp3,mpeg,none,0,,0,0,44100
639906/audio.mp3,mpeg,lame,1105,LAME3.99r,576,576,44100
642457/bacot.mp3,wav,,,,,,
642684/audio.mp3,mpeg,none,0,,0,0,44100
643857/audio.mp3,mpeg,none,0,,0,0,44100
647137/audio.mp3,mpeg,lame,1105,LAME3.99r,576,576,44100
648170/audio.mp3,mpeg,lame,1105,LAME3.99r,576,1413,48000
649306/audio.mp3,mpeg,lame,1105,LAME3.99r,576,0,44100
649929/audio.mp3,mpeg,none,0,,0,0,44100
650415/audio.mp3,mpeg,lame,1105,Lavc56.26,576,0,44100
652582/Friends.mp3,mpeg,lame,1105,LAME3.99r,576,576,44100
653414/audio.mp3,mpeg,xing,0,Lavf,0,0,44100
653740/audio.mp3,mpeg,lame,1105,Lavc56.26,576,0,44100
657204/audio.ogg,ogg,,,,,,
657205/audio.mp3,mpeg,lame,1105,LAME3.99r,576,576,48000
657533/audio.mp3,mpeg,lame,1105,Lavc58.18,576,1272,44100
657834/Abyss Of The Darkness (cut).mp3,mpeg,lame,1105,LAME3.99r,576,577,44100
65847/Toki wo Kizamu Uta  -Trance Arrange-.mp3,mpeg,none,0,,0,0,44100
661920/audio.mp3,mpeg,lame,1105,LAME3.99r,576,576,48000
663098/audio.mp3,mpeg,lame,1105,LAME3.99r,576,576,44100
663499/Niflheimr.mp3,mpeg,lame,1105,Lavf55.19,576,0,44100
664924/Navernopotomuchto.mp3,mpeg,lame,1105,Lavc57.48,576,0,48000
665131/audio.mp3,mpeg,lame,1105,LAME3.99r,576,1147,44100
665463/audio.mp3,mpeg,lame,1105,Lavc56.21,576,0,44100
666119/Crow's Ghost.mp3,mpeg,none,0,,0,0,44100
666169/audio.mp3,mpeg,lame,1105,LAME3.99r,576,576,44100
666454/audio.mp3,mpeg,lame,1105,LAME3.100,576,576,44100
666740/audio.mp3,mpeg,none,0,,0,0,44100
667246/audio.mp3,mpeg,lame,1105,Lavc57.33,576,0,44100
668691/audio.mp3,mpeg,lame,1105,LAME3.99r,576,895,44100
672250/audio.mp3,mpeg,lame,1105,LAME3.99r,576,576,44100
675074/audio.mp3,mpeg,lame,1105,LAME3.99r,576,576,44100
675615/audio.mp3,mpeg,lame,1105,LAME3.99r,576,576,44100
677755/audio.mp3,mpeg,lame,1105,LAME3.99r,576,576,44100
677891/30-war.mp3,mpeg,lame,1105,LAME3.99r,576,576,44100
677924/audio.mp3,mpeg,none,0,,0,0,48000
678182/Myosotis no hanataba.mp3,mpeg,xing,0,,0,0,44100
678415/audio.mp3,mpeg,none,0,,0,0,44100
678723/Luna Dial.mp3,mpeg,none,0,,0,0,44100
680986/audio.mp3,mpeg,lame,1105,LAME3.100,576,1314,44100
682351/audio.mp3,mpeg,lame,1105,LAME3.99r,576,576,44100
682520/audio.mp3,mpeg,lame,1105,LAME3.99r,576,576,44100
682615/audio.mp3,mpeg,lame,1105,LAME3.99r,576,792,44100
682665/popu.mp3,mpeg,none,0,,0,0,44100
683691/audio.mp3,mpeg,lame,1105,Lavf54.63,576,0,48000
684428/audio.mp3,mpeg,lame,1105,Lavc57.48,576,0,44100
685008/audio.mp3,mpeg,lame,1105,Lavc57.34,576,0,44100
685580/audio.mp3,mpeg,lame,1105,Lavc57.89,576,576,44100
686545/audio.mp3,mpeg,none,0,,0,0,44100
687369/Interlude.mp3,mpeg,lame,1105,LAME3.99r,576,576,44100
688453/audio.mp3,mpeg,none,0,,0,0,44100
688459/debug.mp3,mpeg,none,0,,0,0,44100
689134/audio.mp3,mpeg,lame,1105,LAME3.99r,576,1648,44100
690240/Blend A - Bon Appetit S.mp3,mpeg,none,0,,0,0,44100
690530/Arranged by Qrispy Joybox - Native faith.mp3,mpeg,lame,1105,Lavf55.19,576,0,44100
691012/audio.mp3,mpeg,none,0,,0,0,44100
692322/audio.mp3,mpeg,lame,1105,LAME3.99r,576,576,44100
692910/audio.mp3,mpeg,none,0,,0,0,44100
694349/audio.mp3,mpeg,lame,1105,Lavc57.10,576,1106,44100
695418/audio.mp3,mpeg,none,0,,0,0,44100
696380/audio.mp3,mpeg,lame,1105,Lavc57.89,576,1600,44100
698562/audio.mp3,mpeg,lame,1105,Lavc57.48,576,0,44100
698840/&z.mp3,mpeg,lame,1105,Lavf54.63,576,0,48000
698914/audio.mp3,mpeg,lame,1105,LAME3.99r,576,1644,44100
699171/audio.mp3,mpeg,lame,1105,Lavc56.26,576,0,44100
699203/isuzu.mp3,mpeg,lame,1105,Lavc57.48,576,0,48000
699794/audio.mp3,mpeg,lame,1105,LAME3.99r,576,955,44100
700493/audio.mp3,mpeg,lame,1105,Lavc56.38,576,0,44100
701369/audio.mp3,mpeg,lame,1105,Lavc56.38,576,0,48000
702559/trappola.mp3,mpeg,lame,1105,Lavc57.48,576,0,44100
702775/audio.mp3,mpeg,lame,1105,LAME3.100,576,1404,44100
703670/audio.mp3,mpeg,none,0,,0,0,44100
703960/audio.mp3,mpeg,lame,1105,Lavc56.14,576,0,44100
704987/U.T.D.  Friends - Lesson by DJ (HQ).mp3,mpeg,none,0,,0,0,44100
705394/audio.mp3,mpeg,lame,1105,Lavc57.48,576,0,44100
705668/audio.mp3,mpeg,lame,1105,LAME3.99r,576,576,44100
706478/audio.mp3,mpeg,lame,1105,LAME3.99r,576,1500,44100
707133/audio.mp3,mpeg,lame,1105,LAME3.99r,576,943,48000
707164/audio.mp3,mpeg,none,0,,0,0,44100
710179/audio.mp3,mpeg,lame,1105,LAME3.100,576,1344,48000
711091/audio.mp3,mpeg,none,0,,0,0,44100
712414/Crystal World.mp3,mpeg,none,0,,0,0,44100
713930/audio.mp3,mpeg,lame,1105,LAME3.99r,576,1149,44100
715728/audio.mp3,mpeg,none,0,,0,0,44100
717251/audio.mp3,mpeg,lame,1105,LAME3.99r,576,576,44100
717834/audio.mp3,mpeg,lame,1105,LAME3.99r,576,576,44100
717981/audio.mp3,mpeg,lame,1105,LAME3.99r,576,882,44100
718316/audio.mp3,mpeg,lame,1105,LAME3.99r,576,970,44100
718691/audio.mp3,mpeg,lame,1105,LAME3.99r,576,576,44100
719520/audio.mp3,mpeg,lame,1105,LAME3.99r,576,1415,44100
723633/audio.mp3,mpeg,lame,1105,LAME3.99r,576,1290,44100
724033/KtB2.mp3,mpeg,none,0,,0,0,44100
726545/audio.mp3,mpeg,lame,1105,LAME3.99r,576,768,48000
727348/Paranoid Lost-Halozy.mp3,mpeg,lame,1105,Lavc57.48,576,0,44100
727417/audio.ogg,ogg,,,,,,
727784/audio.mp3,mpeg,lame,1105,Lavc57.89,576,576,44100
728977/Horang Pungryuga.mp3,mpeg,none,0,,0,0,44100
730034/audio.mp3,mpeg,lame,1105,LAME3.99r,576,765,44100
730295/cYsmix - Classic Pursuit.mp3,mpeg,lame,1105,LAME3.100,576,576,44100
731196/Re-Sublimity.mp3,mpeg,none,0,,0,0,44100
733774/pink.mp3,mpeg,lame,1105,Lavc59.18,576,1509,44100
734969/choco planet.mp3,mpeg,xing,0,,0,0,44100
734972/Audio.mp3,mpeg,none,0,,0,0,44100
737273/Yggdrasil.mp3,mpeg,lame,1105,Lavc57.24,576,0,44100
738673/audio.mp3,mpeg,none,0,,0,0,44100
741207/audio.mp3,mpeg,lame,1105,LAME3.99r,576,1714,44100
742228/audio.mp3,mpeg,none,0,,0,0,44100
742288/audio.mp3,mpeg,lame,1105,LAME3.99r,576,576,44100
743090/Lightning.mp3,mpeg,lame,1105,Lavc57.48,576,0,48000
746380/audio.MP3,mpeg,lame,1105,LAME3.100,576,1080,44100
746817/audio.mp3,mpeg,none,0,,0,0,44100
749557/This game.mp3,mpeg,lame,1105,LAME3.99r,576,576,48000
751553/audio.mp3,mpeg,none,0,,0,0,44100
755101/audio.mp3,mpeg,lame,1105,Lavc57.99,576,1681,44100
755579/audio.mp3,mpeg,lame,1105,Lavc57.48,576,0,44100
757340/drizzlingsun.mp3,mpeg,lame,1105,Lavc60.3.,576,1000,44100
762953/audio.mp3,mpeg,lame,1105,Lavc57.48,576,0,44100
764123/audio.mp3,mpeg,lame,1105,LAME3.99r,576,576,44100
765055/audio.mp3,mpeg,lame,1105,LAME3.99r,576,576,44100
770829/audio.mp3,mpeg,lame,1105,Lavf54.63,576,0,48000
772809/audio.mp3,mpeg,lame,1105,LAME3.99r,576,576,44100
773502/audio.mp3,mpeg,lame,1105,LAME3.99r,576,576,44100
775728/audio.mp3,mpeg,lame,1105,LAME3.100,576,1164,44100
775977/audio.mp3,mpeg,lame,1105,LAME3.99r,576,576,44100
77753/tutorial.mp3,mpeg,none,0,,0,0,44100
777881/audio.mp3,mpeg,xing,0,Lavf54.63,0,0,44100
778698/hayyyy (1).mp3,mpeg,lame,1105,Lavc57.10,576,576,44100
778969/audio.mp3,mpeg,lame,1105,LAME3.99r,576,576,44100
779332/audio.mp3,mpeg,none,0,,0,0,44100
779472/audio.mp3,mpeg,none,0,,0,0,44100
779906/audio.mp3,mpeg,lame,1105,LAME3.99r,576,576,44100
780992/audio.mp3,mpeg,none,0,,0,0,44100
781373/audio.mp3,mpeg,lame,1105,LAME3.99r,576,885,44100
782749/audio.mp3,mpeg,none,0,,0,0,44100
785222/audio.mp3,mpeg,lame,1105,LAME3.99r,576,1205,48000
785871/audio.mp3,mpeg,lame,1105,LAME3.99r,576,576,48000
788001/audio.mp3,mpeg,lame,1105,Lavc57.33,576,0,44100
788120/Xp.mp3,mpeg,lame,1105,LAME3.100,576,1032,44100
788366/audio.mp3,mpeg,lame,1105,LAME3.99r,576,692,44100
789926/audio.mp3,mpeg,none,0,,0,0,48000
79038/ALTIMA - Burst The Gravity.mp3,mpeg,none,0,,0,0,44100
791316/audio.mp3,mpeg,lame,1105,LAME3.99r,576,576,44100
791866/audio.mp3,mpeg,lame,1105,Lavc57.48,576,0,44100
794264/audio.mp3,mpeg,none,0,,0,0,44100
794314/audio.mp3,mpeg,lame,1105,LAME3.99r,576,1592,44100
795112/Laur - Cyber Attack.mp3,mpeg,lame,1105,LAME3.100,576,576,44100
796663/audio.mp3,mpeg,xing,0,,0,0,44100
796928/audio.mp3,mpeg,lame,1105,LAME3.100,576,762,44100
797108/audio.mp3,mpeg,lame,1105,LAME3.99r,576,576,44100
799580/audio.mp3,mpeg,lame,1105,Lavc58.13,576,720,44100
799781/yooooooo.mp3,mpeg,lame,1105,LAME3.100,576,1681,44100
80018/wuxuanlan.mp3,mpeg,none,0,,0,0,44100
800663/audio.mp3,mpeg,none,0,,0,0,44100
800811/LOCANdy.mp3,mpeg,lame,1105,LAME3.99r,576,651,44100
801161/audio.mp3,mpeg,lame,1105,Lavc57.48,576,0,44100
802390/audio.mp3,mpeg,none,0,,0,0,44100
803018/Shiron + xi - Magical Toy Box.mp3,mpeg,lame,1105,LAME3.99r,576,576,44100
803279/audio.mp3,mpeg,lame,1105,Lavf56.4.,576,0,44100
803488/audio.mp3,mpeg,none,0,,0,0,44100
803902/audio.mp3,mpeg,xing,0,,0,0,44100
804518/audio.mp3,mpeg,none,0,,0,0,44100
805336/audio.mp3,mpeg,lame,1105,Lavc58.13,576,1572,44100
807527/miracle_hinacle.mp3,mpeg,lame,1105,LAME3.99r,576,1158,44100
808703/audio.mp3,mpeg,lame,1105,LAME3.99r,576,576,44100
808872/audio.mp3,mpeg,lame,1105,Lavc57.33,576,0,44100
809078/audio.mp3,mpeg,lame,1105,Lavc57.3.,576,0,44100
809424/audio.mp3,mpeg,none,0,,0,0,44100
809495/audio.mp3,mpeg,lame,1105,LAME3.99r,576,576,44100
810076/Stasis.mp3,mpeg,lame,1105,LAME3.99r,576,774,44100
811431/audio.mp3,mpeg,lame,1105,Lavc57.33,576,0,44100
812008/audio.mp3,mpeg,lame,1105,LAME3.99r,576,576,44100
812418/audio.mp3,mpeg,lame,1105,LAME3.100,576,1706,44100
816211/audio.mp3,mpeg,none,0,,0,0,44100
818752/audio.mp3,mpeg,lame,1105,Lavf55.40,576,0,44100
818926/audio.mp3,mpeg,lame,1105,Lavc57.89,576,576,44100
819153/audio.mp3,mpeg,lame,1105,LAME3.99r,576,576,44100
823631/audio.mp3,mpeg,none,0,,0,0,44100
824258/audio.mp3,mpeg,none,0,,0,0,44100
826088/audio.mp3,mpeg,lame,1105,Lavc58.18,576,576,44100
829207/audio.mp3,mpeg,lame,1105,LAME3.99r,576,576,48000
829383/audio.mp3,mpeg,none,0,,0,0,44100
831522/audio.mp3,mpeg,lame,1105,Lavc57.33,576,0,44100
831569/audio.mp3,mpeg,none,0,,0,0,44100
831653/audio.mp3,mpeg,lame,1105,Lavc57.54,576,0,44100
835111/no_you_dont.ogg,ogg,,,,,,
836072/audio.mp3,mpeg,lame,1105,LAME3.99r,576,1105,44100
838465/audio.mp3,mpeg,lame,1105,LAME3.99r,576,576,44100
838892/TRUE-Soundscape.mp3,mpeg,lame,1105,LAME3.99r,576,1542,44100
839238/audio.mp3,mpeg,lame,1105,LAME3.100,576,708,48000
839243/audio.ogg,ogg,,,,,,
839245/audio.mp3,mpeg,lame,1105,LAME3.99r,576,808,44100
843723/audio.mp3,mpeg,lame,1105,LAME3.99r,576,1404,44100
843804/audio.mp3,mpeg,lame,1105,LAME3.99r,576,576,44100
843916/audio.mp3,mpeg,lame,1105,LAME3.99r,576,576,44100
844183/audio.mp3,mpeg,lame,1105,LAME3.99r,576,1486,44100
844228/audio.mp3,mpeg,lame,1105,LAME3.99r,576,1410,44100
845135/audio.mp3,mpeg,lame,1105,LAME3.98r,576,1374,44100
845859/audio.mp3,mpeg,lame,1105,LAME3.99r,576,576,44100
846536/audio.ogg,ogg,,,,,,
847282/USAO ULTIMATE HYPER MEGA MIX.mp3,mpeg,lame,1105,LAME3.99r,576,1248,44100
847648/audio.ogg,ogg,,,,,,
847807/audio.mp3,mpeg,lame,1105,LAME3.99r,576,1564,44100
850218/audio.mp3,mpeg,lame,1105,LAME3.99r,576,1242,44100
851107/audio.mp3,mpeg,lame,1105,LAME3.99r,576,1140,44100
852093/audio.mp3,mpeg,lame,1105,Lavc56.56,576,0,44100
854292/FIGHT!.mp3,mpeg,none,0,,0,0,44100
854717/audio.mp3,mpeg,lame,1105,Lavf56.4.,576,0,44100
855816/audio.mp3,mpeg,none,0,,0,0,44100
855946/audio.mp3,mpeg,lame,1105,LAME3.99r,576,1309,44100
857153/audio.ogg,ogg,,,,,,
859248/audio.mp3,mpeg,lame,1105,LAME3.99r,576,576,44100
85930/ranman _Piano Version.mp3,mpeg,none,0,,0,0,44100
859797/audio.mp3,mpeg,lame,1105,LAME3.99r,576,1212,44100
860047/audio.mp3,mpeg,none,0,,0,0,48000
860089/audio.mp3,mpeg,lame,1105,LAME3.100,576,1681,44100
860104/Suzuki Konomi - Zenbu Kimi ga Ita Kara Shittanda.mp3,mpeg,lame,1105,LAME3.99r,576,576,48000
861400/audio.mp3,mpeg,none,0,,0,0,44100
861860/audio.mp3,mpeg,lame,1105,Lavc56.38,576,0,44100
861974/audio.mp3,mpeg,lame,1105,LAME3.99r,576,576,44100
862546/Nank04_dragonlady.mp3,mpeg,lame,1105,LAME3.100,576,576,44100
864908/audio.mp3,mpeg,lame,1105,LAME3.99r,576,1104,44100
866661/audio.mp3,mpeg,lame,1105,LAME3.100,576,701,44100
866683/audio.mp3,mpeg,lame,1105,Lavc57.63,576,1212,44100
866848/audio.mp3,mpeg,none,0,,0,0,44100
867026/audio.mp3,mpeg,lame,1105,LAME3.99r,576,576,44100
869321/audio.mp3,mpeg,lame,1105,Lavf54.63,576,0,48000
870244/audio.mp3,mpeg,lame,1105,Lavc57.24,576,0,44100
871715/audio.mp3,mpeg,lame,1105,LAME3.99r,576,1636,44100
872061/audio.mp3,mpeg,lame,1105,Lavf54.63,576,0,48000
872940/audio.ogg,ogg,,,,,,
874390/audio.mp3,mpeg,lame,1105,Lavf54.63,576,0,48000
875024/audio.mp3,mpeg,none,0,,0,0,44100
875415/audio.mp3,mpeg,lame,1105,LAME3.99r,576,1600,48000
875743/audio.mp3,mpeg,lame,1105,LAME3.99r,576,1195,44100
877573/audio.mp3,mpeg,none,0,,0,0,44100
877844/audio.mp3,mpeg,lame,1105,LAME3.99r,576,576,48000
877895/audio.mp3,mpeg,lame,1105,LAME3.100,576,576,44100
878288/audio.mp3,mpeg,lame,1105,Lavc57.48,576,0,44100
878429/mahiru.mp3,mpeg,lame,1105,LAME3.99r,576,1587,44100
878609/audio.mp3,mpeg,lame,1105,LAME3.99r,576,684,44100
882486/audio.mp3,mpeg,lame,1105,LAME3.99r,576,576,44100
882704/audio.mp3,mpeg,none,0,,0,0,44100
882805/audio.mp3,mpeg,lame,1105,LAME3.99r,576,576,44100
882820/tooru.ogg,ogg,,,,,,
884441/audio.mp3,mpeg,lame,1105,LAME3.99r,576,576,44100
884508/audio.mp3,mpeg,lame,1105,Lavc56.21,576,0,44100
884961/Ether Strike.mp3,mpeg,lame,1105,LAME3.99r,576,576,44100
885596/audio.mp3,mpeg,lame,1105,LAME3.100,576,576,44100
885882/audio.mp3,mpeg,none,0,,0,0,44100
886126/audio.mp3,mpeg,none,0,,0,0,48000
886763/ZAQ - BRAVER.mp3,mpeg,lame,1105,LAME3.99r,576,576,44100
887128/audio.mp3,mpeg,lame,1105,LAME3.99r,576,925,44100
887787/audio.mp3,mpeg,lame,1105,LAME3.99r,576,1175,44100
887810/audio.mp3,mpeg,lame,1105,LAME3.99r,576,576,48000
890013/audio.mp3,mpeg,lame,1105,LAME3.99r,576,684,44100
890271/audio.mp3,mpeg,none,0,,0,0,44100
890491/audio.mp3,mpeg,lame,1105,LAME3.99r,576,1578,44100
890867/audio.mp3,mpeg,none,0,,0,0,48000
891958/audio2.mp3,mpeg,none,0,,0,0,44100
892380/audio.mp3,mpeg,lame,1105,LAME3.100,576,576,44100
893195/audio.mp3,mpeg,lame,1105,Lavc57.33,576,0,44100
894666/audio.mp3,mpeg,lame,1105,Lavc57.33,576,0,44100
895601/hangout.mp3,mpeg,lame,1105,Lavc58.18,576,1140,44100
896302/audio.mp3,mpeg,lame,1105,Lavc57.33,576,0,44100
896709/audio.mp3,mpeg,none,0,,0,0,44100
897547/audio.mp3,mpeg,none,0,,0,0,44100
897754/audio.mp3,mpeg,none,0,,0,0,44100
898155/Snail's House - Magical Holiday.mp3,mpeg,lame,1105,LAME3.99r,576,1442,44100
899661/ASCA - RESISTER.mp3,mpeg,none,0,,0,0,48000
905071/audio.mp3,mpeg,lame,1105,LAME3.99r,576,1044,44100
905599/audio.mp3,mpeg,lame,1105,Lavc58.54,576,1681,44100
906073/audio.mp3,mpeg,none,0,,0,0,48000
908415/audio.mp3,mpeg,lame,1105,Lavc56.38,576,0,44100
909666/audio.mp3,mpeg,lame,1105,LAME3.99r,576,1684,44100
910428/audio.mp3,mpeg,lame,1105,Lavc57.89,576,1596,44100
912201/audio.mp3,mpeg,lame,1105,LAME3.100,576,1105,44100
91285/electionangel.mp3,mpeg,lame,1105,LAME3.98r,576,1216,44100
91301/Fantastic Future.mp3,mpeg,lame,1105,LAME3.99r,576,576,44100
913062/audio.mp3,mpeg,lame,1105,LAME3.99r,576,598,44100
913114/audio.mp3,mpeg,none,0,,0,0,44100
914328/audio.mp3,mpeg,lame,1105,Lavf54.63,576,0,48000
914341/FM_Synthesis_Experiment.mp3,mpeg,lame,1105,LAME3.99r,576,1692,44100
914502/audio.mp3,mpeg,lame,1105,LAME3.99r,576,576,48000
915764/audio.mp3,mpeg,lame,1105,LAME3.100,576,576,48000
917906/maremaris.mp3,mpeg,none,0,,0,0,44100
919633/audio.mp3,mpeg,lame,1105,LAME3.99r,576,1203,44100
920688/5.mp3,mpeg,lame,1105,LAME3.100,576,1615,44100
922352/audio.mp3,mpeg,lame,1105,LAME3.100,576,576,44100
922641/audio.mp3,mpeg,xing,0,Lavf,0,0,44100
923488/audio.mp3,mpeg,lame,1105,Lavc57.33,576,0,44100
923851/audio.mp3,mpeg,lame,1105,LAME3.100,576,1105,44100
924800/Lucky Clover.mp3,mpeg,lame,1105,LAME3.99r,576,612,44100
924834/audio.mp3,mpeg,lame,1105,LAME3.100,576,1116,44100
925317/audio.mp3,mpeg,lame,1105,LAME3.99r,576,1560,44100
925325/Helblinde - Helblinde - C204.mp3,mpeg,lame,1105,LAME3.99r,576,1105,44100
927912/audio.mp3,mpeg,lame,1105,LAME3.99r,576,787,44100
928491/audio.mp3,mpeg,lame,1105,Lavc57.33,576,0,44100
929044/audio.mp3,mpeg,lame,1105,Lavc58.91,576,1176,44100
929143/audio.mp3,mpeg,lame,1105,Lavc56.21,576,0,44100
929247/audio.mp3,mpeg,lame,1105,LAME3.100,576,708,44100
930081/audio.mp3,mpeg,lame,1105,LAME3.100,576,576,44100
930264/audio.mp3,mpeg,lame,1105,Lavc57.24,576,0,44100
930717/audio.mp3,mpeg,lame,1105,LAME3.99r,576,576,44100
930775/audio.mp3,mpeg,lame,1105,LAME3.99r,576,1303,44100
930970/audio.mp3,mpeg,lame,1105,LAME3.99r,576,576,44100
932214/audio.mp3,mpeg,lame,1105,Lavc57.33,576,0,44100
932356/audio.mp3,mpeg,lame,1105,LAME3.99r,576,576,44100
932851/wtf.mp3,mpeg,lame,1105,LAME3.99r,576,576,44100
933455/audio.mp3,mpeg,none,0,,0,0,44100
933868/audio.mp3,mpeg,lame,1105,LAME3.100,576,1080,44100
933882/audio.mp3,mpeg,lame,1105,Lavc57.33,576,0,44100
934974/audio.mp3,mpeg,lame,1105,LAME3.99r,576,576,44100
935429/Inori Minase - Heart no Iro.mp3,mpeg,none,0,,0,0,44100
936195/audio.mp3,mpeg,none,0,,0,0,44100
938674/audio.mp3,mpeg,none,0,,0,0,44100
939363/audio.mp3,mpeg,lame,1105,Lavf56.4.,576,0,44100
939798/audio.mp3,mpeg,lame,1105,LAME3.99r,576,576,44100
939960/audio.mp3,mpeg,lame,1105,LAME3.100,576,576,44100
941314/audio.mp3,mpeg,none,0,,0,0,44100
942240/audio.mp3,mpeg,lame,1105,Lavc57.89,576,1356,44100
942796/audio.mp3,mpeg,lame,1105,LAME3.100,576,576,44100
943788/lifeogg.ogg,ogg,,,,,,
945395/audio.mp3,mpeg,lame,1105,LAME3.100,576,576,44100
945496/audio.mp3,mpeg,none,0,,0,0,44100
946394/audio.mp3,mpeg,lame,1105,Lavc57.33,576,0,44100
946991/audio.mp3,mpeg,lame,1105,LAME3.99r,576,576,44100
949106/audio.mp3,mpeg,lame,1105,LAME3.100,576,1698,44100
949521/audio.mp3,mpeg,lame,1105,LAME3.99r,576,1632,48000
949646/Kola Kid-press start.mp3,mpeg,none,0,,0,0,44100
952012/Audio.mp3,mpeg,lame,1105,Lavc58.54,576,576,44100
952619/audio.mp3,mpeg,lame,1105,LAME3.100,576,576,44100
952639/audio.mp3,mpeg,lame,1105,Lavc56.60,576,0,44100
953252/audio.mp3,mpeg,none,0,,0,0,44100
953777/audio.mp3,mpeg,lame,1105,LAME3.99r,576,1102,44100
95635/Wintersun (Bobby D'Ambrosio Mix).mp3,mpeg,none,0,,0,0,44100
957330/audio.mp3,mpeg,lame,1105,LAME3.100,576,1105,44100
958159/audio.mp3,mpeg,lame,1105,LAME3.98r,576,1186,44100
960549/youka.mp3,mpeg,lame,1105,Lavc56.26,576,0,44100
961186/audio.mp3,mpeg,lame,1105,LAME3.100,576,1356,44100
961321/Chroma - Lost Memory.mp3,mpeg,none,0,,0,0,44100
962550/audio.mp3,mpeg,lame,1105,LAME3.100,576,1134,44100
962923/audio.mp3,mpeg,lame,1105,LAME3.99r,576,576,44100
963959/audio.mp3,mpeg,lame,1105,LAME3.99r,576,576,44100
964453/unpred192.mp3,mpeg,lame,1105,LAME3.99r,576,587,44100
965114/Sulyvahn.mp3,mpeg,none,0,,0,0,44100
965664/audio.mp3,mpeg,lame,1105,LAME3.100,576,576,44100
965816/audio.mp3,mpeg,lame,1105,LAME3.99r,576,576,44100
965827/audio.mp3,mpeg,lame,1105,LAME3.99r,576,576,44100
966408/audio.mp3,mpeg,lame,1105,Lavc57.33,576,0,44100
966717/audio.mp3,mpeg,lame,1105,Lavc58.51,576,637,44100
967701/audio.mp3,mpeg,lame,1105,Lavf56.4.,576,0,44100
969195/audio.mp3,mpeg,lame,1105,Lavc58.54,576,1525,44100
969626/Labyrinth_of_Mind.mp3,mpeg,none,0,,0,0,48000
969976/audio.mp3,mpeg,lame,1105,Lavc56.13,576,0,44100
971561/audio.mp3,mpeg,lame,1105,Lavc57.33,576,0,44100
972451/audio.mp3,mpeg,lame,1105,LAME3.99r,576,576,44100
976086/audio.mp3,mpeg,lame,1105,LAME3.99r,576,576,44100
976366/audio.mp3,mpeg,lame,1105,LAME3.100,576,624,44100
977030/LIMBO.ogg,ogg,,,,,,
978702/audio.mp3,mpeg,lame,1105,LAME3.99r,576,1522,48000
981053/audio.mp3,mpeg,lame,1105,LAME3.99r,576,1638,44100
982643/supernuko.mp3,mpeg,lame,1105,LAME3.99r,576,576,44100
983271/audio.mp3,mpeg,lame,1105,Lavc58.51,576,1675,44100
983380/audio.mp3,mpeg,none,0,,0,0,44100
983864/audio.mp3,mpeg,lame,1105,Lavc57.33,576,0,48000
983953/PSYQUI - Education (thank u Peter).mp3,mpeg,lame,1105,LAME3.100,576,576,44100
984149/audio.mp3,mpeg,lame,1105,LAME3.99r,576,576,44100
984247/audio.mp3,mpeg,none,0,,0,0,44100
984737/audio.mp3,mpeg,lame,1105,LAME3.100,576,1507,44100
985172/audio.mp3,mpeg,lame,1105,Lavc57.33,576,0,48000
985765/audio.mp3,mpeg,lame,1105,LAME3.99r,576,576,44100
985872/05 Starlight (feat. Ronnie Atkins).mp3,mpeg,lame,1105,LAME3.99r,576,576,44100
986990/audio.mp3,mpeg,lame,1105,LAME3.100,576,1105,44100
98728/Tamura Yukari ft motsu -  You & Me.MP3,mpeg,none,0,,0,0,44100
988031/audio.mp3,mpeg,lame,1105,Lavc58.53,576,576,44100
988178/audio.mp3,mpeg,lame,1105,Lavc58.19,576,1200,44100
989512/audio.mp3,mpeg,lame,1105,Lavc57.33,576,0,44100
989858/audio.mp3,mpeg,none,0,,0,0,44100
992178/audio.mp3,mpeg,lame,1105,LAME3.99r,576,576,44100
993792/audio.mp3,mpeg,lame,1105,LAME3.100,576,1473,44100
994730/audio.mp3,mpeg,lame,1105,LAME3.100,576,576,44100
995007/audio.mp3,mpeg,lame,1105,LAME3.99r,576,576,44100
995539/audio.mp3,mpeg,lame,1105,Lavc57.33,576,0,44100
997064/audio.mp3,mpeg,lame,1105,LAME3.99r,576,1404,44100
998152/audio.mp3,mpeg,lame,1105,Lavc56.21,576,0,44100
999032/audio.mp3,mpeg,lame,1105,LAME3.99r,576,576,44100
999447/audio.mp3,mpeg,lame,1105,LAME3.99r,576,576,44100
